time;sec;nsec;tag_address;anchor_address;range;receive_power;first_path_power;receive_quality;temperature;voltage;tag_antenna_delay;ground_truth
1516452696.1429;1516452696;142903089;176;177;9.40999984741211;-95.2200012207031;-279.299987792969;-152.979995727539;50.3600006103516;3.28843903541565;16442;8
1516452696.24511;1516452696;245109081;176;177;8.81999969482422;-94.3600006103516;-279.299987792969;-152.979995727539;50.3600006103516;3.28843903541565;16442;8
1516452696.34721;1516452696;347212076;176;177;9.15999984741211;-94.2900009155273;-279.299987792969;-152.979995727539;51.5;2.54277396202087;16442;8
1516452696.44933;1516452696;449330091;176;177;8.86999988555908;-93.8000030517578;-279.299987792969;-152.979995727539;51.5;3.28843903541565;16442;8
1516452696.55142;1516452696;551422119;176;177;9;-95.379997253418;-279.299987792969;-152.979995727539;50.3600006103516;3.28843903541565;16442;8
1516452696.65415;1516452696;654149055;176;177;8.96000003814697;-93.0299987792969;-279.299987792969;-152.979995727539;51.5;3.29421997070312;16442;8
1516452696.7563;1516452696;756299972;176;177;8.77999973297119;-94.9000015258789;-279.299987792969;-152.979995727539;-95.5599975585938;2.54277396202087;16442;8
1516452696.85821;1516452696;858205080;176;177;9.06999969482422;-93.8099975585937;-279.299987792969;-152.979995727539;51.5;3.29421997070312;16442;8
1516452696.96051;1516452696;960513114;176;177;9.10000038146973;-94.9700012207031;-279.299987792969;-152.979995727539;51.5;2.54855489730835;16442;8
1516452697.06273;1516452697;62727928;176;177;9.17000007629395;-94.879997253418;-279.299987792969;-152.979995727539;50.3600006103516;3.29421997070312;16442;8
1516452697.16511;1516452697;165106058;176;177;9.07999992370606;-94.9100036621094;-279.299987792969;-152.979995727539;51.5;3.28843903541565;16442;8
1516452697.26712;1516452697;267117977;176;177;8.96000003814697;-94.6900024414063;-279.299987792969;-152.979995727539;51.5;3.29421997070312;16442;8
1516452697.36935;1516452697;369347095;176;177;8.85999965667725;-93.9700012207031;-279.299987792969;-152.979995727539;51.5;3.29421997070312;16442;8
1516452697.47158;1516452697;471580982;176;177;8.98999977111816;-92.8499984741211;-279.299987792969;-152.979995727539;51.5;3.29421997070312;16442;8
1516452697.57376;1516452697;573764085;176;177;8.89999961853027;-94.4199981689453;-279.299987792969;-152.979995727539;51.5;2.55433511734009;16442;8
1516452697.67604;1516452697;676043987;176;177;9.11999988555908;-94.0599975585937;-279.299987792969;-152.979995727539;51.5;3.28843903541565;16442;8
1516452697.77839;1516452697;778390884;176;177;9.32999992370606;-94.25;-279.299987792969;-152.979995727539;50.3600006103516;3.28843903541565;16442;8
1516452697.88041;1516452697;880412101;176;177;9.01000022888184;-92.9800033569336;-279.299987792969;-152.979995727539;50.3600006103516;3.29421997070312;16442;8
1516452697.98291;1516452697;982908010;176;177;8.97999954223633;-94.6399993896484;-279.299987792969;-152.979995727539;-95.5599975585938;2.54277396202087;16442;8
1516452698.08504;1516452698;85043907;176;177;8.89000034332275;-95.370002746582;-279.299987792969;-152.979995727539;50.3600006103516;3.28843903541565;16442;8
1516452698.28963;1516452698;289628982;176;177;8.89000034332275;-94.9700012207031;-279.299987792969;-152.979995727539;-95.5599975585938;2.54277396202087;16442;8
1516452698.39143;1516452698;391433954;176;177;9.35999965667725;-94.6500015258789;-279.299987792969;-152.979995727539;51.5;3.29421997070312;16442;8
1516452698.49408;1516452698;494077920;176;177;9.53999996185303;-94.870002746582;-279.299987792969;-152.979995727539;-95.5599975585938;2.55433511734009;16442;8
1516452698.59609;1516452698;596090078;176;177;9.22000026702881;-95.1900024414062;-279.299987792969;-152.979995727539;50.3600006103516;3.29421997070312;16442;8
1516452698.69814;1516452698;698139905;176;177;8.9399995803833;-95.4000015258789;-279.299987792969;-152.979995727539;50.3600006103516;3.29421997070312;16442;8
1516452698.80051;1516452698;800504922;176;177;8.96000003814697;-94.9599990844727;-279.299987792969;-152.979995727539;50.3600006103516;3.29421997070312;16442;8
1516452698.90271;1516452698;902704954;176;177;8.89000034332275;-95.1399993896484;-279.299987792969;-152.979995727539;50.3600006103516;3.29421997070312;16442;8
1516452699.00499;1516452699;4988908;176;177;8.9399995803833;-95.2099990844727;-279.299987792969;-152.979995727539;51.5;2.54855489730835;16442;8
1516452699.10717;1516452699;107165098;176;177;8.96000003814697;-94.5800018310547;-279.299987792969;-152.979995727539;51.5;2.54855489730835;16442;8
1516452699.20913;1516452699;209125041;176;177;9;-95.4499969482422;-279.299987792969;-152.979995727539;50.3600006103516;3.28843903541565;16442;8
1516452699.51653;1516452699;516529083;176;177;8.89999961853027;-95.2600021362305;-279.299987792969;-152.979995727539;51.5;3.29421997070312;16442;8
1516452699.6193;1516452699;619304895;176;177;8.82999992370606;-95.4100036621094;-279.299987792969;-152.979995727539;-95.5599975585938;2.55433511734009;16442;8
1516452699.7205;1516452699;720503091;176;177;8.89999961853027;-95.3399963378906;-279.299987792969;-152.979995727539;-95.5599975585938;2.55433511734009;16442;8
1516452699.82272;1516452699;822717905;176;177;8.85999965667725;-95.3600006103516;-279.299987792969;-152.979995727539;50.3600006103516;3.28843903541565;16442;8
1516452699.9248;1516452699;924798965;176;177;8.86999988555908;-95.5400009155273;-279.299987792969;-152.979995727539;51.5;3.28843903541565;16442;8
1516452700.02705;1516452700;27050018;176;177;8.88000011444092;-95.5299987792969;-279.299987792969;-152.979995727539;51.5;3.28843903541565;16442;8
1516452700.12928;1516452700;129276990;176;177;8.92000007629395;-95.5599975585938;-279.299987792969;-152.979995727539;51.5;2.54277396202087;16442;8
1516452700.23144;1516452700;231440067;176;177;8.82999992370606;-95.2799987792969;-279.299987792969;-152.979995727539;51.5;3.29421997070312;16442;8
1516452700.43553;1516452700;435528039;176;177;8.84000015258789;-94.4700012207031;-279.299987792969;-152.979995727539;50.3600006103516;3.29999995231628;16442;8
1516452700.53829;1516452700;538285017;176;177;8.86999988555908;-94.6999969482422;-279.299987792969;-152.979995727539;-95.5599975585938;2.55433511734009;16442;8
1516452700.64026;1516452700;640264034;176;177;8.88000011444092;-95.3000030517578;-279.299987792969;-152.979995727539;51.5;2.54855489730835;16442;8
1516452700.74216;1516452700;742155075;176;177;8.85000038146973;-95.1800003051758;-279.299987792969;-152.979995727539;-95.5599975585938;2.54855489730835;16442;8
1516452700.84503;1516452700;845027923;176;177;8.78999996185303;-95.3199996948242;-279.299987792969;-152.979995727539;-95.5599975585938;2.54277396202087;16442;8
1516452700.94695;1516452700;946949958;176;177;8.84000015258789;-95;-279.299987792969;-152.979995727539;-95.5599975585938;2.54277396202087;16442;8
1516452701.04928;1516452701;49283981;176;177;8.89999961853027;-95.3600006103516;-279.299987792969;-152.979995727539;-95.5599975585938;2.55433511734009;16442;8
1516452701.15176;1516452701;151757001;176;177;8.8100004196167;-94.1900024414062;-279.299987792969;-152.979995727539;-95.5599975585938;2.55433511734009;16442;8
1516452701.25373;1516452701;253729104;176;177;8.8100004196167;-94.7799987792969;-279.299987792969;-152.979995727539;50.3600006103516;3.29421997070312;16442;8
1516452701.35587;1516452701;355870008;176;177;8.80000019073486;-94.9499969482422;-279.299987792969;-152.979995727539;51.5;2.54855489730835;16442;8
1516452701.45824;1516452701;458244085;176;177;8.85000038146973;-94.8000030517578;-279.299987792969;-152.979995727539;-95.5599975585938;2.55433511734009;16442;8
1516452701.56049;1516452701;560484886;176;177;8.89999961853027;-94.4300003051758;-279.299987792969;-152.979995727539;-95.5599975585938;2.54277396202087;16442;8
1516452701.66267;1516452701;662668943;176;177;8.90999984741211;-94.0999984741211;-279.299987792969;-152.979995727539;-95.5599975585938;2.54277396202087;16442;8
1516452701.76467;1516452701;764668941;176;177;8.9399995803833;-93.879997253418;-279.299987792969;-152.979995727539;51.5;3.28843903541565;16442;8
1516452701.86688;1516452701;866874933;176;177;8.93000030517578;-94.0400009155274;-279.299987792969;-152.979995727539;51.5;3.29421997070312;16442;8
1516452701.96948;1516452701;969482898;176;177;8.88000011444092;-94.379997253418;-279.299987792969;-152.979995727539;-95.5599975585938;2.55433511734009;16442;8
1516452702.07178;1516452702;71783065;176;177;8.94999980926514;-93.9700012207031;-279.299987792969;-152.979995727539;-95.5599975585938;2.54277396202087;16442;8
1516452702.17356;1516452702;173563957;176;177;8.97999954223633;-94;-279.299987792969;-152.979995727539;-94.4199981689453;2.54855489730835;16442;8
1516452702.27589;1516452702;275890111;176;177;9.42000007629395;-93.9800033569336;-279.299987792969;-152.979995727539;50.3600006103516;3.29421997070312;16442;8
1516452702.37796;1516452702;377962112;176;177;9.30000019073486;-94.379997253418;-279.299987792969;-152.979995727539;50.3600006103516;3.29421997070312;16442;8
1516452702.58235;1516452702;582350015;176;177;8.89999961853027;-93.9599990844727;-279.299987792969;-152.979995727539;50.3600006103516;3.29421997070312;16442;8
1516452702.68483;1516452702;684825897;176;177;8.9399995803833;-94.7699966430664;-279.299987792969;-152.979995727539;51.5;2.54855489730835;16442;8
1516452702.78701;1516452702;787013053;176;177;8.98999977111816;-94.0599975585937;-279.299987792969;-152.979995727539;50.3600006103516;2.54855489730835;16442;8
1516452702.88922;1516452702;889214992;176;177;9.30000019073486;-94.4400024414063;-279.299987792969;-152.979995727539;-95.5599975585938;2.54277396202087;16442;8
1516452702.99142;1516452702;991420030;176;177;9.21000003814697;-94.4100036621094;-279.299987792969;-152.979995727539;50.3600006103516;3.29421997070312;16442;8
1516452703.29801;1516452703;298013925;176;177;8.96000003814697;-94.6600036621094;-279.299987792969;-152.979995727539;51.5;3.28843903541565;16442;8
1516452703.40048;1516452703;400482892;176;177;8.98999977111816;-95.1600036621094;-279.299987792969;-152.979995727539;-95.5599975585938;2.55433511734009;16442;8
1516452703.50254;1516452703;502535104;176;177;8.97000026702881;-94.3399963378906;-279.299987792969;-152.979995727539;50.3600006103516;3.28843903541565;16442;8
1516452703.6049;1516452703;604902982;176;177;8.86999988555908;-95.0500030517578;-279.299987792969;-152.979995727539;-95.5599975585938;2.54277396202087;16442;8
1516452703.70657;1516452703;706571102;176;177;8.9399995803833;-94.9899978637695;-279.299987792969;-152.979995727539;52.6399993896484;2.54855489730835;16442;8
1516452703.80905;1516452703;809053897;176;177;8.97999954223633;-95.6399993896484;-279.299987792969;-152.979995727539;51.5;3.28265905380249;16442;8
1516452703.91157;1516452703;911569118;176;177;9.09000015258789;-95.1800003051758;-279.299987792969;-152.979995727539;-95.5599975585938;2.54277396202087;16442;8
1516452704.01339;1516452704;13386011;176;177;8.90999984741211;-95.3000030517578;-279.299987792969;-152.979995727539;50.3600006103516;3.29421997070312;16442;8
1516452704.11571;1516452704;115712881;176;177;8.86999988555908;-95.2300033569336;-279.299987792969;-152.979995727539;51.5;3.28843903541565;16442;8
1516452704.21822;1516452704;218216896;176;177;8.97000026702881;-95.0400009155274;-279.299987792969;-152.979995727539;-95.5599975585938;2.55433511734009;16442;8
1516452704.32039;1516452704;320391893;176;177;9.0600004196167;-95.2699966430664;-279.299987792969;-152.979995727539;-95.5599975585938;2.54277396202087;16442;8
1516452704.42261;1516452704;422605037;176;177;9.17000007629395;-94.9300003051758;-279.299987792969;-152.979995727539;50.3600006103516;3.28843903541565;16442;8
1516452704.52491;1516452704;524912118;176;177;8.9399995803833;-95.0800018310547;-279.299987792969;-152.979995727539;-95.5599975585938;2.54277396202087;16442;8
1516452704.72925;1516452704;729254961;176;177;8.96000003814697;-95.5400009155273;-279.299987792969;-152.979995727539;-95.5599975585938;2.54277396202087;16442;8
1516452704.83122;1516452704;831214904;176;177;8.92000007629395;-94.9100036621094;-279.299987792969;-152.979995727539;51.5;3.29421997070312;16442;8
1516452704.9334;1516452704;933402061;176;177;8.85000038146973;-94.9499969482422;-279.299987792969;-152.979995727539;51.5;3.29421997070312;16442;8
1516452705.03563;1516452705;35634994;176;177;8.89999961853027;-94.9199981689453;-279.299987792969;-152.979995727539;50.3600006103516;3.29421997070312;16442;8
1516452705.13796;1516452705;137955904;176;177;8.92000007629395;-95.0699996948242;-279.299987792969;-152.979995727539;51.5;2.55433511734009;16442;8
1516452705.23996;1516452705;239964008;176;177;9.25;-95.1999969482422;-279.299987792969;-152.979995727539;51.5;3.29421997070312;16442;8
1516452705.34258;1516452705;342578887;176;177;8.77000045776367;-94.8499984741211;-279.299987792969;-152.979995727539;-95.5599975585938;2.54277396202087;16442;8
1516452705.44454;1516452705;444535017;176;177;8.9399995803833;-95;-279.299987792969;-152.979995727539;-95.5599975585938;2.54277396202087;16442;8
1516452705.54692;1516452705;546921014;176;177;8.85000038146973;-95.2099990844727;-279.299987792969;-152.979995727539;50.3600006103516;3.28843903541565;16442;8
1516452705.64924;1516452705;649240016;176;177;8.81999969482422;-94.4599990844727;-279.299987792969;-152.979995727539;-93.2799987792969;2.54277396202087;16442;8
1516452705.75063;1516452705;750624895;176;177;8.89999961853027;-94.2300033569336;-279.299987792969;-152.979995727539;51.5;3.29999995231628;16442;8
1516452705.85285;1516452705;852852106;176;177;8.80000019073486;-94.2300033569336;-279.299987792969;-152.979995727539;51.5;3.29999995231628;16442;8
1516452705.95516;1516452705;955163955;176;177;8.84000015258789;-94.7900009155273;-279.299987792969;-152.979995727539;51.5;3.29999995231628;16442;8
1516452706.05813;1516452706;58125972;176;177;8.90999984741211;-95.5500030517578;-279.299987792969;-152.979995727539;-95.5599975585938;2.54277396202087;16442;8
1516452706.16046;1516452706;160460948;176;177;8.82999992370606;-95.8300018310547;-279.299987792969;-152.979995727539;51.5;2.54855489730835;16442;8
1516452706.26249;1516452706;262492895;176;177;8.96000003814697;-95.4400024414062;-279.299987792969;-152.979995727539;-95.5599975585938;2.54277396202087;16442;8
1516452706.36459;1516452706;364589929;176;177;9.32999992370606;-95.9400024414063;-279.299987792969;-152.979995727539;51.5;3.28843903541565;16442;8
1516452706.46694;1516452706;466937065;176;177;8.88000011444092;-95.3899993896484;-279.299987792969;-152.979995727539;-95.5599975585938;2.54277396202087;16442;8
1516452706.56824;1516452706;568236112;176;177;8.80000019073486;-95.0699996948242;-279.299987792969;-152.979995727539;51.5;2.54855489730835;16442;8
1516452706.67113;1516452706;671133995;176;177;8.8100004196167;-94.9899978637695;-279.299987792969;-152.979995727539;51.5;3.29421997070312;16442;8
1516452706.87588;1516452706;875874996;176;177;8.82999992370606;-95.0199966430664;-279.299987792969;-152.979995727539;-95.5599975585938;2.55433511734009;16442;8
1516452706.97741;1516452706;977407932;176;177;8.90999984741211;-95.5500030517578;-279.299987792969;-152.979995727539;50.3600006103516;3.29999995231628;16442;8
1516452707.07969;1516452707;79689979;176;177;8.89000034332275;-95.8300018310547;-279.299987792969;-152.979995727539;50.3600006103516;3.29999995231628;16442;8
1516452707.18228;1516452707;182284116;176;177;9.18000030517578;-93.870002746582;-279.299987792969;-152.979995727539;51.5;3.28843903541565;16442;8
1516452707.28468;1516452707;284676074;176;177;8.77000045776367;-93.6800003051758;-279.299987792969;-152.979995727539;50.3600006103516;3.28843903541565;16442;8
1516452707.38669;1516452707;386688947;176;177;8.84000015258789;-95.1900024414062;-279.299987792969;-152.979995727539;51.5;3.28843903541565;16442;8
1516452707.48916;1516452707;489157915;176;177;9.05000019073486;-95.2600021362305;-279.299987792969;-152.979995727539;-95.5599975585938;2.54277396202087;16442;8
1516452707.59136;1516452707;591358900;176;177;9.0600004196167;-95.4700012207031;-279.299987792969;-152.979995727539;-95.5599975585938;2.55433511734009;16442;8
1516452707.69354;1516452707;693542003;176;177;8.92000007629395;-95.4199981689453;-279.299987792969;-152.979995727539;-95.5599975585938;2.55433511734009;16442;8
1516452707.7957;1516452707;795696973;176;177;9.10000038146973;-95.7900009155273;-279.299987792969;-152.979995727539;-95.5599975585938;2.55433511734009;16442;8
1516452708.00003;1516452708;32901;176;177;9.26000022888184;-95.1399993896484;-279.299987792969;-152.979995727539;51.5;2.54855489730835;16442;8
1516452708.10264;1516452708;102638959;176;177;9.07999992370606;-94.4199981689453;-279.299987792969;-152.979995727539;-95.5599975585938;2.54277396202087;16442;8
1516452708.20456;1516452708;204555034;176;177;8.8100004196167;-94.7600021362305;-279.299987792969;-152.979995727539;50.3600006103516;3.29421997070312;16442;8
1516452708.3068;1516452708;306802988;176;177;9.15999984741211;-95.0599975585937;-279.299987792969;-152.979995727539;50.3600006103516;3.28843903541565;16442;8
1516452708.40887;1516452708;408864974;176;177;8.8100004196167;-95.5999984741211;-279.299987792969;-152.979995727539;51.5;2.54277396202087;16442;8
1516452708.51102;1516452708;511017084;176;177;9.06999969482422;-95.8300018310547;-279.299987792969;-152.979995727539;51.5;3.29421997070312;16442;8
1516452708.61359;1516452708;613589048;176;177;8.81999969482422;-94.5500030517578;-279.299987792969;-152.979995727539;-95.5599975585938;2.55433511734009;16442;8
1516452708.71579;1516452708;715792894;176;177;8.85000038146973;-93.75;-279.299987792969;-152.979995727539;-95.5599975585938;2.55433511734009;16442;8
1516452708.81793;1516452708;817926883;176;177;8.98999977111816;-94.8199996948242;-279.299987792969;-152.979995727539;50.3600006103516;3.28843903541565;16442;8
1516452709.02209;1516452709;22089004;176;177;8.89000034332275;-94.1399993896484;-279.299987792969;-152.979995727539;51.5;3.29421997070312;16442;8
1516452709.12456;1516452709;124557018;176;177;8.89999961853027;-94.6800003051758;-279.299987792969;-152.979995727539;-95.5599975585938;2.54277396202087;16442;8
1516452709.22659;1516452709;226593017;176;177;8.76000022888184;-94.1999969482422;-279.299987792969;-152.979995727539;51.5;3.28843903541565;16442;8
1516452709.32892;1516452709;328919887;176;177;9.03999996185303;-95.2300033569336;-279.299987792969;-152.979995727539;51.5;3.28843903541565;16442;8
1516452709.43025;1516452709;430246114;176;177;9.23999977111816;-95.1999969482422;-279.299987792969;-152.979995727539;51.5;2.55433511734009;16442;8
1516452709.53335;1516452709;533346891;176;177;8.84000015258789;-95.0800018310547;-279.299987792969;-152.979995727539;50.3600006103516;3.29421997070312;16442;8
1516452709.63575;1516452709;635746955;176;177;8.86999988555908;-95.4100036621094;-279.299987792969;-152.979995727539;-95.5599975585938;2.55433511734009;16442;8
1516452709.73777;1516452709;737773895;176;177;8.86999988555908;-94.9199981689453;-279.299987792969;-152.979995727539;51.5;3.28843903541565;16442;8
1516452709.84026;1516452709;840261936;176;177;9.01000022888184;-94.4400024414063;-279.299987792969;-152.979995727539;-95.5599975585938;2.54277396202087;16442;8
1516452709.94244;1516452709;942435979;176;177;8.84000015258789;-94.3199996948242;-279.299987792969;-152.979995727539;-95.5599975585938;2.55433511734009;16442;8
1516452710.0444;1516452710;44395923;176;177;8.8100004196167;-94.5999984741211;-279.299987792969;-152.979995727539;51.5;3.28265905380249;16442;8
1516452710.14664;1516452710;146639108;176;177;8.85999965667725;-94.7200012207031;-279.299987792969;-152.979995727539;51.5;3.28843903541565;16442;8
1516452710.24912;1516452710;249119997;176;177;8.85000038146973;-94.5599975585938;-279.299987792969;-152.979995727539;50.3600006103516;3.28843903541565;16442;8
1516452710.3513;1516452710;351300954;176;177;8.81999969482422;-93.8300018310547;-279.299987792969;-152.979995727539;-95.5599975585938;2.55433511734009;16442;8
1516452710.45336;1516452710;453356981;176;177;8.84000015258789;-93.5999984741211;-279.299987792969;-152.979995727539;-95.5599975585938;2.54277396202087;16442;8
1516452710.55537;1516452710;555371046;176;177;9.07999992370606;-93.0899963378906;-279.299987792969;-152.979995727539;51.5;3.29421997070312;16442;8
1516452710.6579;1516452710;657898902;176;177;8.9399995803833;-94.2900009155273;-279.299987792969;-152.979995727539;-95.5599975585938;2.54277396202087;16442;8
1516452710.75996;1516452710;759958028;176;177;9.06999969482422;-95.4499969482422;-279.299987792969;-152.979995727539;50.3600006103516;3.29421997070312;16442;8
1516452710.86235;1516452710;862354040;176;177;9.4399995803833;-93.8600006103516;-279.299987792969;-152.979995727539;-95.5599975585938;2.55433511734009;16442;8
1516452710.96442;1516452710;964415073;176;177;9.05000019073486;-95.0199966430664;-279.299987792969;-152.979995727539;51.5;3.28843903541565;16442;8
1516452711.16899;1516452711;168987035;176;177;8.85000038146973;-94.6500015258789;-279.299987792969;-152.979995727539;51.5;2.54855489730835;16442;8
1516452711.271;1516452711;271003007;176;177;8.85000038146973;-94.7399978637695;-279.299987792969;-152.979995727539;51.5;3.29421997070312;16442;8
1516452711.37351;1516452711;373508930;176;177;8.82999992370606;-94.5899963378906;-279.299987792969;-152.979995727539;51.5;3.28843903541565;16442;8
1516452711.47556;1516452711;475564002;176;177;8.89999961853027;-95.3499984741211;-279.299987792969;-152.979995727539;-95.5599975585938;2.54277396202087;16442;8
1516452711.57771;1516452711;577713966;176;177;8.85000038146973;-95.129997253418;-279.299987792969;-152.979995727539;51.5;2.54855489730835;16442;8
1516452711.68013;1516452711;680129051;176;177;8.81999969482422;-94.1100006103516;-279.299987792969;-152.979995727539;-95.5599975585938;2.55433511734009;16442;8
1516452711.78236;1516452711;782355070;176;177;9.0600004196167;-94.0899963378906;-279.299987792969;-152.979995727539;-95.5599975585938;2.54277396202087;16442;8
1516452711.88433;1516452711;884329080;176;177;9.31999969482422;-93.6800003051758;-279.299987792969;-152.979995727539;51.5;3.28843903541565;16442;8
1516452711.98641;1516452711;986406087;176;177;9.35000038146973;-94.3000030517578;-279.299987792969;-152.979995727539;51.5;3.28265905380249;16442;8
1516452712.08898;1516452712;88977098;176;177;8.89999961853027;-94.7099990844727;-279.299987792969;-152.979995727539;-95.5599975585938;2.54277396202087;16442;8
1516452712.19112;1516452712;191119909;176;177;8.96000003814697;-95.0500030517578;-279.299987792969;-152.979995727539;50.3600006103516;3.28843903541565;16442;8
1516452712.29273;1516452712;292725086;176;177;8.88000011444092;-95.0199966430664;-279.299987792969;-152.979995727539;50.3600006103516;3.29421997070312;16442;8
1516452712.3955;1516452712;395495891;176;177;8.85000038146973;-94.7300033569336;-279.299987792969;-152.979995727539;51.5;2.55433511734009;16442;8
1516452712.49783;1516452712;497834920;176;177;9.31999969482422;-95.379997253418;-279.299987792969;-152.979995727539;-95.5599975585938;2.54277396202087;16442;8
1516452712.6;1516452712;599999904;176;177;8.85999965667725;-95.2399978637695;-279.299987792969;-152.979995727539;-95.5599975585938;2.55433511734009;16442;8
1516452712.70205;1516452712;702054023;176;177;8.90999984741211;-94.6600036621094;-279.299987792969;-152.979995727539;51.5;3.28843903541565;16442;8
1516452712.80438;1516452712;804378032;176;177;8.90999984741211;-95.1600036621094;-279.299987792969;-152.979995727539;51.5;2.54855489730835;16442;8
1516452712.90652;1516452712;906517982;176;177;8.88000011444092;-94.7399978637695;-279.299987792969;-152.979995727539;50.3600006103516;3.29421997070312;16442;8
1516452713.00872;1516452713;8723020;176;177;9.26000022888184;-95.7200012207031;-279.299987792969;-152.979995727539;51.5;3.28843903541565;16442;8
1516452713.11111;1516452713;111112117;176;177;8.75;-94.3899993896484;-279.299987792969;-152.979995727539;-95.5599975585938;2.54855489730835;16442;8
1516452713.31536;1516452713;315361976;176;177;8.84000015258789;-94.9199981689453;-279.299987792969;-152.979995727539;51.5;3.29421997070312;16442;8
1516452713.41768;1516452713;417680978;176;177;8.89999961853027;-94.4800033569336;-279.299987792969;-152.979995727539;-95.5599975585938;2.55433511734009;16442;8
1516452713.51986;1516452713;519859075;176;177;8.85000038146973;-94.4300003051758;-279.299987792969;-152.979995727539;50.3600006103516;3.29421997070312;16442;8
1516452713.62203;1516452713;622029066;176;177;8.85999965667725;-94.3399963378906;-279.299987792969;-152.979995727539;50.3600006103516;3.29421997070312;16442;8
1516452713.7244;1516452713;724404096;176;177;8.88000011444092;-94.1100006103516;-279.299987792969;-152.979995727539;50.3600006103516;3.28843903541565;16442;8
1516452713.82668;1516452713;826678991;176;177;8.82999992370606;-93.8099975585937;-279.299987792969;-152.979995727539;-95.5599975585938;2.54277396202087;16442;8
1516452713.92872;1516452713;928723096;176;177;8.89000034332275;-94.3399963378906;-279.299987792969;-152.979995727539;51.5;3.28843903541565;16442;8
1516452714.03099;1516452714;30988931;176;177;9.27999973297119;-95.0400009155274;-279.299987792969;-152.979995727539;51.5;3.28843903541565;16442;8
1516452714.13324;1516452714;133244037;176;177;9.07999992370606;-94.25;-279.299987792969;-152.979995727539;50.3600006103516;2.54855489730835;16442;8
1516452714.23557;1516452714;235573053;176;177;8.86999988555908;-95.2099990844727;-279.299987792969;-152.979995727539;-95.5599975585938;2.54277396202087;16442;8
1516452714.33749;1516452714;337492942;176;177;9;-95.3600006103516;-279.299987792969;-152.979995727539;-95.5599975585938;2.55433511734009;16442;8
1516452714.43975;1516452714;439753055;176;177;8.82999992370606;-94.0500030517578;-279.299987792969;-152.979995727539;50.3600006103516;3.29421997070312;16442;8
1516452714.54208;1516452714;542076110;176;177;8.96000003814697;-93.3899993896484;-279.299987792969;-152.979995727539;50.3600006103516;3.28265905380249;16442;8
1516452714.64448;1516452714;644474983;176;177;8.86999988555908;-94.7099990844727;-279.299987792969;-152.979995727539;-95.5599975585938;2.54277396202087;16442;8
1516452714.74663;1516452714;746630907;176;177;8.85000038146973;-95.2099990844727;-279.299987792969;-152.979995727539;-95.5599975585938;2.54277396202087;16442;8
1516452714.84859;1516452714;848586082;176;177;8.85000038146973;-95.1800003051758;-279.299987792969;-152.979995727539;51.5;3.29421997070312;16442;8
1516452714.951;1516452714;950998067;176;177;8.94999980926514;-94.370002746582;-279.299987792969;-152.979995727539;51.5;2.54855489730835;16442;8
1516452715.05316;1516452715;53157091;176;177;9.01000022888184;-93.2799987792969;-279.299987792969;-152.979995727539;-95.5599975585938;2.55433511734009;16442;8
1516452715.15529;1516452715;155286073;176;177;8.93000030517578;-93.9300003051758;-279.299987792969;-152.979995727539;51.5;3.28843903541565;16442;8
1516452715.2574;1516452715;257395029;176;177;8.85000038146973;-95.2200012207031;-279.299987792969;-152.979995727539;51.5;3.29421997070312;16442;8
1516452715.46215;1516452715;462147951;176;177;8.89000034332275;-95.0899963378906;-279.299987792969;-152.979995727539;-95.5599975585938;2.54277396202087;16442;8
1516452715.56419;1516452715;564193010;176;177;8.90999984741211;-95.0800018310547;-279.299987792969;-152.979995727539;51.5;3.28843903541565;16442;8
1516452715.97383;1516452715;973829984;176;177;8.97000026702881;-95.3600006103516;-279.299987792969;-152.979995727539;51.5;2.54855489730835;16442;8
1516452716.0751;1516452716;75099945;176;177;8.92000007629395;-95.2799987792969;-279.299987792969;-152.979995727539;51.5;2.54855489730835;16442;8
1516452716.17766;1516452716;177655935;176;177;8.86999988555908;-95.5999984741211;-279.299987792969;-152.979995727539;-95.5599975585938;2.55433511734009;16442;8
1516452716.27994;1516452716;279944896;176;177;8.86999988555908;-96.0899963378906;-279.299987792969;-152.979995727539;-95.5599975585938;2.55433511734009;16442;8
1516452716.38193;1516452716;381931066;176;177;8.86999988555908;-95.7900009155273;-279.299987792969;-152.979995727539;50.3600006103516;2.54855489730835;16442;8
1516452716.48427;1516452716;484268903;176;177;8.88000011444092;-95.3099975585937;-279.299987792969;-152.979995727539;-95.5599975585938;2.54855489730835;16442;8
1516452716.58646;1516452716;586461067;176;177;8.85999965667725;-95.5699996948242;-279.299987792969;-152.979995727539;-95.5599975585938;2.55433511734009;16442;8
1516452716.68872;1516452716;688720941;176;177;8.84000015258789;-96.1399993896484;-279.299987792969;-152.979995727539;-95.5599975585938;2.54277396202087;16442;8
1516452716.79075;1516452716;790750026;176;177;8.89000034332275;-95.5299987792969;-279.299987792969;-152.979995727539;50.3600006103516;3.29421997070312;16442;8
1516452716.89296;1516452716;892961978;176;177;8.8100004196167;-95.0599975585937;-279.299987792969;-152.979995727539;51.5;2.55433511734009;16442;8
1516452716.99512;1516452716;995121002;176;177;8.85000038146973;-95.0199966430664;-279.299987792969;-152.979995727539;51.5;3.29421997070312;16442;8
1516452717.09763;1516452717;97630977;176;177;8.84000015258789;-95.7900009155273;-279.299987792969;-152.979995727539;-95.5599975585938;2.54277396202087;16442;8
1516452717.19955;1516452717;199553012;176;177;8.89999961853027;-95.9700012207031;-279.299987792969;-152.979995727539;51.5;2.54855489730835;16442;8
1516452717.30188;1516452717;301883935;176;177;8.94999980926514;-95.0800018310547;-279.299987792969;-152.979995727539;51.5;3.28843903541565;16442;8
1516452717.4041;1516452717;404099941;176;177;8.96000003814697;-95.3099975585937;-279.299987792969;-152.979995727539;50.3600006103516;3.28843903541565;16442;8
1516452717.60843;1516452717;608428955;176;177;8.85000038146973;-94.7799987792969;-279.299987792969;-152.979995727539;51.5;3.29421997070312;16442;8
1516452717.7109;1516452717;710903882;176;177;8.90999984741211;-94.620002746582;-279.299987792969;-152.979995727539;-95.5599975585938;2.55433511734009;16442;8
1516452717.813;1516452717;813004016;176;177;8.98999977111816;-94.4300003051758;-279.299987792969;-152.979995727539;51.5;2.54855489730835;16442;8
1516452717.91529;1516452717;915287017;176;177;8.92000007629395;-94.2799987792969;-279.299987792969;-152.979995727539;50.3600006103516;3.28843903541565;16442;8
1516452718.01742;1516452718;17415046;176;177;9.0600004196167;-94.8899993896484;-279.299987792969;-152.979995727539;51.5;2.55433511734009;16442;8
1516452718.1196;1516452718;119597911;176;177;8.89999961853027;-94.3300018310547;-279.299987792969;-152.979995727539;-95.5599975585938;2.55433511734009;16442;8
1516452718.22196;1516452718;221961021;176;177;8.98999977111816;-93.75;-279.299987792969;-152.979995727539;-95.5599975585938;2.54277396202087;16442;8
1516452718.32414;1516452718;324139118;176;177;8.96000003814697;-93.6399993896484;-279.299987792969;-152.979995727539;50.3600006103516;3.28843903541565;16442;8
1516452718.42621;1516452718;426214933;176;177;9.09000015258789;-93.8300018310547;-279.299987792969;-152.979995727539;51.5;2.54855489730835;16442;8
1516452718.52845;1516452718;528445005;176;177;9.17000007629395;-93.6900024414063;-279.299987792969;-152.979995727539;51.5;3.28843903541565;16442;8
1516452718.62965;1516452718;629653930;176;177;9.27000045776367;-93.870002746582;-279.299987792969;-152.979995727539;51.5;3.29421997070312;16442;8
1516452718.73282;1516452718;732816934;176;177;9.18000030517578;-93.629997253418;-279.299987792969;-152.979995727539;51.5;3.29421997070312;16442;8
1516452718.8351;1516452718;835103034;176;177;8.88000011444092;-93.9800033569336;-279.299987792969;-152.979995727539;51.5;2.54855489730835;16442;8
1516452718.93765;1516452718;937647104;176;177;9.02999973297119;-94.5699996948242;-279.299987792969;-152.979995727539;-95.5599975585938;2.55433511734009;16442;8
1516452719.0398;1516452719;39799928;176;177;8.86999988555908;-94.9800033569336;-279.299987792969;-152.979995727539;-95.5599975585938;2.54277396202087;16442;8
1516452719.142;1516452719;141999959;176;177;8.81999969482422;-95.120002746582;-279.299987792969;-152.979995727539;-95.5599975585938;2.54855489730835;16442;8
1516452719.244;1516452719;243995904;176;177;8.85000038146973;-95.0800018310547;-279.299987792969;-152.979995727539;51.5;3.28843903541565;16442;8
1516452719.34618;1516452719;346180915;176;177;8.80000019073486;-95.129997253418;-279.299987792969;-152.979995727539;51.5;3.28843903541565;16442;8
1516452719.4485;1516452719;448499917;176;177;8.77999973297119;-94.9400024414063;-279.299987792969;-152.979995727539;51.5;3.28843903541565;16442;8
1516452719.55047;1516452719;550474882;176;177;8.85000038146973;-94.5999984741211;-279.299987792969;-152.979995727539;51.5;3.29421997070312;16442;8
1516452719.75465;1516452719;754647970;176;177;8.86999988555908;-94.6699981689453;-279.299987792969;-152.979995727539;50.3600006103516;3.29999995231628;16442;8
1516452719.85718;1516452719;857182025;176;177;8.8100004196167;-93.8099975585937;-279.299987792969;-152.979995727539;51.5;3.29421997070312;16442;8
1516452719.95959;1516452719;959590911;176;177;8.78999996185303;-94.4199981689453;-279.299987792969;-152.979995727539;50.3600006103516;3.29421997070312;16442;8
1516452720.06183;1516452720;61825037;176;177;8.75;-94.879997253418;-279.299987792969;-152.979995727539;50.3600006103516;3.29421997070312;16442;8
1516452720.16408;1516452720;164082050;176;177;8.86999988555908;-94.370002746582;-279.299987792969;-152.979995727539;50.3600006103516;3.28843903541565;16442;8
1516452720.26664;1516452720;266639947;176;177;8.81999969482422;-94.8099975585938;-279.299987792969;-152.979995727539;-95.5599975585938;2.54277396202087;16442;8
1516452720.36842;1516452720;368422031;176;177;8.88000011444092;-94.7099990844727;-279.299987792969;-152.979995727539;50.3600006103516;3.29421997070312;16442;8
1516452720.47042;1516452720;470417022;176;177;8.80000019073486;-94.4300003051758;-279.299987792969;-152.979995727539;51.5;3.29421997070312;16442;8
1516452720.57287;1516452720;572865962;176;177;8.8100004196167;-94.4100036621094;-279.299987792969;-152.979995727539;50.3600006103516;3.29421997070312;16442;8
1516452720.6754;1516452720;675400018;176;177;8.77000045776367;-94.6100006103516;-279.299987792969;-152.979995727539;50.3600006103516;3.29421997070312;16442;8
1516452720.77712;1516452720;777122974;176;177;8.85999965667725;-95.4899978637695;-279.299987792969;-152.979995727539;51.5;3.29421997070312;16442;8
1516452720.87872;1516452720;878721952;176;177;8.80000019073486;-95.3899993896484;-279.299987792969;-152.979995727539;51.5;3.29421997070312;16442;8
1516452720.98192;1516452720;981916904;176;177;8.81999969482422;-95.2600021362305;-279.299987792969;-152.979995727539;-95.5599975585938;2.55433511734009;16442;8
1516452721.18612;1516452721;186120033;176;177;8.85000038146973;-94.9100036621094;-279.299987792969;-152.979995727539;51.5;3.28843903541565;16442;8
1516452721.28835;1516452721;288345098;176;177;8.88000011444092;-95.3300018310547;-279.299987792969;-152.979995727539;51.5;3.28843903541565;16442;8
1516452721.39062;1516452721;390621900;176;177;8.82999992370606;-95.4899978637695;-279.299987792969;-152.979995727539;-95.5599975585938;2.54277396202087;16442;8
1516452721.49301;1516452721;493006944;176;177;8.77999973297119;-94.7099990844727;-279.299987792969;-152.979995727539;-95.5599975585938;2.54277396202087;16442;8
1516452721.59521;1516452721;595211029;176;177;8.85000038146973;-95.0599975585937;-279.299987792969;-152.979995727539;-95.5599975585938;2.55433511734009;16442;8
1516452721.69705;1516452721;697045087;176;177;8.78999996185303;-95.120002746582;-279.299987792969;-152.979995727539;-95.5599975585938;2.54277396202087;16442;8
1516452721.90177;1516452721;901773929;176;177;8.88000011444092;-94.6500015258789;-279.299987792969;-152.979995727539;50.3600006103516;3.28843903541565;16442;8
1516452722.00458;1516452722;4576921;176;177;8.8100004196167;-95.3099975585937;-279.299987792969;-152.979995727539;50.3600006103516;3.28843903541565;16442;8
1516452722.10623;1516452722;106232881;176;177;8.84000015258789;-95.3199996948242;-279.299987792969;-152.979995727539;-93.2799987792969;2.55433511734009;16442;8
1516452722.20821;1516452722;208208084;176;177;8.82999992370606;-95.4599990844727;-279.299987792969;-152.979995727539;51.5;3.29421997070312;16442;8
1516452722.31069;1516452722;310692071;176;177;8.85000038146973;-95.4899978637695;-279.299987792969;-152.979995727539;-95.5599975585938;2.55433511734009;16442;8
1516452722.72017;1516452722;720168113;176;177;8.89999961853027;-95.5899963378906;-279.299987792969;-152.979995727539;51.5;2.55433511734009;16442;8
1516452722.8216;1516452722;821594953;176;177;8.85000038146973;-95.6800003051758;-279.299987792969;-152.979995727539;51.5;3.28843903541565;16442;8
1516452722.92399;1516452722;923990011;176;177;8.89000034332275;-95.2900009155274;-279.299987792969;-152.979995727539;-95.5599975585938;2.54277396202087;16442;8
1516452723.02611;1516452723;26108026;176;177;8.89999961853027;-95.1900024414062;-279.299987792969;-152.979995727539;-95.5599975585938;2.54277396202087;16442;8
1516452723.12834;1516452723;128340005;176;177;8.86999988555908;-95.2300033569336;-279.299987792969;-152.979995727539;50.3600006103516;3.28265905380249;16442;8
1516452723.23037;1516452723;230365991;176;177;8.85999965667725;-95.0100021362305;-279.299987792969;-152.979995727539;51.5;3.29421997070312;16442;8
1516452723.3327;1516452723;332699060;176;177;8.89000034332275;-95.129997253418;-279.299987792969;-152.979995727539;51.5;3.29421997070312;16442;8
1516452723.43498;1516452723;434976100;176;177;8.88000011444092;-94.6900024414063;-279.299987792969;-152.979995727539;51.5;3.28843903541565;16442;8
1516452723.53721;1516452723;537206888;176;177;8.82999992370606;-94.7200012207031;-279.299987792969;-152.979995727539;51.5;3.28843903541565;16442;8
1516452723.6395;1516452723;639498949;176;177;8.80000019073486;-95.2799987792969;-279.299987792969;-152.979995727539;-95.5599975585938;2.54277396202087;16442;8
1516452723.74158;1516452723;741580963;176;177;8.84000015258789;-95.0599975585937;-279.299987792969;-152.979995727539;51.5;2.54277396202087;16442;8
1516452723.84385;1516452723;843851089;176;177;8.81999969482422;-95.0999984741211;-279.299987792969;-152.979995727539;50.3600006103516;3.28843903541565;16442;8
1516452724.04835;1516452724;48348903;176;177;8.85000038146973;-94.7699966430664;-279.299987792969;-152.979995727539;51.5;2.54277396202087;16442;8
1516452724.15058;1516452724;150578022;176;177;8.76000022888184;-95.0699996948242;-279.299987792969;-152.979995727539;-95.5599975585938;2.55433511734009;16442;8
1516452724.25274;1516452724;252737998;176;177;9.13000011444092;-95.1999969482422;-279.299987792969;-152.979995727539;-95.5599975585938;2.54277396202087;16442;8
1516452724.35493;1516452724;354933977;176;177;8.85000038146973;-95.3399963378906;-279.299987792969;-152.979995727539;51.5;2.54855489730835;16442;8
1516452724.4571;1516452724;457101106;176;177;8.89000034332275;-95.0400009155274;-279.299987792969;-152.979995727539;51.5;2.54855489730835;16442;8
1516452724.55934;1516452724;559341907;176;177;8.86999988555908;-95.4000015258789;-279.299987792969;-152.979995727539;-95.5599975585938;2.55433511734009;16442;8
1516452724.66149;1516452724;661484956;176;177;8.85999965667725;-95.2099990844727;-279.299987792969;-152.979995727539;50.3600006103516;3.29421997070312;16442;8
1516452724.76373;1516452724;763725996;176;177;8.81999969482422;-95.3300018310547;-279.299987792969;-152.979995727539;51.5;3.28843903541565;16442;8
1516452724.86616;1516452724;866154909;176;177;8.8100004196167;-95.120002746582;-279.299987792969;-152.979995727539;-95.5599975585938;2.54277396202087;16442;8
1516452724.96815;1516452724;968147993;176;177;8.85999965667725;-94.5500030517578;-279.299987792969;-152.979995727539;51.5;3.29421997070312;16442;8
1516452725.07056;1516452725;70563077;176;177;8.80000019073486;-94.7699966430664;-279.299987792969;-152.979995727539;-95.5599975585938;2.54277396202087;16442;8
1516452725.17259;1516452725;172590970;176;177;8.82999992370606;-94.5599975585938;-279.299987792969;-152.979995727539;51.5;3.29421997070312;16442;8
1516452725.27494;1516452725;274939060;176;177;8.80000019073486;-94.8300018310547;-279.299987792969;-152.979995727539;-95.5599975585938;2.55433511734009;16442;8
1516452725.37708;1516452725;377080917;176;177;8.82999992370606;-94.2600021362305;-279.299987792969;-152.979995727539;50.3600006103516;3.28843903541565;16442;8
1516452725.47912;1516452725;479120969;176;177;8.84000015258789;-95.0899963378906;-279.299987792969;-152.979995727539;51.5;3.29421997070312;16442;8
1516452725.58148;1516452725;581482887;176;177;8.89000034332275;-95.1900024414062;-279.299987792969;-152.979995727539;51.5;3.28843903541565;16442;8
1516452725.68369;1516452725;683687925;176;177;8.82999992370606;-95.3300018310547;-279.299987792969;-152.979995727539;51.5;3.28843903541565;16442;8
1516452725.78592;1516452725;785923004;176;177;8.85000038146973;-95.1600036621094;-279.299987792969;-152.979995727539;51.5;3.28843903541565;16442;8
1516452725.88819;1516452725;888190031;176;177;8.84000015258789;-94.9400024414063;-279.299987792969;-152.979995727539;51.5;2.54855489730835;16442;8
1516452725.99055;1516452725;990550041;176;177;8.84000015258789;-95.2799987792969;-279.299987792969;-152.979995727539;-95.5599975585938;2.55433511734009;16442;8
1516452726.19498;1516452726;194976091;176;177;8.78999996185303;-95.2699966430664;-279.299987792969;-152.979995727539;-95.5599975585938;2.54277396202087;16442;8
1516452726.29695;1516452726;296945095;176;177;8.76000022888184;-95.5199966430664;-279.299987792969;-152.979995727539;50.3600006103516;3.29421997070312;16442;8
1516452726.39915;1516452726;399144887;176;177;8.81999969482422;-95.2699966430664;-279.299987792969;-152.979995727539;50.3600006103516;3.29421997070312;16442;8
1516452726.50157;1516452726;501569032;176;177;8.9399995803833;-95.3600006103516;-279.299987792969;-152.979995727539;-95.5599975585938;2.54277396202087;16442;8
1516452726.60396;1516452726;603961944;176;177;8.86999988555908;-94.8600006103516;-279.299987792969;-152.979995727539;-95.5599975585938;2.54277396202087;16442;8
1516452726.70591;1516452726;705905914;176;177;8.85999965667725;-95.120002746582;-279.299987792969;-152.979995727539;51.5;3.28265905380249;16442;8
1516452726.80741;1516452726;807408094;176;177;8.84000015258789;-95.6399993896484;-279.299987792969;-152.979995727539;51.5;3.28843903541565;16442;8
1516452726.91029;1516452726;910291910;176;177;8.82999992370606;-95.1500015258789;-279.299987792969;-152.979995727539;51.5;2.55433511734009;16442;8
1516452727.01248;1516452727;12476921;176;177;8.84000015258789;-95.2099990844727;-279.299987792969;-152.979995727539;51.5;3.29421997070312;16442;8
1516452727.11466;1516452727;114660024;176;177;8.77999973297119;-95.1800003051758;-279.299987792969;-152.979995727539;51.5;3.29421997070312;16442;8
1516452727.21722;1516452727;217216014;176;177;8.8100004196167;-94.7799987792969;-279.299987792969;-152.979995727539;-95.5599975585938;2.54277396202087;16442;8
1516452727.31938;1516452727;319379091;176;177;8.82999992370606;-94.6900024414063;-279.299987792969;-152.979995727539;-95.5599975585938;2.55433511734009;16442;8
1516452727.42149;1516452727;421484947;176;177;8.86999988555908;-94.8499984741211;-279.299987792969;-152.979995727539;50.3600006103516;2.54855489730835;16442;8
1516452727.52364;1516452727;523642063;176;177;8.89999961853027;-95.1500015258789;-279.299987792969;-152.979995727539;51.5;2.54855489730835;16442;8
1516452727.626;1516452727;626003026;176;177;8.85999965667725;-94.6399993896484;-279.299987792969;-152.979995727539;51.5;3.28843903541565;16442;8
1516452727.72813;1516452727;728133916;176;177;8.85999965667725;-94.2200012207031;-279.299987792969;-152.979995727539;51.5;3.28843903541565;16442;8
1516452727.93249;1516452727;932485103;176;177;8.8100004196167;-94.8000030517578;-279.299987792969;-152.979995727539;51.5;3.28843903541565;16442;8
1516452728.03477;1516452728;34770965;176;177;8.84000015258789;-94.5199966430664;-279.299987792969;-152.979995727539;51.5;2.55433511734009;16442;8
1516452728.13697;1516452728;136965036;176;177;8.8100004196167;-93.9800033569336;-279.299987792969;-152.979995727539;50.3600006103516;3.29421997070312;16442;8
1516452728.34138;1516452728;341379880;176;177;8.84000015258789;-94.5999984741211;-279.299987792969;-152.979995727539;50.3600006103516;3.28843903541565;16442;8
1516452728.44357;1516452728;443573951;176;177;8.8100004196167;-94.8000030517578;-279.299987792969;-152.979995727539;51.5;3.28843903541565;16442;8
1516452728.54584;1516452728;545838117;176;177;8.81999969482422;-94.870002746582;-279.299987792969;-152.979995727539;51.5;3.28843903541565;16442;8
1516452728.64819;1516452728;648185968;176;177;8.86999988555908;-95.4199981689453;-279.299987792969;-152.979995727539;-95.5599975585938;2.54277396202087;16442;8
1516452728.75003;1516452728;750025033;176;177;8.80000019073486;-95.3099975585937;-279.299987792969;-152.979995727539;51.5;3.29421997070312;16442;8
1516452728.8524;1516452728;852401018;176;177;8.82999992370606;-95.4300003051758;-279.299987792969;-152.979995727539;50.3600006103516;3.29421997070312;16442;8
1516452728.95468;1516452728;954682111;176;177;8.78999996185303;-95.379997253418;-279.299987792969;-152.979995727539;50.3600006103516;2.54855489730835;16442;8
1516452729.057;1516452729;57003021;176;177;8.85000038146973;-94.8499984741211;-279.299987792969;-152.979995727539;50.3600006103516;2.55433511734009;16442;8
1516452729.15935;1516452729;159346103;176;177;8.85000038146973;-94.8899993896484;-279.299987792969;-152.979995727539;-95.5599975585938;2.55433511734009;16442;8
1516452729.2615;1516452729;261502981;176;177;8.82999992370606;-95.2300033569336;-279.299987792969;-152.979995727539;-95.5599975585938;2.54277396202087;16442;8
1516452729.36374;1516452729;363744974;176;177;8.81999969482422;-95.1600036621094;-279.299987792969;-152.979995727539;51.5;2.54855489730835;16442;8
1516452729.46601;1516452729;466010093;176;177;8.82999992370606;-95.0800018310547;-279.299987792969;-152.979995727539;-95.5599975585938;2.54277396202087;16442;8
1516452729.56805;1516452729;568047046;176;177;8.85000038146973;-95.2099990844727;-279.299987792969;-152.979995727539;51.5;3.28843903541565;16442;8
1516452729.67016;1516452729;670159101;176;177;8.84000015258789;-95.3099975585937;-279.299987792969;-152.979995727539;51.5;2.55433511734009;16442;8
1516452729.77198;1516452729;771975040;176;177;8.8100004196167;-95.120002746582;-279.299987792969;-152.979995727539;50.3600006103516;3.29999995231628;16442;8
1516452729.87477;1516452729;874767065;176;177;8.85000038146973;-94.9199981689453;-279.299987792969;-152.979995727539;-95.5599975585938;2.54277396202087;16442;8
1516452729.97697;1516452729;976969003;176;177;8.8100004196167;-95.1699981689453;-279.299987792969;-152.979995727539;51.5;2.54855489730835;16442;8
1516452730.07936;1516452730;79356908;176;177;8.84000015258789;-95.2300033569336;-279.299987792969;-152.979995727539;-95.5599975585938;2.54277396202087;16442;8
1516452730.1813;1516452730;181301116;176;177;8.88000011444092;-94.9499969482422;-279.299987792969;-152.979995727539;51.5;3.28843903541565;16442;8
1516452730.28363;1516452730;283629894;176;177;8.82999992370606;-94.9700012207031;-279.299987792969;-152.979995727539;51.5;3.28843903541565;16442;8
1516452730.48821;1516452730;488210916;176;177;8.86999988555908;-95.0699996948242;-279.299987792969;-152.979995727539;-94.4199981689453;2.54277396202087;16442;8
1516452730.58964;1516452730;589637041;176;177;8.90999984741211;-94.8899993896484;-279.299987792969;-152.979995727539;51.5;3.29999995231628;16442;8
1516452730.69252;1516452730;692522048;176;177;8.86999988555908;-94.870002746582;-279.299987792969;-152.979995727539;51.5;3.28843903541565;16442;8
1516452730.79481;1516452730;794810056;176;177;8.82999992370606;-94.6100006103516;-279.299987792969;-152.979995727539;-95.5599975585938;2.54277396202087;16442;8
1516452730.89697;1516452730;896965026;176;177;8.84000015258789;-95.0500030517578;-279.299987792969;-152.979995727539;-95.5599975585938;2.55433511734009;16442;8
1516452730.99851;1516452730;998508930;176;177;8.81999969482422;-95.1900024414062;-279.299987792969;-152.979995727539;51.5;3.29999995231628;16442;8
1516452731.10133;1516452731;101330041;176;177;8.85999965667725;-95.3399963378906;-279.299987792969;-152.979995727539;-95.5599975585938;2.54277396202087;16442;8
1516452731.20365;1516452731;203649997;176;177;8.8100004196167;-94.7300033569336;-279.299987792969;-152.979995727539;51.5;2.54855489730835;16442;8
1516452731.30597;1516452731;305964946;176;177;8.85000038146973;-94.8300018310547;-279.299987792969;-152.979995727539;51.5;2.55433511734009;16442;8
1516452731.40803;1516452731;408025979;176;177;8.82999992370606;-95.379997253418;-279.299987792969;-152.979995727539;-95.5599975585938;2.54277396202087;16442;8
1516452731.50998;1516452731;509974956;176;177;8.81999969482422;-95.3499984741211;-279.299987792969;-152.979995727539;51.5;3.29421997070312;16442;8
1516452731.61227;1516452731;612265110;176;177;8.84000015258789;-95.3000030517578;-279.299987792969;-152.979995727539;51.5;3.28843903541565;16442;8
1516452731.71456;1516452731;714555025;176;177;8.77999973297119;-94.6100006103516;-279.299987792969;-152.979995727539;50.3600006103516;3.29421997070312;16442;8
1516452731.81669;1516452731;816692113;176;177;8.88000011444092;-94.8899993896484;-279.299987792969;-152.979995727539;51.5;3.29421997070312;16442;8
1516452731.91889;1516452731;918890953;176;177;8.82999992370606;-94.9000015258789;-279.299987792969;-152.979995727539;50.3600006103516;3.29421997070312;16442;8
1516452732.02136;1516452732;21362066;176;177;8.82999992370606;-95.4599990844727;-279.299987792969;-152.979995727539;-95.5599975585938;2.55433511734009;16442;8
1516452732.22578;1516452732;225779056;176;177;8.81999969482422;-95.5899963378906;-279.299987792969;-152.979995727539;-95.5599975585938;2.54277396202087;16442;8
1516452732.32808;1516452732;328078985;176;177;8.84000015258789;-95.4800033569336;-279.299987792969;-152.979995727539;-95.5599975585938;2.54277396202087;16442;8
1516452732.43018;1516452732;430179119;176;177;8.81999969482422;-95.3600006103516;-279.299987792969;-152.979995727539;-95.5599975585938;2.54277396202087;16442;8
1516452732.63452;1516452732;634521961;176;177;8.81999969482422;-94.879997253418;-279.299987792969;-152.979995727539;51.5;3.28843903541565;16442;8
1516452732.73708;1516452732;737078905;176;177;8.81999969482422;-95.129997253418;-279.299987792969;-152.979995727539;-95.5599975585938;2.55433511734009;16442;8
1516452732.83894;1516452732;838939905;176;177;8.85999965667725;-94.6999969482422;-279.299987792969;-152.979995727539;50.3600006103516;3.29421997070312;16442;8
1516452732.94135;1516452732;941354036;176;177;8.85000038146973;-95.129997253418;-279.299987792969;-152.979995727539;-95.5599975585938;2.54277396202087;16442;8
1516452733.35112;1516452733;351121902;176;177;8.82999992370606;-95.2399978637695;-279.299987792969;-152.979995727539;-95.5599975585938;2.55433511734009;16442;8
1516452733.45304;1516452733;453041076;176;177;8.85000038146973;-95.0299987792969;-279.299987792969;-152.979995727539;51.5;2.54855489730835;16442;8
1516452733.55476;1516452733;554755926;176;177;8.81999969482422;-95.0400009155274;-279.299987792969;-152.979995727539;-95.5599975585938;2.55433511734009;16442;8
1516452733.65687;1516452733;656866073;176;177;8.8100004196167;-95.7300033569336;-279.299987792969;-152.979995727539;-95.5599975585938;2.54855489730835;16442;8
1516452733.75898;1516452733;758977890;176;177;8.81999969482422;-95.6999969482422;-279.299987792969;-152.979995727539;-95.5599975585938;2.54277396202087;16442;8
1516452733.86108;1516452733;861079931;176;177;8.85000038146973;-96.0400009155273;-279.299987792969;-152.979995727539;51.5;2.55433511734009;16442;8
1516452733.96339;1516452733;963392972;176;177;8.82999992370606;-95.2200012207031;-279.299987792969;-152.979995727539;51.5;3.28843903541565;16442;8
1516452734.06566;1516452734;65654993;176;177;8.80000019073486;-95.5199966430664;-279.299987792969;-152.979995727539;-95.5599975585938;2.54277396202087;16442;8
1516452734.16772;1516452734;167722940;176;177;8.85000038146973;-95.3099975585937;-279.299987792969;-152.979995727539;51.5;2.54277396202087;16442;8
1516452734.26989;1516452734;269886970;176;177;8.80000019073486;-95.5500030517578;-279.299987792969;-152.979995727539;51.5;2.55433511734009;16442;8
1516452734.37263;1516452734;372629880;176;177;8.89000034332275;-95.370002746582;-279.299987792969;-152.979995727539;51.5;3.28843903541565;16442;8
1516452734.57657;1516452734;576566934;176;177;8.82999992370606;-95.129997253418;-279.299987792969;-152.979995727539;51.5;3.29421997070312;16442;8
1516452734.78195;1516452734;781944990;176;177;8.86999988555908;-95.1900024414062;-279.299987792969;-152.979995727539;51.5;2.54855489730835;16442;8
1516452734.88334;1516452734;883342027;176;177;8.85000038146973;-95.3399963378906;-279.299987792969;-152.979995727539;50.3600006103516;3.28843903541565;16442;8
1516452735.18994;1516452735;189939022;176;177;8.85000038146973;-95.4899978637695;-279.299987792969;-152.979995727539;51.5;3.29421997070312;16442;8
1516452735.29217;1516452735;292171001;176;177;8.82999992370606;-95.4599990844727;-279.299987792969;-152.979995727539;51.5;2.54855489730835;16442;8
1516452735.39454;1516452735;394541978;176;177;8.85999965667725;-95.4199981689453;-279.299987792969;-152.979995727539;-95.5599975585938;2.55433511734009;16442;8
1516452735.49657;1516452735;496570110;176;177;8.81999969482422;-95.25;-279.299987792969;-152.979995727539;51.5;3.28843903541565;16442;8
1516452735.59845;1516452735;598449945;176;177;8.86999988555908;-95.3499984741211;-279.299987792969;-152.979995727539;51.5;2.54855489730835;16442;8
1516452735.7009;1516452735;700900077;176;177;8.88000011444092;-95.0899963378906;-279.299987792969;-152.979995727539;51.5;3.29421997070312;16442;8
1516452735.80322;1516452735;803217887;176;177;8.93000030517578;-95.4800033569336;-279.299987792969;-152.979995727539;51.5;3.28843903541565;16442;8
1516452735.90496;1516452735;904959917;176;177;8.82999992370606;-94.870002746582;-279.299987792969;-152.979995727539;51.5;2.54855489730835;16442;8
1516452736.11013;1516452736;110126018;176;177;8.88000011444092;-95.4100036621094;-279.299987792969;-152.979995727539;-95.5599975585938;2.55433511734009;16442;8
1516452736.21225;1516452736;212250947;176;177;8.89999961853027;-95.7099990844727;-279.299987792969;-152.979995727539;-95.5599975585938;2.54277396202087;16442;8
1516452736.31457;1516452736;314568996;176;177;8.84000015258789;-95.3600006103516;-279.299987792969;-152.979995727539;-95.5599975585938;2.55433511734009;16442;8
1516452736.41677;1516452736;416770935;176;177;8.8100004196167;-95.7900009155273;-279.299987792969;-152.979995727539;-94.4199981689453;2.55433511734009;16442;8
1516452736.51894;1516452736;518942117;176;177;8.85999965667725;-95.8199996948242;-279.299987792969;-152.979995727539;-95.5599975585938;2.55433511734009;16442;8
1516452736.62102;1516452736;621017932;176;177;8.81999969482422;-96.0500030517578;-279.299987792969;-152.979995727539;51.5;3.28843903541565;16442;8
1516452736.92859;1516452736;928594112;176;177;8.77000045776367;-95.9899978637695;-279.299987792969;-152.979995727539;50.3600006103516;3.28843903541565;16442;8
1516452737.03009;1516452737;30088901;176;177;8.85999965667725;-95.9700012207031;-279.299987792969;-152.979995727539;50.3600006103516;3.29999995231628;16442;8
1516452737.13275;1516452737;132754087;176;177;8.82999992370606;-95.75;-279.299987792969;-152.979995727539;-95.5599975585938;2.55433511734009;16442;8
1516452737.23432;1516452737;234323024;176;177;8.85999965667725;-95.1399993896484;-279.299987792969;-152.979995727539;51.5;2.55433511734009;16442;8
1516452737.33657;1516452737;336569070;176;177;8.92000007629395;-94.2699966430664;-279.299987792969;-152.979995727539;50.3600006103516;3.29421997070312;16442;8
1516452737.43856;1516452737;438560009;176;177;8.89999961853027;-93.8899993896484;-279.299987792969;-152.979995727539;51.5;3.29421997070312;16442;8
1516452737.54107;1516452737;541065931;176;177;8.93000030517578;-94.0999984741211;-279.299987792969;-152.979995727539;-95.5599975585938;2.54277396202087;16442;8
1516452737.64312;1516452737;643121004;176;177;8.89999961853027;-94.379997253418;-279.299987792969;-152.979995727539;50.3600006103516;3.29421997070312;16442;8
1516452737.74543;1516452737;745434045;176;177;8.82999992370606;-94.3099975585938;-279.299987792969;-152.979995727539;51.5;3.28843903541565;16442;8
1516452737.84787;1516452737;847871065;176;177;8.88000011444092;-94.5299987792969;-279.299987792969;-152.979995727539;-95.5599975585938;2.54277396202087;16442;8
1516452737.95005;1516452737;950052022;176;177;8.82999992370606;-94.0699996948242;-279.299987792969;-152.979995727539;-95.5599975585938;2.55433511734009;16442;8
1516452738.05205;1516452738;52050113;176;177;8.8100004196167;-94.4000015258789;-279.299987792969;-152.979995727539;50.3600006103516;2.55433511734009;16442;8
1516452738.15425;1516452738;154247045;176;177;8.84000015258789;-93.8300018310547;-279.299987792969;-152.979995727539;50.3600006103516;3.29421997070312;16442;8
1516452738.25647;1516452738;256474018;176;177;8.84000015258789;-93.4700012207031;-279.299987792969;-152.979995727539;50.3600006103516;3.29421997070312;16442;8
1516452738.35867;1516452738;358673095;176;177;8.84000015258789;-93.6800003051758;-279.299987792969;-152.979995727539;51.5;2.55433511734009;16442;8
1516452738.461;1516452738;460999011;176;177;8.89999961853027;-93.8300018310547;-279.299987792969;-152.979995727539;-95.5599975585938;2.54277396202087;16442;8
1516452738.56303;1516452738;563025951;176;177;8.8100004196167;-93.9000015258789;-279.299987792969;-152.979995727539;51.5;2.54855489730835;16442;8
1516452738.66549;1516452738;665487051;176;177;8.85999965667725;-93.620002746582;-279.299987792969;-152.979995727539;-95.5599975585938;2.55433511734009;16442;8
1516452738.76783;1516452738;767827033;176;177;8.85999965667725;-93.9199981689453;-279.299987792969;-152.979995727539;-95.5599975585938;2.54277396202087;16442;8
1516452739.07476;1516452739;74763059;176;177;8.85000038146973;-94.75;-279.299987792969;-152.979995727539;51.5;3.29421997070312;16442;8
1516452739.17668;1516452739;176681995;176;177;8.84000015258789;-94.4400024414063;-279.299987792969;-152.979995727539;51.5;3.29421997070312;16442;8
1516452739.27868;1516452739;278682947;176;177;8.84000015258789;-94.620002746582;-279.299987792969;-152.979995727539;50.3600006103516;3.29421997070312;16442;8
1516452739.38095;1516452739;380944967;176;177;8.88000011444092;-93.5;-279.299987792969;-152.979995727539;-95.5599975585938;2.54277396202087;16442;8
1516452739.48293;1516452739;482930898;176;177;8.89999961853027;-93.0800018310547;-279.299987792969;-152.979995727539;51.5;2.54855489730835;16442;8
1516452739.58552;1516452739;585515022;176;177;8.97000026702881;-92.7600021362305;-279.299987792969;-152.979995727539;-95.5599975585938;2.54277396202087;16442;8
1516452739.68748;1516452739;687482118;176;177;8.97999954223633;-92.8600006103516;-279.299987792969;-152.979995727539;51.5;3.29421997070312;16442;8
1516452739.78972;1516452739;789715051;176;177;8.85999965667725;-93.3000030517578;-279.299987792969;-152.979995727539;50.3600006103516;3.29421997070312;16442;8
1516452739.89211;1516452739;892105102;176;177;8.80000019073486;-94.9599990844727;-279.299987792969;-152.979995727539;-95.5599975585938;2.54277396202087;16442;8
1516452739.99414;1516452739;994141101;176;177;8.88000011444092;-95.4300003051758;-279.299987792969;-152.979995727539;50.3600006103516;3.29421997070312;16442;8
1516452740.09643;1516452740;96425056;176;177;8.97999954223633;-94.5;-279.299987792969;-152.979995727539;50.3600006103516;3.29421997070312;16442;8
1516452740.19852;1516452740;198515892;176;177;8.84000015258789;-94.6999969482422;-279.299987792969;-152.979995727539;51.5;3.29421997070312;16442;8
1516452740.30096;1516452740;300962924;176;177;8.85000038146973;-94.0800018310547;-279.299987792969;-152.979995727539;50.3600006103516;2.54855489730835;16442;8
1516452740.40299;1516452740;402986049;176;177;8.97999954223633;-94.4100036621094;-279.299987792969;-152.979995727539;51.5;2.55433511734009;16442;8
1516452740.5051;1516452740;505100965;176;177;8.86999988555908;-93.75;-279.299987792969;-152.979995727539;51.5;3.29421997070312;16442;8
1516452740.60773;1516452740;607731103;176;177;8.84000015258789;-93.9499969482422;-279.299987792969;-152.979995727539;-95.5599975585938;2.54277396202087;16442;8
1516452741.01723;1516452741;17231941;176;177;8.88000011444092;-93.9700012207031;-279.299987792969;-152.979995727539;51.5;3.29421997070312;16442;8
1516452741.22184;1516452741;221839904;176;177;8.90999984741211;-94.0999984741211;-279.299987792969;-152.979995727539;-95.5599975585938;2.55433511734009;16442;8
1516452741.32302;1516452741;323021888;176;177;8.89000034332275;-94.4899978637695;-279.299987792969;-152.979995727539;51.5;2.54855489730835;16442;8
1516452741.52775;1516452741;527745962;176;177;8.90999984741211;-94.7200012207031;-279.299987792969;-152.979995727539;-95.5599975585938;2.55433511734009;16442;8
1516452741.62969;1516452741;629692077;176;177;9.07999992370606;-94.9700012207031;-279.299987792969;-152.979995727539;51.5;2.54855489730835;16442;8
1516452741.73077;1516452741;730772018;176;177;9.01000022888184;-94.9100036621094;-279.299987792969;-152.979995727539;50.3600006103516;3.29999995231628;16442;8
1516452741.83384;1516452741;833842039;176;177;8.93000030517578;-96.0999984741211;-279.299987792969;-152.979995727539;51.5;3.29421997070312;16442;8
1516452741.93633;1516452741;936333894;176;177;8.93000030517578;-95.0899963378906;-279.299987792969;-152.979995727539;50.3600006103516;3.29421997070312;16442;8
1516452742.03849;1516452742;38487911;176;177;9.28999996185303;-95.5100021362305;-279.299987792969;-152.979995727539;50.3600006103516;3.29421997070312;16442;8
1516452742.24272;1516452742;242717027;176;177;9;-95.620002746582;-279.299987792969;-152.979995727539;50.3600006103516;3.28843903541565;16442;8
1516452742.34523;1516452742;345232009;176;177;8.8100004196167;-94.9700012207031;-279.299987792969;-152.979995727539;51.5;3.28843903541565;16442;8
1516452742.44743;1516452742;447427988;176;177;8.82999992370606;-94.4300003051758;-279.299987792969;-152.979995727539;51.5;3.28843903541565;16442;8
1516452742.54965;1516452742;549649953;176;177;8.86999988555908;-95.0800018310547;-279.299987792969;-152.979995727539;51.5;3.28843903541565;16442;8
1516452742.6516;1516452742;651602983;176;177;9.10000038146973;-95.6900024414063;-279.299987792969;-152.979995727539;51.5;3.29421997070312;16442;8
1516452742.75359;1516452742;753588914;176;177;8.90999984741211;-94.8600006103516;-279.299987792969;-152.979995727539;51.5;3.29999995231628;16442;8
1516452742.85622;1516452742;856224060;176;177;8.89999961853027;-94.5899963378906;-279.299987792969;-152.979995727539;51.5;3.28843903541565;16442;8
1516452742.95848;1516452742;958483934;176;177;8.88000011444092;-95.1699981689453;-279.299987792969;-152.979995727539;50.3600006103516;3.29421997070312;16442;8
1516452743.06093;1516452743;60930013;176;177;8.85999965667725;-95.1900024414062;-279.299987792969;-152.979995727539;-95.5599975585938;2.55433511734009;16442;8
1516452743.16302;1516452743;163022041;176;177;8.97999954223633;-96.8300018310547;-279.299987792969;-152.979995727539;50.3600006103516;3.28843903541565;16442;8
1516452743.36721;1516452743;367207050;176;177;9;-96.0800018310547;-279.299987792969;-152.979995727539;-95.5599975585938;2.54277396202087;16442;8
1516452743.46948;1516452743;469480037;176;177;9.19999980926514;-95.5400009155273;-279.299987792969;-152.979995727539;51.5;2.54855489730835;16442;8
1516452743.57178;1516452743;571777105;176;177;9.40999984741211;-94.9899978637695;-279.299987792969;-152.979995727539;51.5;3.29421997070312;16442;8
1516452743.67404;1516452743;674041032;176;177;8.85999965667725;-93.7099990844727;-279.299987792969;-152.979995727539;50.3600006103516;3.29421997070312;16442;8
1516452743.77648;1516452743;776475906;176;177;8.82999992370606;-93.1699981689453;-279.299987792969;-152.979995727539;-95.5599975585938;2.55433511734009;16442;8
1516452743.87838;1516452743;878381967;176;177;9.05000019073486;-93.2099990844727;-279.299987792969;-152.979995727539;51.5;2.56011605262756;16442;8
1516452743.98085;1516452743;980844974;176;177;8.92000007629395;-94.5;-279.299987792969;-152.979995727539;-95.5599975585938;2.55433511734009;16442;8
1516452744.08296;1516452744;82963943;176;177;8.86999988555908;-94.4400024414063;-279.299987792969;-152.979995727539;51.5;3.28843903541565;16442;8
1516452744.18514;1516452744;185142993;176;177;8.94999980926514;-94.1800003051758;-279.299987792969;-152.979995727539;50.3600006103516;3.29421997070312;16442;8
1516452744.28738;1516452744;287384033;176;177;8.97999954223633;-94.0500030517578;-279.299987792969;-152.979995727539;51.5;3.28843903541565;16442;8
1516452744.38942;1516452744;389420986;176;177;9.14000034332275;-94.8000030517578;-279.299987792969;-152.979995727539;51.5;3.28843903541565;16442;8
1516452744.49203;1516452744;492026090;176;177;9.03999996185303;-95.0500030517578;-279.299987792969;-152.979995727539;-95.5599975585938;2.55433511734009;16442;8
1516452744.59408;1516452744;594078063;176;177;8.84000015258789;-95.2099990844727;-279.299987792969;-152.979995727539;50.3600006103516;3.29421997070312;16442;8
1516452744.69572;1516452744;695722103;176;177;8.85000038146973;-94.9700012207031;-279.299987792969;-152.979995727539;51.5;3.29999995231628;16442;8
1516452744.79839;1516452744;798388004;176;177;8.89000034332275;-94.4300003051758;-279.299987792969;-152.979995727539;51.5;3.29421997070312;16442;8
1516452744.90086;1516452744;900863885;176;177;8.90999984741211;-94.5299987792969;-279.299987792969;-152.979995727539;-95.5599975585938;2.55433511734009;16442;8
1516452745.00244;1516452745;2444028;176;177;8.88000011444092;-94.9300003051758;-279.299987792969;-152.979995727539;51.5;3.29421997070312;16442;8
1516452745.1053;1516452745;105297088;176;177;9.28999996185303;-94.4400024414063;-279.299987792969;-152.979995727539;-95.5599975585938;2.54277396202087;16442;8
1516452745.20741;1516452745;207407951;176;177;8.89000034332275;-94.120002746582;-279.299987792969;-152.979995727539;51.5;2.54855489730835;16442;8
1516452745.3094;1516452745;309401988;176;177;8.81999969482422;-94.8199996948242;-279.299987792969;-152.979995727539;51.5;3.29421997070312;16442;8
1516452745.51401;1516452745;514005899;176;177;8.86999988555908;-94.9499969482422;-279.299987792969;-152.979995727539;50.3600006103516;3.29421997070312;16442;8
1516452745.6161;1516452745;616096019;176;177;9.11999988555908;-94.0299987792969;-279.299987792969;-152.979995727539;51.5;3.29421997070312;16442;8
1516452745.7185;1516452745;718498945;176;177;8.89999961853027;-94.1900024414062;-279.299987792969;-152.979995727539;-95.5599975585938;2.54277396202087;16442;8
1516452745.82019;1516452745;820193052;176;177;8.86999988555908;-94.4000015258789;-279.299987792969;-152.979995727539;50.3600006103516;3.29999995231628;16442;8
1516452745.92278;1516452745;922780990;176;177;9.11999988555908;-93.620002746582;-279.299987792969;-152.979995727539;51.5;3.29421997070312;16442;8
1516452746.02506;1516452746;25060892;176;177;9.0600004196167;-94.1800003051758;-279.299987792969;-152.979995727539;51.5;3.28843903541565;16442;8
1516452746.12729;1516452746;127288103;176;177;9.22000026702881;-94.4899978637695;-279.299987792969;-152.979995727539;51.5;3.28843903541565;16442;8
1516452746.22963;1516452746;229634046;176;177;9.22000026702881;-93.2600021362305;-279.299987792969;-152.979995727539;-95.5599975585938;2.54277396202087;16442;8
1516452746.33174;1516452746;331742048;176;177;8.94999980926514;-92.6500015258789;-279.299987792969;-152.979995727539;51.5;3.28843903541565;16442;8
1516452746.43416;1516452746;434156894;176;177;8.88000011444092;-94.5699996948242;-279.299987792969;-152.979995727539;-95.5599975585938;2.55433511734009;16442;8
1516452746.53559;1516452746;535588979;176;177;8.85999965667725;-93.870002746582;-279.299987792969;-152.979995727539;51.5;3.29999995231628;16442;8
1516452746.63853;1516452746;638531923;176;177;8.78999996185303;-96.0800018310547;-279.299987792969;-152.979995727539;-95.5599975585938;2.55433511734009;16442;8
1516452746.73991;1516452746;739908933;176;177;8.89999961853027;-93.5999984741211;-279.299987792969;-152.979995727539;50.3600006103516;3.29999995231628;16442;8
1516452746.84281;1516452746;842808961;176;177;8.89999961853027;-93.879997253418;-279.299987792969;-152.979995727539;50.3600006103516;3.28843903541565;16442;8
1516452746.94527;1516452746;945274114;176;177;8.82999992370606;-94.4800033569336;-279.299987792969;-152.979995727539;-95.5599975585938;2.54277396202087;16442;8
1516452747.04759;1516452747;47586917;176;177;8.86999988555908;-94.0800018310547;-279.299987792969;-152.979995727539;-95.5599975585938;2.54277396202087;16442;8
1516452747.14965;1516452747;149646997;176;177;8.94999980926514;-94.7799987792969;-279.299987792969;-152.979995727539;-95.5599975585938;2.54277396202087;16442;8
1516452747.25146;1516452747;251460075;176;177;8.89999961853027;-94.2099990844727;-279.299987792969;-152.979995727539;51.5;3.29421997070312;16442;8
1516452747.3541;1516452747;354095935;176;177;8.86999988555908;-94.6600036621094;-279.299987792969;-152.979995727539;-95.5599975585938;2.55433511734009;16442;8
1516452747.45641;1516452747;456408977;176;177;8.85999965667725;-94.629997253418;-279.299987792969;-152.979995727539;-95.5599975585938;2.54277396202087;16442;8
1516452747.96731;1516452747;967313051;176;177;8.85999965667725;-94.0100021362305;-279.299987792969;-152.979995727539;50.3600006103516;3.28843903541565;16442;8
1516452748.06928;1516452748;69281101;176;177;8.8100004196167;-94.1800003051758;-279.299987792969;-152.979995727539;51.5;3.28843903541565;16442;8
1516452748.17193;1516452748;171928882;176;177;8.85000038146973;-93.9899978637695;-279.299987792969;-152.979995727539;-95.5599975585938;2.54277396202087;16442;8
1516452748.27384;1516452748;273834943;176;177;8.82999992370606;-94.120002746582;-279.299987792969;-152.979995727539;51.5;3.28843903541565;16442;8
1516452748.37608;1516452748;376075983;176;177;8.85000038146973;-94.2200012207031;-279.299987792969;-152.979995727539;50.3600006103516;3.29421997070312;16442;8
1516452748.47828;1516452748;478283882;176;177;8.82999992370606;-94.0899963378906;-279.299987792969;-152.979995727539;51.5;3.28843903541565;16442;8
1516452748.58011;1516452748;580110073;176;177;8.81999969482422;-94.2900009155273;-279.299987792969;-152.979995727539;50.3600006103516;3.29999995231628;16442;8
1516452748.68302;1516452748;683024883;176;177;8.86999988555908;-94.2699966430664;-279.299987792969;-152.979995727539;-95.5599975585938;2.55433511734009;16442;8
1516452748.78451;1516452748;784512042;176;177;8.84000015258789;-94.2099990844727;-279.299987792969;-152.979995727539;50.3600006103516;3.29999995231628;16442;8
1516452748.88714;1516452748;887139081;176;177;8.9399995803833;-96.5100021362305;-279.299987792969;-152.979995727539;50.3600006103516;3.28843903541565;16442;8
1516452748.98937;1516452748;989373922;176;177;8.85999965667725;-94.120002746582;-279.299987792969;-152.979995727539;51.5;2.54855489730835;16442;8
1516452749.09161;1516452749;91609001;176;177;8.77000045776367;-94.3899993896484;-279.299987792969;-152.979995727539;51.5;2.54277396202087;16442;8
1516452749.19386;1516452749;193862915;176;177;8.81999969482422;-94.1999969482422;-279.299987792969;-152.979995727539;-95.5599975585938;2.54277396202087;16442;8
1516452749.29598;1516452749;295980930;176;177;8.84000015258789;-94.0199966430664;-279.299987792969;-152.979995727539;51.5;3.29421997070312;16442;8
1516452749.39838;1516452749;398381948;176;177;8.86999988555908;-93.6399993896484;-279.299987792969;-152.979995727539;-93.2799987792969;2.55433511734009;16442;8
1516452749.50065;1516452749;500646114;176;177;8.90999984741211;-93.7699966430664;-279.299987792969;-152.979995727539;-95.5599975585938;2.55433511734009;16442;8
1516452749.60263;1516452749;602627038;176;177;8.81999969482422;-93.629997253418;-279.299987792969;-152.979995727539;50.3600006103516;3.29421997070312;16442;8
1516452749.80703;1516452749;807033061;176;177;8.88000011444092;-93.7699966430664;-279.299987792969;-152.979995727539;51.5;2.54855489730835;16442;8
1516452749.90931;1516452749;909312009;176;177;8.86999988555908;-93.8399963378906;-279.299987792969;-152.979995727539;51.5;3.28265905380249;16442;8
1516452750.01164;1516452750;11637926;176;177;8.85999965667725;-93.9000015258789;-279.299987792969;-152.979995727539;-95.5599975585938;2.54277396202087;16442;8
1516452750.11361;1516452750;113609075;176;177;8.81999969482422;-94.0199966430664;-279.299987792969;-152.979995727539;51.5;3.29421997070312;16442;8
1516452750.21581;1516452750;215805053;176;177;8.81999969482422;-93.9899978637695;-279.299987792969;-152.979995727539;51.5;3.29421997070312;16442;8
1516452750.31809;1516452750;318089008;176;177;8.93000030517578;-93.7399978637695;-279.299987792969;-152.979995727539;51.5;3.28843903541565;16442;8
1516452750.41982;1516452750;419820070;176;177;8.85000038146973;-93.6800003051758;-279.299987792969;-152.979995727539;51.5;3.29999995231628;16442;8
1516452750.52297;1516452750;522969007;176;177;8.90999984741211;-94.0500030517578;-279.299987792969;-152.979995727539;-94.4199981689453;2.55433511734009;16442;8
1516452750.62489;1516452750;624888896;176;177;8.92000007629395;-93.9400024414062;-279.299987792969;-152.979995727539;51.5;2.55433511734009;16442;8
1516452750.72729;1516452750;727286100;176;177;8.93000030517578;-93.9300003051758;-279.299987792969;-152.979995727539;-95.5599975585938;2.55433511734009;16442;8
1516452750.82924;1516452750;829241037;176;177;8.85999965667725;-93.75;-279.299987792969;-152.979995727539;50.3600006103516;2.54855489730835;16442;8
1516452750.9315;1516452750;931494951;176;177;9.25;-96.2900009155274;-279.299987792969;-152.979995727539;51.5;2.54855489730835;16442;8
1516452751.03359;1516452751;33593893;176;177;8.88000011444092;-93.879997253418;-279.299987792969;-152.979995727539;51.5;3.29421997070312;16442;8
1516452751.13598;1516452751;135976076;176;177;8.85999965667725;-94.3600006103516;-279.299987792969;-152.979995727539;51.5;3.28843903541565;16442;8
1516452751.23811;1516452751;238110065;176;177;8.92000007629395;-93.7099990844727;-279.299987792969;-152.979995727539;51.5;3.28843903541565;16442;8
1516452751.34065;1516452751;340651035;176;177;8.81999969482422;-93.9300003051758;-279.299987792969;-152.979995727539;-95.5599975585938;2.55433511734009;16442;8
1516452751.44244;1516452751;442440032;176;177;8.85000038146973;-93.8300018310547;-279.299987792969;-152.979995727539;51.5;3.29421997070312;16442;8
1516452751.54491;1516452751;544909000;176;177;8.81999969482422;-93.879997253418;-279.299987792969;-152.979995727539;50.3600006103516;2.55433511734009;16442;8
1516452751.64706;1516452751;647056102;176;177;8.88000011444092;-94.0299987792969;-279.299987792969;-152.979995727539;51.5;3.28843903541565;16442;8
1516452751.74945;1516452751;749444961;176;177;8.85000038146973;-93.9199981689453;-279.299987792969;-152.979995727539;-93.2799987792969;2.54277396202087;16442;8
1516452751.95369;1516452751;953694105;176;177;8.92000007629395;-94.4899978637695;-279.299987792969;-152.979995727539;51.5;3.28265905380249;16442;8
1516452752.05576;1516452752;55754899;176;177;8.80000019073486;-94.4499969482422;-279.299987792969;-152.979995727539;51.5;3.29421997070312;16442;8
1516452752.158;1516452752;157999992;176;177;8.89999961853027;-97.7600021362305;-279.299987792969;-152.979995727539;51.5;3.28843903541565;16442;8
1516452752.26014;1516452752;260140895;176;177;8.85000038146973;-93.9000015258789;-279.299987792969;-152.979995727539;51.5;3.29421997070312;16442;8
1516452752.36277;1516452752;362765073;176;177;8.85000038146973;-93.7200012207031;-279.299987792969;-152.979995727539;-95.5599975585938;2.55433511734009;16442;8
1516452752.46494;1516452752;464936017;176;177;8.81999969482422;-93.7200012207031;-279.299987792969;-152.979995727539;50.3600006103516;2.56011605262756;16442;8
1516452752.56716;1516452752;567161083;176;177;8.81999969482422;-93.8199996948242;-279.299987792969;-152.979995727539;-95.5599975585938;2.54277396202087;16442;8
1516452752.66917;1516452752;669166088;176;177;8.85999965667725;-93.4400024414063;-279.299987792969;-152.979995727539;51.5;2.54855489730835;16442;8
1516452752.77143;1516452752;771434068;176;177;8.85000038146973;-94.0199966430664;-279.299987792969;-152.979995727539;51.5;2.54855489730835;16442;8
1516452752.87374;1516452752;873743057;176;177;8.84000015258789;-94.2799987792969;-279.299987792969;-152.979995727539;51.5;3.29421997070312;16442;8
1516452752.97579;1516452752;975788116;176;177;8.85000038146973;-94.120002746582;-279.299987792969;-152.979995727539;51.5;3.29421997070312;16442;8
