time;sec;nsec;tag_address;anchor_address;range;receive_power;first_path_power;receive_quality;temperature;voltage;tag_antenna_delay
1516454493.434383;1516454493;434382915;176;177;9.649999618530273;-95.01000213623047;-279.29998779296875;-152.97999572753906;-95.55999755859375;2.554335117340088;16442
1516454493.537021;1516454493;537020921;176;177;9.65999984741211;-95.1500015258789;-279.29998779296875;-152.97999572753906;50.36000061035156;3.294219970703125;16442
1516454493.638381;1516454493;638381004;176;177;9.65999984741211;-94.72000122070312;-279.29998779296875;-152.97999572753906;51.5;2.554335117340088;16442
1516454493.740653;1516454493;740653038;176;177;9.619999885559082;-94.16999816894531;-279.29998779296875;-152.97999572753906;50.36000061035156;2.542773962020874;16442
1516454493.842767;1516454493;842767000;176;177;9.59000015258789;-94.20999908447266;-279.29998779296875;-152.97999572753906;51.5;3.2884390354156494;16442
1516454493.945118;1516454493;945117950;176;177;10.260000228881836;-95.08000183105469;-279.29998779296875;-152.97999572753906;51.5;3.2884390354156494;16442
1516454494.047086;1516454494;47086000;176;177;9.960000038146973;-95.22000122070312;-279.29998779296875;-152.97999572753906;51.5;3.294219970703125;16442
1516454494.149226;1516454494;149225950;176;177;10.300000190734863;-95.80999755859375;-279.29998779296875;-152.97999572753906;51.5;3.294219970703125;16442
1516454494.251902;1516454494;251902103;176;177;10.0600004196167;-96.02999877929688;-279.29998779296875;-152.97999572753906;-95.55999755859375;2.554335117340088;16442
1516454494.353761;1516454494;353760957;176;177;9.949999809265137;-95.80000305175781;-279.29998779296875;-152.97999572753906;51.5;2.5485548973083496;16442
1516454494.456079;1516454494;456079006;176;177;9.890000343322754;-95.51000213623047;-279.29998779296875;-152.97999572753906;51.5;3.294219970703125;16442
1516454494.558197;1516454494;558197021;176;177;9.829999923706055;-95.69000244140625;-279.29998779296875;-152.97999572753906;50.36000061035156;3.294219970703125;16442
1516454494.660529;1516454494;660528898;176;177;9.899999618530273;-95.0199966430664;-279.29998779296875;-152.97999572753906;50.36000061035156;3.2826590538024902;16442
1516454494.762995;1516454494;762995004;176;177;10.130000114440918;-95.18000030517578;-279.29998779296875;-152.97999572753906;-95.55999755859375;2.542773962020874;16442
1516454494.967351;1516454494;967350959;176;177;10.069999694824219;-95.4000015258789;-279.29998779296875;-152.97999572753906;-95.55999755859375;2.554335117340088;16442
1516454495.069614;1516454495;69613933;176;177;9.949999809265137;-94.62000274658203;-279.29998779296875;-152.97999572753906;-94.41999816894531;2.554335117340088;16442
1516454495.273813;1516454495;273813009;176;177;9.9399995803833;-95.04000091552734;-279.29998779296875;-152.97999572753906;51.5;2.554335117340088;16442
1516454495.376868;1516454495;376868009;176;177;9.970000267028809;-95.81999969482422;-279.29998779296875;-152.97999572753906;-95.55999755859375;2.554335117340088;16442
1516454495.581559;1516454495;581558942;176;177;10.260000228881836;-95.88999938964844;-279.29998779296875;-152.97999572753906;-95.55999755859375;2.542773962020874;16442
1516454495.683668;1516454495;683667898;176;177;10.279999732971191;-96.54000091552734;-279.29998779296875;-152.97999572753906;-95.55999755859375;2.542773962020874;16442
1516454495.78599;1516454495;785989999;176;177;10.180000305175781;-96.22000122070312;-279.29998779296875;-152.97999572753906;-95.55999755859375;2.542773962020874;16442
1516454495.887195;1516454495;887195110;176;177;10.300000190734863;-95.87000274658203;-279.29998779296875;-152.97999572753906;-95.55999755859375;2.542773962020874;16442
1516454495.989373;1516454495;989372968;176;177;10.199999809265137;-95.81999969482422;-279.29998779296875;-152.97999572753906;51.5;2.554335117340088;16442
1516454496.091841;1516454496;91840982;176;177;10.170000076293945;-95.7699966430664;-279.29998779296875;-152.97999572753906;-95.55999755859375;2.554335117340088;16442
1516454496.193287;1516454496;193286895;176;177;10.069999694824219;-95.61000061035156;-279.29998779296875;-152.97999572753906;51.5;3.299999952316284;16442
1516454496.296015;1516454496;296015024;176;177;9.930000305175781;-96.0199966430664;-279.29998779296875;-152.97999572753906;50.36000061035156;3.2884390354156494;16442
1516454496.398397;1516454496;398396968;176;177;9.920000076293945;-96.43000030517578;-279.29998779296875;-152.97999572753906;-95.55999755859375;2.5485548973083496;16442
1516454496.500595;1516454496;500595092;176;177;9.9399995803833;-95.7300033569336;-279.29998779296875;-152.97999572753906;-95.55999755859375;2.542773962020874;16442
1516454496.60252;1516454496;602519989;176;177;9.920000076293945;-95.3499984741211;-279.29998779296875;-152.97999572753906;51.5;3.294219970703125;16442
1516454496.705147;1516454496;705147027;176;177;10.050000190734863;-95.27999877929688;-279.29998779296875;-152.97999572753906;-95.55999755859375;2.542773962020874;16442
1516454496.807333;1516454496;807332992;176;177;10.369999885559082;-95.56999969482422;-279.29998779296875;-152.97999572753906;50.36000061035156;3.2884390354156494;16442
1516454496.909657;1516454496;909657001;176;177;10.270000457763672;-96.0199966430664;-279.29998779296875;-152.97999572753906;-95.55999755859375;2.554335117340088;16442
1516454497.113852;1516454497;113852024;176;177;10.050000190734863;-95.30999755859375;-279.29998779296875;-152.97999572753906;51.5;2.554335117340088;16442
1516454497.215945;1516454497;215945005;176;177;10.380000114440918;-96.4000015258789;-279.29998779296875;-152.97999572753906;50.36000061035156;3.294219970703125;16442
1516454497.318473;1516454497;318473100;176;177;10.4399995803833;-95.68000030517578;-279.29998779296875;-152.97999572753906;-95.55999755859375;2.554335117340088;16442
1516454497.420677;1516454497;420676946;176;177;10.069999694824219;-95.6500015258789;-279.29998779296875;-152.97999572753906;-95.55999755859375;2.554335117340088;16442
1516454497.522917;1516454497;522917032;176;177;10.039999961853027;-95.81999969482422;-279.29998779296875;-152.97999572753906;-95.55999755859375;2.554335117340088;16442
1516454497.624908;1516454497;624907970;176;177;9.829999923706055;-96.37999725341797;-279.29998779296875;-152.97999572753906;50.36000061035156;3.294219970703125;16442
1516454497.726942;1516454497;726942062;176;177;9.850000381469727;-95.5;-279.29998779296875;-152.97999572753906;51.5;2.5485548973083496;16442
1516454497.82928;1516454497;829279899;176;177;9.890000343322754;-94.18000030517578;-279.29998779296875;-152.97999572753906;51.5;2.5485548973083496;16442
1516454497.931705;1516454497;931704998;176;177;9.9399995803833;-95.44999694824219;-279.29998779296875;-152.97999572753906;-95.55999755859375;2.542773962020874;16442
1516454498.0338;1516454498;33799886;176;177;10.050000190734863;-94.62000274658203;-279.29998779296875;-152.97999572753906;51.5;2.554335117340088;16442
1516454498.136238;1516454498;136238098;176;177;10.029999732971191;-95.06999969482422;-279.29998779296875;-152.97999572753906;-95.55999755859375;2.554335117340088;16442
1516454498.237528;1516454498;237528085;176;177;10.050000190734863;-95.47000122070312;-279.29998779296875;-152.97999572753906;50.36000061035156;3.2884390354156494;16442
1516454498.340337;1516454498;340337038;176;177;10.050000190734863;-95.9000015258789;-279.29998779296875;-152.97999572753906;50.36000061035156;3.294219970703125;16442
1516454498.442808;1516454498;442807912;176;177;10.220000267028809;-96.3499984741211;-279.29998779296875;-152.97999572753906;50.36000061035156;3.2884390354156494;16442
1516454498.544842;1516454498;544842004;176;177;10.229999542236328;-96.91000366210938;-279.29998779296875;-152.97999572753906;51.5;3.2884390354156494;16442
1516454498.749505;1516454498;749505043;176;177;10.279999732971191;-95.48999786376953;-279.29998779296875;-152.97999572753906;-95.55999755859375;2.554335117340088;16442
1516454498.851249;1516454498;851248979;176;177;9.9399995803833;-95.61000061035156;-279.29998779296875;-152.97999572753906;51.5;3.294219970703125;16442
1516454499.056104;1516454499;56103944;176;177;9.850000381469727;-96.47000122070312;-279.29998779296875;-152.97999572753906;-95.55999755859375;2.554335117340088;16442
1516454499.26029;1516454499;260289907;176;177;9.890000343322754;-95.93000030517578;-279.29998779296875;-152.97999572753906;51.5;2.5485548973083496;16442
1516454499.362451;1516454499;362451076;176;177;10.109999656677246;-95.9000015258789;-279.29998779296875;-152.97999572753906;51.5;3.2884390354156494;16442
1516454499.464697;1516454499;464696884;176;177;9.619999885559082;-95.87999725341797;-279.29998779296875;-152.97999572753906;51.5;3.2884390354156494;16442
1516454499.566935;1516454499;566935062;176;177;9.90999984741211;-95.62999725341797;-279.29998779296875;-152.97999572753906;51.5;3.2884390354156494;16442
1516454499.66914;1516454499;669140100;176;177;9.979999542236328;-94.87000274658203;-279.29998779296875;-152.97999572753906;51.5;3.294219970703125;16442
1516454499.771442;1516454499;771441936;176;177;9.90999984741211;-94.75;-279.29998779296875;-152.97999572753906;51.5;2.554335117340088;16442
1516454499.873808;1516454499;873807907;176;177;9.890000343322754;-94.52999877929688;-279.29998779296875;-152.97999572753906;50.36000061035156;2.5601160526275635;16442
1516454499.976068;1516454499;976068019;176;177;9.819999694824219;-94.54000091552734;-279.29998779296875;-152.97999572753906;-95.55999755859375;2.554335117340088;16442
1516454500.078268;1516454500;78268051;176;177;9.890000343322754;-95.20999908447266;-279.29998779296875;-152.97999572753906;-95.55999755859375;2.554335117340088;16442
1516454500.180461;1516454500;180460929;176;177;9.930000305175781;-94.9800033569336;-279.29998779296875;-152.97999572753906;-95.55999755859375;2.554335117340088;16442
1516454500.282553;1516454500;282552957;176;177;9.9399995803833;-95.12999725341797;-279.29998779296875;-152.97999572753906;50.36000061035156;3.2884390354156494;16442
1516454500.384904;1516454500;384903907;176;177;9.930000305175781;-95.66000366210938;-279.29998779296875;-152.97999572753906;-95.55999755859375;2.554335117340088;16442
1516454500.487358;1516454500;487358093;176;177;10.020000457763672;-94.81999969482422;-279.29998779296875;-152.97999572753906;-95.55999755859375;2.542773962020874;16442
1516454500.589041;1516454500;589040994;176;177;9.899999618530273;-94.55000305175781;-279.29998779296875;-152.97999572753906;50.36000061035156;3.294219970703125;16442
1516454500.691596;1516454500;691596031;176;177;9.949999809265137;-94.83000183105469;-279.29998779296875;-152.97999572753906;-95.55999755859375;2.554335117340088;16442
1516454500.793859;1516454500;793859004;176;177;9.9399995803833;-95.02999877929688;-279.29998779296875;-152.97999572753906;-95.55999755859375;2.554335117340088;16442
1516454500.895738;1516454500;895737886;176;177;9.8100004196167;-95.2699966430664;-279.29998779296875;-152.97999572753906;51.5;2.554335117340088;16442
1516454500.99773;1516454500;997730016;176;177;9.859999656677246;-95.30000305175781;-279.29998779296875;-152.97999572753906;51.5;3.294219970703125;16442
1516454501.100254;1516454501;100254058;176;177;9.930000305175781;-94.56999969482422;-279.29998779296875;-152.97999572753906;51.5;2.5485548973083496;16442
1516454501.202545;1516454501;202544927;176;177;9.9399995803833;-94.45999908447266;-279.29998779296875;-152.97999572753906;50.36000061035156;2.5485548973083496;16442
1516454501.406771;1516454501;406770944;176;177;10.199999809265137;-94.83000183105469;-279.29998779296875;-152.97999572753906;51.5;3.294219970703125;16442
1516454501.509024;1516454501;509023904;176;177;10.220000267028809;-95.5;-279.29998779296875;-152.97999572753906;51.5;2.5485548973083496;16442
1516454501.611605;1516454501;611604928;176;177;10.029999732971191;-95.23999786376953;-279.29998779296875;-152.97999572753906;-95.55999755859375;2.554335117340088;16442
1516454501.713366;1516454501;713366031;176;177;9.800000190734863;-95.87000274658203;-279.29998779296875;-152.97999572753906;51.5;2.554335117340088;16442
1516454501.815606;1516454501;815606117;176;177;9.859999656677246;-95.45999908447266;-279.29998779296875;-152.97999572753906;51.5;3.294219970703125;16442
1516454502.020434;1516454502;20433902;176;177;10.260000228881836;-95.66000366210938;-279.29998779296875;-152.97999572753906;-95.55999755859375;2.542773962020874;16442
1516454502.122446;1516454502;122446060;176;177;10.039999961853027;-95.37000274658203;-279.29998779296875;-152.97999572753906;51.5;3.2884390354156494;16442
1516454502.224676;1516454502;224675893;176;177;10.479999542236328;-95.45999908447266;-279.29998779296875;-152.97999572753906;51.5;2.5485548973083496;16442
1516454502.326974;1516454502;326973915;176;177;10.020000457763672;-94.75;-279.29998779296875;-152.97999572753906;51.5;2.554335117340088;16442
1516454502.429284;1516454502;429284095;176;177;10.039999961853027;-95.4800033569336;-279.29998779296875;-152.97999572753906;-95.55999755859375;2.542773962020874;16442
1516454502.530668;1516454502;530668020;176;177;9.960000038146973;-95.63999938964844;-279.29998779296875;-152.97999572753906;51.5;3.299999952316284;16442
1516454502.633736;1516454502;633735895;176;177;10.109999656677246;-95.37999725341797;-279.29998779296875;-152.97999572753906;-95.55999755859375;2.542773962020874;16442
1516454502.735787;1516454502;735786914;176;177;10.140000343322754;-95.51000213623047;-279.29998779296875;-152.97999572753906;50.36000061035156;3.294219970703125;16442
1516454502.838147;1516454502;838146924;176;177;10.050000190734863;-95.66999816894531;-279.29998779296875;-152.97999572753906;-95.55999755859375;2.542773962020874;16442
1516454502.940209;1516454502;940208911;176;177;10.199999809265137;-96.06999969482422;-279.29998779296875;-152.97999572753906;50.36000061035156;3.2884390354156494;16442
1516454503.042367;1516454503;42366981;176;177;10.489999771118164;-96.23999786376953;-279.29998779296875;-152.97999572753906;51.5;2.5485548973083496;16442
1516454503.144385;1516454503;144385099;176;177;9.800000190734863;-96.31999969482422;-279.29998779296875;-152.97999572753906;51.5;2.5485548973083496;16442
1516454503.246754;1516454503;246753931;176;177;10.25;-95.7699966430664;-279.29998779296875;-152.97999572753906;51.5;2.5485548973083496;16442
1516454503.349262;1516454503;349261999;176;177;10.149999618530273;-95.52999877929688;-279.29998779296875;-152.97999572753906;-95.55999755859375;2.542773962020874;16442
1516454503.552983;1516454503;552983045;176;177;10.039999961853027;-94.80999755859375;-279.29998779296875;-152.97999572753906;51.5;3.299999952316284;16442
1516454503.655859;1516454503;655858993;176;177;9.970000267028809;-94.77999877929688;-279.29998779296875;-152.97999572753906;-95.55999755859375;2.554335117340088;16442
1516454503.757822;1516454503;757822036;176;177;10.029999732971191;-94.66000366210938;-279.29998779296875;-152.97999572753906;51.5;3.294219970703125;16442
1516454503.860396;1516454503;860395908;176;177;10.15999984741211;-95.02999877929688;-279.29998779296875;-152.97999572753906;50.36000061035156;3.2884390354156494;16442
1516454503.962342;1516454503;962342023;176;177;10.079999923706055;-95.80999755859375;-279.29998779296875;-152.97999572753906;51.5;3.2884390354156494;16442
1516454504.166871;1516454504;166871070;176;177;10.289999961853027;-95.02999877929688;-279.29998779296875;-152.97999572753906;51.5;3.2884390354156494;16442
1516454504.269235;1516454504;269234895;176;177;10.130000114440918;-95.05000305175781;-279.29998779296875;-152.97999572753906;-95.55999755859375;2.554335117340088;16442
1516454504.371288;1516454504;371288061;176;177;10.079999923706055;-95.16000366210938;-279.29998779296875;-152.97999572753906;51.5;2.5485548973083496;16442
1516454504.473643;1516454504;473643064;176;177;10.010000228881836;-95.2300033569336;-279.29998779296875;-152.97999572753906;-95.55999755859375;2.554335117340088;16442
1516454504.575602;1516454504;575602054;176;177;10.079999923706055;-95.58000183105469;-279.29998779296875;-152.97999572753906;50.36000061035156;3.294219970703125;16442
1516454504.677811;1516454504;677810907;176;177;10.119999885559082;-95.69000244140625;-279.29998779296875;-152.97999572753906;50.36000061035156;3.294219970703125;16442
1516454504.780092;1516454504;780092000;176;177;10.399999618530273;-95.58000183105469;-279.29998779296875;-152.97999572753906;51.5;2.5485548973083496;16442
1516454504.882378;1516454504;882378101;176;177;9.819999694824219;-95.08000183105469;-279.29998779296875;-152.97999572753906;-95.55999755859375;2.542773962020874;16442
1516454504.984353;1516454504;984353065;176;177;9.699999809265137;-93.69000244140625;-279.29998779296875;-152.97999572753906;51.5;3.2884390354156494;16442
1516454505.086657;1516454505;86657047;176;177;10.25;-94.9000015258789;-279.29998779296875;-152.97999572753906;51.5;3.294219970703125;16442
1516454505.189284;1516454505;189284086;176;177;10.260000228881836;-94.7300033569336;-279.29998779296875;-152.97999572753906;-95.55999755859375;2.554335117340088;16442
1516454505.291539;1516454505;291538953;176;177;10.40999984741211;-93.94999694824219;-279.29998779296875;-152.97999572753906;-95.55999755859375;2.554335117340088;16442
1516454505.393475;1516454505;393475055;176;177;9.880000114440918;-94.05999755859375;-279.29998779296875;-152.97999572753906;50.36000061035156;3.294219970703125;16442
1516454505.495153;1516454505;495152950;176;177;10.010000228881836;-95.54000091552734;-279.29998779296875;-152.97999572753906;50.36000061035156;3.299999952316284;16442
1516454505.700247;1516454505;700247049;176;177;10.380000114440918;-95.19999694824219;-279.29998779296875;-152.97999572753906;-95.55999755859375;2.542773962020874;16442
1516454505.802234;1516454505;802233934;176;177;10.520000457763672;-95.33999633789062;-279.29998779296875;-152.97999572753906;50.36000061035156;3.294219970703125;16442
1516454505.904691;1516454505;904690980;176;177;10.470000267028809;-94.7699966430664;-279.29998779296875;-152.97999572753906;-95.55999755859375;2.542773962020874;16442
1516454506.006729;1516454506;6728887;176;177;10.34000015258789;-95.23999786376953;-279.29998779296875;-152.97999572753906;51.5;3.2884390354156494;16442
1516454506.108898;1516454506;108897924;176;177;10.010000228881836;-95.52999877929688;-279.29998779296875;-152.97999572753906;51.5;3.294219970703125;16442
1516454506.21136;1516454506;211359977;176;177;9.949999809265137;-95.31999969482422;-279.29998779296875;-152.97999572753906;-95.55999755859375;2.554335117340088;16442
1516454506.313309;1516454506;313308954;176;177;9.84000015258789;-95.19999694824219;-279.29998779296875;-152.97999572753906;50.36000061035156;2.5601160526275635;16442
1516454506.415606;1516454506;415606021;176;177;9.979999542236328;-96.83000183105469;-279.29998779296875;-152.97999572753906;50.36000061035156;3.294219970703125;16442
1516454506.517664;1516454506;517663955;176;177;10.0;-95.51000213623047;-279.29998779296875;-152.97999572753906;-95.55999755859375;2.554335117340088;16442
1516454506.620049;1516454506;620048999;176;177;9.850000381469727;-95.98999786376953;-279.29998779296875;-152.97999572753906;50.36000061035156;3.2884390354156494;16442
1516454506.722245;1516454506;722244977;176;177;10.029999732971191;-96.48999786376953;-279.29998779296875;-152.97999572753906;50.36000061035156;3.294219970703125;16442
1516454506.824429;1516454506;824429035;176;177;10.25;-96.2300033569336;-279.29998779296875;-152.97999572753906;50.36000061035156;3.294219970703125;16442
1516454506.925925;1516454506;925925016;176;177;10.59000015258789;-97.0999984741211;-279.29998779296875;-152.97999572753906;-95.55999755859375;2.542773962020874;16442
1516454507.02881;1516454507;28810024;176;177;10.520000457763672;-96.79000091552734;-279.29998779296875;-152.97999572753906;51.5;3.294219970703125;16442
1516454507.130712;1516454507;130712032;176;177;10.470000267028809;-96.76000213623047;-279.29998779296875;-152.97999572753906;50.36000061035156;3.299999952316284;16442
1516454507.233555;1516454507;233555078;176;177;10.550000190734863;-95.29000091552734;-279.29998779296875;-152.97999572753906;-95.55999755859375;2.554335117340088;16442
1516454507.335593;1516454507;335592985;176;177;10.149999618530273;-95.9000015258789;-279.29998779296875;-152.97999572753906;50.36000061035156;3.2884390354156494;16442
1516454507.437901;1516454507;437901020;176;177;10.380000114440918;-96.51000213623047;-279.29998779296875;-152.97999572753906;-95.55999755859375;2.554335117340088;16442
1516454507.540044;1516454507;540044069;176;177;9.859999656677246;-95.69999694824219;-279.29998779296875;-152.97999572753906;-95.55999755859375;2.542773962020874;16442
1516454507.642249;1516454507;642249107;176;177;10.239999771118164;-95.9800033569336;-279.29998779296875;-152.97999572753906;51.5;3.2884390354156494;16442
1516454507.846535;1516454507;846534967;176;177;9.90999984741211;-95.18000030517578;-279.29998779296875;-152.97999572753906;51.5;2.5485548973083496;16442
1516454507.948689;1516454507;948688983;176;177;9.90999984741211;-94.30000305175781;-279.29998779296875;-152.97999572753906;50.36000061035156;3.294219970703125;16442
1516454508.051128;1516454508;51127910;176;177;10.039999961853027;-94.45999908447266;-279.29998779296875;-152.97999572753906;50.36000061035156;3.294219970703125;16442
1516454508.153386;1516454508;153386116;176;177;9.979999542236328;-95.80999755859375;-279.29998779296875;-152.97999572753906;-95.55999755859375;2.554335117340088;16442
1516454508.25563;1516454508;255630016;176;177;9.859999656677246;-95.55999755859375;-279.29998779296875;-152.97999572753906;-95.55999755859375;2.554335117340088;16442
1516454508.357789;1516454508;357789039;176;177;9.890000343322754;-95.56999969482422;-279.29998779296875;-152.97999572753906;-95.55999755859375;2.542773962020874;16442
1516454508.460079;1516454508;460078954;176;177;9.90999984741211;-96.31999969482422;-279.29998779296875;-152.97999572753906;-95.55999755859375;2.5485548973083496;16442
1516454508.664389;1516454508;664388895;176;177;10.029999732971191;-95.26000213623047;-279.29998779296875;-152.97999572753906;51.5;3.2884390354156494;16442
1516454508.766843;1516454508;766843080;176;177;10.119999885559082;-95.76000213623047;-279.29998779296875;-152.97999572753906;-95.55999755859375;2.554335117340088;16442
1516454508.868613;1516454508;868613004;176;177;9.890000343322754;-95.75;-279.29998779296875;-152.97999572753906;51.5;3.294219970703125;16442
1516454508.970456;1516454508;970455884;176;177;9.890000343322754;-96.13999938964844;-279.29998779296875;-152.97999572753906;50.36000061035156;3.299999952316284;16442
1516454509.073292;1516454509;73292016;176;177;9.869999885559082;-96.22000122070312;-279.29998779296875;-152.97999572753906;-95.55999755859375;2.554335117340088;16442
1516454509.175632;1516454509;175631999;176;177;9.829999923706055;-95.19000244140625;-279.29998779296875;-152.97999572753906;-95.55999755859375;2.554335117340088;16442
1516454509.277621;1516454509;277621030;176;177;9.899999618530273;-95.61000061035156;-279.29998779296875;-152.97999572753906;-95.55999755859375;2.554335117340088;16442
1516454509.379718;1516454509;379718065;176;177;9.979999542236328;-96.05999755859375;-279.29998779296875;-152.97999572753906;51.5;3.2884390354156494;16442
1516454509.482318;1516454509;482317924;176;177;10.039999961853027;-94.87999725341797;-279.29998779296875;-152.97999572753906;-95.55999755859375;2.542773962020874;16442
1516454509.584148;1516454509;584147930;176;177;10.020000457763672;-95.25;-279.29998779296875;-152.97999572753906;51.5;3.2884390354156494;16442
1516454509.686533;1516454509;686532974;176;177;10.109999656677246;-94.98999786376953;-279.29998779296875;-152.97999572753906;50.36000061035156;3.294219970703125;16442
1516454509.78829;1516454509;788290023;176;177;10.220000267028809;-95.2300033569336;-279.29998779296875;-152.97999572753906;50.36000061035156;3.299999952316284;16442
1516454509.993041;1516454509;993041038;176;177;9.890000343322754;-95.77999877929688;-279.29998779296875;-152.97999572753906;50.36000061035156;3.294219970703125;16442
1516454510.095605;1516454510;95604896;176;177;9.84000015258789;-94.9800033569336;-279.29998779296875;-152.97999572753906;-95.55999755859375;2.542773962020874;16442
1516454510.197536;1516454510;197535991;176;177;9.670000076293945;-94.81999969482422;-279.29998779296875;-152.97999572753906;50.36000061035156;3.294219970703125;16442
1516454510.29993;1516454510;299930095;176;177;9.720000267028809;-93.68000030517578;-279.29998779296875;-152.97999572753906;-95.55999755859375;2.542773962020874;16442
1516454510.402152;1516454510;402152061;176;177;9.680000305175781;-95.26000213623047;-279.29998779296875;-152.97999572753906;-95.55999755859375;2.542773962020874;16442
1516454510.504159;1516454510;504158973;176;177;9.569999694824219;-95.97000122070312;-279.29998779296875;-152.97999572753906;51.5;3.2884390354156494;16442
1516454510.606391;1516454510;606390953;176;177;9.569999694824219;-93.97000122070312;-279.29998779296875;-152.97999572753906;51.5;2.5485548973083496;16442
1516454510.708917;1516454510;708916902;176;177;9.619999885559082;-94.87000274658203;-279.29998779296875;-152.97999572753906;-95.55999755859375;2.554335117340088;16442
1516454510.810927;1516454510;810926914;176;177;9.609999656677246;-95.44999694824219;-279.29998779296875;-152.97999572753906;50.36000061035156;3.2884390354156494;16442
1516454511.219764;1516454511;219763994;176;177;9.479999542236328;-95.13999938964844;-279.29998779296875;-152.97999572753906;51.5;2.5485548973083496;16442
1516454511.322094;1516454511;322093963;176;177;9.569999694824219;-92.93000030517578;-279.29998779296875;-152.97999572753906;-95.55999755859375;2.554335117340088;16442
1516454511.526507;1516454511;526506900;176;177;9.680000305175781;-93.0199966430664;-279.29998779296875;-152.97999572753906;-95.55999755859375;2.542773962020874;16442
1516454511.627945;1516454511;627944946;176;177;9.699999809265137;-93.30999755859375;-279.29998779296875;-152.97999572753906;51.5;3.299999952316284;16442
1516454511.832553;1516454511;832552909;176;177;9.970000267028809;-95.91000366210938;-279.29998779296875;-152.97999572753906;50.36000061035156;3.299999952316284;16442
1516454511.935204;1516454511;935204029;176;177;9.920000076293945;-95.63999938964844;-279.29998779296875;-152.97999572753906;50.36000061035156;3.294219970703125;16442
1516454512.139995;1516454512;139995098;176;177;10.739999771118164;-94.18000030517578;-279.29998779296875;-152.97999572753906;-95.55999755859375;2.542773962020874;16442
1516454512.548853;1516454512;548852920;176;177;10.140000343322754;-94.12000274658203;-279.29998779296875;-152.97999572753906;-95.55999755859375;2.554335117340088;16442
1516454512.650988;1516454512;650988101;176;177;9.770000457763672;-94.81999969482422;-279.29998779296875;-152.97999572753906;-95.55999755859375;2.542773962020874;16442
1516454512.753043;1516454512;753042936;176;177;10.680000305175781;-94.56999969482422;-279.29998779296875;-152.97999572753906;51.5;3.294219970703125;16442
1516454512.855537;1516454512;855536937;176;177;10.149999618530273;-95.12999725341797;-279.29998779296875;-152.97999572753906;-95.55999755859375;2.554335117340088;16442
1516454512.957485;1516454512;957484960;176;177;10.569999694824219;-94.23999786376953;-279.29998779296875;-152.97999572753906;49.220001220703125;3.294219970703125;16442
1516454513.059758;1516454513;59757947;176;177;10.300000190734863;-93.93000030517578;-279.29998779296875;-152.97999572753906;50.36000061035156;2.5485548973083496;16442
1516454513.16177;1516454513;161770105;176;177;10.010000228881836;-93.2300033569336;-279.29998779296875;-152.97999572753906;51.5;3.294219970703125;16442
1516454513.264427;1516454513;264426946;176;177;10.0600004196167;-94.54000091552734;-279.29998779296875;-152.97999572753906;-95.55999755859375;2.554335117340088;16442
1516454513.366751;1516454513;366750955;176;177;10.470000267028809;-95.11000061035156;-279.29998779296875;-152.97999572753906;50.36000061035156;3.294219970703125;16442
1516454513.468001;1516454513;468000888;176;177;9.819999694824219;-95.08999633789062;-279.29998779296875;-152.97999572753906;51.5;3.299999952316284;16442
1516454513.570917;1516454513;570916891;176;177;9.789999961853027;-94.29000091552734;-279.29998779296875;-152.97999572753906;-95.55999755859375;2.554335117340088;16442
1516454513.673152;1516454513;673151969;176;177;10.40999984741211;-95.91000366210938;-279.29998779296875;-152.97999572753906;-95.55999755859375;2.554335117340088;16442
1516454513.775459;1516454513;775459051;176;177;10.050000190734863;-95.33999633789062;-279.29998779296875;-152.97999572753906;-95.55999755859375;2.554335117340088;16442
1516454513.877322;1516454513;877321958;176;177;9.989999771118164;-94.31999969482422;-279.29998779296875;-152.97999572753906;51.5;2.554335117340088;16442
1516454513.97944;1516454513;979439973;176;177;10.0;-94.5999984741211;-279.29998779296875;-152.97999572753906;51.5;3.2884390354156494;16442
1516454514.081925;1516454514;81924915;176;177;10.010000228881836;-94.47000122070312;-279.29998779296875;-152.97999572753906;51.5;2.5485548973083496;16442
1516454514.286391;1516454514;286391019;176;177;10.09000015258789;-95.26000213623047;-279.29998779296875;-152.97999572753906;50.36000061035156;3.2884390354156494;16442
1516454514.388403;1516454514;388402938;176;177;9.949999809265137;-95.13999938964844;-279.29998779296875;-152.97999572753906;51.5;3.294219970703125;16442
1516454514.49102;1516454514;491019964;176;177;10.020000457763672;-95.12000274658203;-279.29998779296875;-152.97999572753906;-95.55999755859375;2.542773962020874;16442
1516454514.593017;1516454514;593017101;176;177;9.979999542236328;-94.94000244140625;-279.29998779296875;-152.97999572753906;50.36000061035156;3.2884390354156494;16442
1516454514.695192;1516454514;695192098;176;177;10.319999694824219;-95.55000305175781;-279.29998779296875;-152.97999572753906;50.36000061035156;3.294219970703125;16442
1516454514.797586;1516454514;797585964;176;177;10.489999771118164;-95.83999633789062;-279.29998779296875;-152.97999572753906;-95.55999755859375;2.554335117340088;16442
1516454514.899735;1516454514;899734973;176;177;10.359999656677246;-95.80999755859375;-279.29998779296875;-152.97999572753906;51.5;3.2884390354156494;16442
1516454515.00183;1516454515;1830101;176;177;10.390000343322754;-95.2699966430664;-279.29998779296875;-152.97999572753906;51.5;3.2884390354156494;16442
1516454515.10435;1516454515;104350090;176;177;10.1899995803833;-95.63999938964844;-279.29998779296875;-152.97999572753906;-95.55999755859375;2.542773962020874;16442
1516454515.206449;1516454515;206449031;176;177;10.239999771118164;-95.47000122070312;-279.29998779296875;-152.97999572753906;-95.55999755859375;2.554335117340088;16442
1516454515.30868;1516454515;308680057;176;177;10.3100004196167;-96.02999877929688;-279.29998779296875;-152.97999572753906;-95.55999755859375;2.554335117340088;16442
1516454515.41019;1516454515;410190105;176;177;10.199999809265137;-95.88999938964844;-279.29998779296875;-152.97999572753906;50.36000061035156;3.294219970703125;16442
1516454515.513163;1516454515;513163089;176;177;10.0600004196167;-95.83999633789062;-279.29998779296875;-152.97999572753906;-95.55999755859375;2.542773962020874;16442
1516454515.61506;1516454515;615060091;176;177;10.329999923706055;-95.51000213623047;-279.29998779296875;-152.97999572753906;51.5;3.294219970703125;16442
1516454515.717292;1516454515;717292070;176;177;10.430000305175781;-95.47000122070312;-279.29998779296875;-152.97999572753906;51.5;3.294219970703125;16442
1516454515.819629;1516454515;819628953;176;177;10.1899995803833;-95.76000213623047;-279.29998779296875;-152.97999572753906;50.36000061035156;3.294219970703125;16442
1516454515.92202;1516454515;922019958;176;177;10.140000343322754;-95.62999725341797;-279.29998779296875;-152.97999572753906;-95.55999755859375;2.554335117340088;16442
1516454516.024256;1516454516;24255990;176;177;10.119999885559082;-94.93000030517578;-279.29998779296875;-152.97999572753906;-95.55999755859375;2.542773962020874;16442
1516454516.126214;1516454516;126214027;176;177;10.119999885559082;-95.66999816894531;-279.29998779296875;-152.97999572753906;51.5;2.5485548973083496;16442
1516454516.227894;1516454516;227894067;176;177;10.09000015258789;-95.31999969482422;-279.29998779296875;-152.97999572753906;51.5;3.299999952316284;16442
1516454516.433186;1516454516;433186054;176;177;10.130000114440918;-95.69999694824219;-279.29998779296875;-152.97999572753906;-95.55999755859375;2.554335117340088;16442
1516454516.534561;1516454516;534560918;176;177;10.039999961853027;-95.37000274658203;-279.29998779296875;-152.97999572753906;51.5;3.299999952316284;16442
1516454516.6373;1516454516;637300014;176;177;10.15999984741211;-95.37999725341797;-279.29998779296875;-152.97999572753906;50.36000061035156;3.294219970703125;16442
1516454516.739611;1516454516;739610910;176;177;10.020000457763672;-95.1500015258789;-279.29998779296875;-152.97999572753906;51.5;3.2884390354156494;16442
1516454516.841616;1516454516;841615915;176;177;10.020000457763672;-95.08000183105469;-279.29998779296875;-152.97999572753906;51.5;3.2884390354156494;16442
1516454516.944257;1516454516;944257020;176;177;10.020000457763672;-94.8499984741211;-279.29998779296875;-152.97999572753906;-95.55999755859375;2.554335117340088;16442
1516454517.046264;1516454517;46263933;176;177;10.119999885559082;-94.72000122070312;-279.29998779296875;-152.97999572753906;51.5;3.2884390354156494;16442
1516454517.148633;1516454517;148633003;176;177;10.09000015258789;-95.51000213623047;-279.29998779296875;-152.97999572753906;-95.55999755859375;2.554335117340088;16442
1516454517.25069;1516454517;250689983;176;177;10.069999694824219;-95.5199966430664;-279.29998779296875;-152.97999572753906;50.36000061035156;3.294219970703125;16442
1516454517.35309;1516454517;353090047;176;177;10.130000114440918;-95.75;-279.29998779296875;-152.97999572753906;-95.55999755859375;2.554335117340088;16442
1516454517.455025;1516454517;455024957;176;177;10.15999984741211;-95.62999725341797;-279.29998779296875;-152.97999572753906;50.36000061035156;3.294219970703125;16442
1516454517.55727;1516454517;557270050;176;177;10.119999885559082;-95.5199966430664;-279.29998779296875;-152.97999572753906;51.5;2.5601160526275635;16442
1516454517.659531;1516454517;659531116;176;177;10.119999885559082;-95.5199966430664;-279.29998779296875;-152.97999572753906;51.5;3.2884390354156494;16442
1516454517.761958;1516454517;761957883;176;177;10.09000015258789;-95.51000213623047;-279.29998779296875;-152.97999572753906;-95.55999755859375;2.542773962020874;16442
1516454517.863819;1516454517;863818883;176;177;10.1899995803833;-95.55000305175781;-279.29998779296875;-152.97999572753906;51.5;3.294219970703125;16442
1516454518.068407;1516454518;68407058;176;177;10.260000228881836;-95.75;-279.29998779296875;-152.97999572753906;51.5;2.5485548973083496;16442
1516454518.272621;1516454518;272620916;176;177;9.970000267028809;-95.91999816894531;-279.29998779296875;-152.97999572753906;51.5;3.294219970703125;16442
1516454518.375463;1516454518;375463008;176;177;10.020000457763672;-95.06999969482422;-279.29998779296875;-152.97999572753906;50.36000061035156;3.294219970703125;16442
1516454518.579575;1516454518;579575061;176;177;10.210000038146973;-95.5999984741211;-279.29998779296875;-152.97999572753906;-95.55999755859375;2.542773962020874;16442
1516454518.681873;1516454518;681873083;176;177;10.260000228881836;-95.45999908447266;-279.29998779296875;-152.97999572753906;-95.55999755859375;2.542773962020874;16442
1516454518.783579;1516454518;783579111;176;177;9.989999771118164;-95.29000091552734;-279.29998779296875;-152.97999572753906;51.5;3.294219970703125;16442
1516454518.886021;1516454518;886020898;176;177;10.180000305175781;-95.7699966430664;-279.29998779296875;-152.97999572753906;50.36000061035156;3.294219970703125;16442
1516454518.988361;1516454518;988360881;176;177;10.65999984741211;-95.4800033569336;-279.29998779296875;-152.97999572753906;51.5;2.5601160526275635;16442
1516454519.090386;1516454519;90385913;176;177;10.350000381469727;-96.0;-279.29998779296875;-152.97999572753906;-95.55999755859375;2.554335117340088;16442
1516454519.192118;1516454519;192117929;176;177;9.979999542236328;-95.36000061035156;-279.29998779296875;-152.97999572753906;51.5;3.299999952316284;16442
1516454519.294975;1516454519;294975042;176;177;10.130000114440918;-95.68000030517578;-279.29998779296875;-152.97999572753906;50.36000061035156;3.294219970703125;16442
1516454519.397425;1516454519;397424936;176;177;10.229999542236328;-95.66999816894531;-279.29998779296875;-152.97999572753906;-95.55999755859375;2.554335117340088;16442
1516454519.601718;1516454519;601717948;176;177;10.569999694824219;-95.80000305175781;-279.29998779296875;-152.97999572753906;-95.55999755859375;2.554335117340088;16442
1516454519.703878;1516454519;703877925;176;177;10.359999656677246;-95.52999877929688;-279.29998779296875;-152.97999572753906;51.5;2.5485548973083496;16442
1516454519.805397;1516454519;805397033;176;177;10.180000305175781;-95.80000305175781;-279.29998779296875;-152.97999572753906;51.5;3.299999952316284;16442
1516454519.907991;1516454519;907990932;176;177;10.069999694824219;-96.0199966430664;-279.29998779296875;-152.97999572753906;51.5;3.2884390354156494;16442
1516454520.010493;1516454520;10493040;176;177;10.010000228881836;-96.61000061035156;-279.29998779296875;-152.97999572753906;51.5;3.2884390354156494;16442
1516454520.112297;1516454520;112297058;176;177;10.399999618530273;-95.7699966430664;-279.29998779296875;-152.97999572753906;50.36000061035156;3.299999952316284;16442
1516454520.214782;1516454520;214781999;176;177;10.529999732971191;-95.9000015258789;-279.29998779296875;-152.97999572753906;51.5;2.554335117340088;16442
1516454520.317161;1516454520;317161083;176;177;10.199999809265137;-96.30000305175781;-279.29998779296875;-152.97999572753906;-95.55999755859375;2.554335117340088;16442
1516454520.419523;1516454520;419523000;176;177;10.460000038146973;-96.19999694824219;-279.29998779296875;-152.97999572753906;50.36000061035156;3.2884390354156494;16442
1516454520.521619;1516454520;521619081;176;177;10.609999656677246;-95.94000244140625;-279.29998779296875;-152.97999572753906;50.36000061035156;3.2884390354156494;16442
1516454520.725964;1516454520;725964069;176;177;10.630000114440918;-96.08999633789062;-279.29998779296875;-152.97999572753906;50.36000061035156;3.294219970703125;16442
1516454520.828438;1516454520;828438043;176;177;10.579999923706055;-96.16000366210938;-279.29998779296875;-152.97999572753906;-95.55999755859375;2.554335117340088;16442
1516454520.930584;1516454520;930583953;176;177;10.649999618530273;-96.12999725341797;-279.29998779296875;-152.97999572753906;-95.55999755859375;2.554335117340088;16442
1516454521.032869;1516454521;32869100;176;177;10.670000076293945;-95.87999725341797;-279.29998779296875;-152.97999572753906;-95.55999755859375;2.554335117340088;16442
1516454521.236692;1516454521;236691951;176;177;10.729999542236328;-95.97000122070312;-279.29998779296875;-152.97999572753906;50.36000061035156;3.299999952316284;16442
1516454521.339512;1516454521;339512109;176;177;10.630000114440918;-96.04000091552734;-279.29998779296875;-152.97999572753906;-95.55999755859375;2.542773962020874;16442
1516454521.441423;1516454521;441422939;176;177;10.520000457763672;-95.79000091552734;-279.29998779296875;-152.97999572753906;51.5;3.294219970703125;16442
1516454521.543775;1516454521;543775081;176;177;10.65999984741211;-96.08999633789062;-279.29998779296875;-152.97999572753906;51.5;3.2884390354156494;16442
1516454521.646124;1516454521;646123886;176;177;10.510000228881836;-95.56999969482422;-279.29998779296875;-152.97999572753906;-95.55999755859375;2.542773962020874;16442
1516454521.849181;1516454521;849180936;176;177;9.789999961853027;-95.41999816894531;-279.29998779296875;-152.97999572753906;50.36000061035156;3.299999952316284;16442
1516454521.952063;1516454521;952063083;176;177;9.710000038146973;-95.38999938964844;-279.29998779296875;-152.97999572753906;50.36000061035156;3.299999952316284;16442
1516454522.055002;1516454522;55001974;176;177;10.729999542236328;-95.68000030517578;-279.29998779296875;-152.97999572753906;-95.55999755859375;2.554335117340088;16442
1516454522.157222;1516454522;157222032;176;177;10.680000305175781;-95.88999938964844;-279.29998779296875;-152.97999572753906;-95.55999755859375;2.554335117340088;16442
1516454522.259326;1516454522;259325981;176;177;10.670000076293945;-95.55000305175781;-279.29998779296875;-152.97999572753906;51.5;3.2884390354156494;16442
1516454522.36138;1516454522;361380100;176;177;10.5;-94.94000244140625;-279.29998779296875;-152.97999572753906;51.5;3.2884390354156494;16442
1516454522.463643;1516454522;463643074;176;177;9.779999732971191;-95.36000061035156;-279.29998779296875;-152.97999572753906;51.5;2.5485548973083496;16442
1516454522.565937;1516454522;565937042;176;177;9.819999694824219;-95.16000366210938;-279.29998779296875;-152.97999572753906;50.36000061035156;3.294219970703125;16442
1516454522.668151;1516454522;668150901;176;177;9.779999732971191;-95.19000244140625;-279.29998779296875;-152.97999572753906;51.5;3.2884390354156494;16442
1516454522.974562;1516454522;974561929;176;177;9.770000457763672;-95.6500015258789;-279.29998779296875;-152.97999572753906;51.5;3.294219970703125;16442
1516454523.076841;1516454523;76841115;176;177;9.8100004196167;-95.48999786376953;-279.29998779296875;-152.97999572753906;51.5;3.294219970703125;16442
1516454523.179348;1516454523;179347991;176;177;9.829999923706055;-95.48999786376953;-279.29998779296875;-152.97999572753906;-95.55999755859375;2.542773962020874;16442
1516454523.28158;1516454523;281579971;176;177;9.829999923706055;-95.12999725341797;-279.29998779296875;-152.97999572753906;-95.55999755859375;2.542773962020874;16442
1516454523.383693;1516454523;383692979;176;177;9.779999732971191;-95.13999938964844;-279.29998779296875;-152.97999572753906;52.63999938964844;3.2826590538024902;16442
1516454523.485891;1516454523;485891103;176;177;9.800000190734863;-95.13999938964844;-279.29998779296875;-152.97999572753906;-93.27999877929688;2.542773962020874;16442
1516454523.588307;1516454523;588306903;176;177;9.819999694824219;-94.98999786376953;-279.29998779296875;-152.97999572753906;-95.55999755859375;2.554335117340088;16442
1516454523.690163;1516454523;690162897;176;177;9.829999923706055;-94.8499984741211;-279.29998779296875;-152.97999572753906;51.5;3.294219970703125;16442
1516454523.792703;1516454523;792702913;176;177;9.779999732971191;-94.98999786376953;-279.29998779296875;-152.97999572753906;-95.55999755859375;2.554335117340088;16442
1516454523.894563;1516454523;894562959;176;177;9.770000457763672;-94.91000366210938;-279.29998779296875;-152.97999572753906;51.5;3.294219970703125;16442
1516454523.996837;1516454523;996836900;176;177;9.829999923706055;-94.94999694824219;-279.29998779296875;-152.97999572753906;51.5;3.294219970703125;16442
1516454524.099221;1516454524;99220991;176;177;9.850000381469727;-95.16999816894531;-279.29998779296875;-152.97999572753906;50.36000061035156;3.2884390354156494;16442
1516454524.201317;1516454524;201317071;176;177;9.770000457763672;-95.22000122070312;-279.29998779296875;-152.97999572753906;50.36000061035156;3.294219970703125;16442
1516454524.303541;1516454524;303540945;176;177;9.789999961853027;-95.47000122070312;-279.29998779296875;-152.97999572753906;51.5;2.5485548973083496;16442
1516454524.406078;1516454524;406078100;176;177;9.8100004196167;-95.26000213623047;-279.29998779296875;-152.97999572753906;-95.55999755859375;2.542773962020874;16442
1516454524.507862;1516454524;507862091;176;177;9.789999961853027;-95.3499984741211;-279.29998779296875;-152.97999572753906;51.5;3.294219970703125;16442
1516454524.610484;1516454524;610483884;176;177;9.930000305175781;-95.02999877929688;-279.29998779296875;-152.97999572753906;-95.55999755859375;2.542773962020874;16442
1516454524.712367;1516454524;712367057;176;177;9.8100004196167;-95.0199966430664;-279.29998779296875;-152.97999572753906;51.5;3.294219970703125;16442
1516454524.814847;1516454524;814846992;176;177;9.880000114440918;-95.08999633789062;-279.29998779296875;-152.97999572753906;-95.55999755859375;2.554335117340088;16442
1516454525.019214;1516454525;19213914;176;177;9.800000190734863;-94.95999908447266;-279.29998779296875;-152.97999572753906;-95.55999755859375;2.554335117340088;16442
1516454525.12125;1516454525;121249914;176;177;9.829999923706055;-94.87000274658203;-279.29998779296875;-152.97999572753906;51.5;3.294219970703125;16442
1516454525.223726;1516454525;223726034;176;177;9.75;-95.2300033569336;-279.29998779296875;-152.97999572753906;-95.55999755859375;2.554335117340088;16442
1516454525.325701;1516454525;325700998;176;177;9.789999961853027;-95.20999908447266;-279.29998779296875;-152.97999572753906;51.5;2.5485548973083496;16442
1516454525.427466;1516454525;427465915;176;177;9.789999961853027;-95.26000213623047;-279.29998779296875;-152.97999572753906;50.36000061035156;3.299999952316284;16442
1516454525.5305;1516454525;530499935;176;177;10.270000457763672;-94.77999877929688;-279.29998779296875;-152.97999572753906;-95.55999755859375;2.542773962020874;16442
1516454525.632594;1516454525;632594108;176;177;10.630000114440918;-95.37999725341797;-279.29998779296875;-152.97999572753906;50.36000061035156;3.2884390354156494;16442
1516454525.73487;1516454525;734869956;176;177;10.569999694824219;-95.18000030517578;-279.29998779296875;-152.97999572753906;-95.55999755859375;2.554335117340088;16442
1516454525.837056;1516454525;837055921;176;177;10.420000076293945;-94.80000305175781;-279.29998779296875;-152.97999572753906;-95.55999755859375;2.554335117340088;16442
1516454525.939272;1516454525;939271926;176;177;9.779999732971191;-94.37000274658203;-279.29998779296875;-152.97999572753906;-95.55999755859375;2.542773962020874;16442
1516454526.041465;1516454526;41465044;176;177;9.789999961853027;-94.47000122070312;-279.29998779296875;-152.97999572753906;-95.55999755859375;2.542773962020874;16442
1516454526.143489;1516454526;143488883;176;177;9.890000343322754;-94.61000061035156;-279.29998779296875;-152.97999572753906;51.5;3.2826590538024902;16442
1516454526.245571;1516454526;245570898;176;177;9.819999694824219;-94.75;-279.29998779296875;-152.97999572753906;51.5;3.294219970703125;16442
1516454526.348206;1516454526;348206043;176;177;9.760000228881836;-94.86000061035156;-279.29998779296875;-152.97999572753906;-95.55999755859375;2.554335117340088;16442
1516454526.450371;1516454526;450371026;176;177;9.869999885559082;-94.56999969482422;-279.29998779296875;-152.97999572753906;-95.55999755859375;2.554335117340088;16442
1516454526.551955;1516454526;551954984;176;177;9.789999961853027;-94.91000366210938;-279.29998779296875;-152.97999572753906;50.36000061035156;3.299999952316284;16442
1516454526.654561;1516454526;654561042;176;177;9.739999771118164;-94.91999816894531;-279.29998779296875;-152.97999572753906;51.5;2.5485548973083496;16442
1516454526.756794;1516454526;756793975;176;177;10.270000457763672;-94.83000183105469;-279.29998779296875;-152.97999572753906;51.5;3.294219970703125;16442
1516454526.96127;1516454526;961270093;176;177;10.229999542236328;-95.23999786376953;-279.29998779296875;-152.97999572753906;51.5;2.554335117340088;16442
1516454527.165751;1516454527;165750980;176;177;10.6899995803833;-95.04000091552734;-279.29998779296875;-152.97999572753906;51.5;3.2884390354156494;16442
1516454527.268684;1516454527;268683910;176;177;10.1899995803833;-94.75;-279.29998779296875;-152.97999572753906;50.36000061035156;3.294219970703125;16442
1516454527.370258;1516454527;370258092;176;177;9.819999694824219;-94.44000244140625;-279.29998779296875;-152.97999572753906;-95.55999755859375;2.554335117340088;16442
1516454527.472301;1516454527;472301006;176;177;9.949999809265137;-95.01000213623047;-279.29998779296875;-152.97999572753906;51.5;3.294219970703125;16442
1516454527.574163;1516454527;574162960;176;177;10.649999618530273;-95.16000366210938;-279.29998779296875;-152.97999572753906;-94.41999816894531;2.554335117340088;16442
1516454527.676797;1516454527;676796913;176;177;9.770000457763672;-94.72000122070312;-279.29998779296875;-152.97999572753906;51.5;2.5485548973083496;16442
1516454527.779112;1516454527;779112100;176;177;9.779999732971191;-93.7300033569336;-279.29998779296875;-152.97999572753906;-95.55999755859375;2.554335117340088;16442
1516454527.881321;1516454527;881320953;176;177;9.819999694824219;-93.47000122070312;-279.29998779296875;-152.97999572753906;-95.55999755859375;2.542773962020874;16442
1516454527.983451;1516454527;983450889;176;177;9.84000015258789;-94.81999969482422;-279.29998779296875;-152.97999572753906;51.5;2.5485548973083496;16442
1516454528.085626;1516454528;85625886;176;177;9.819999694824219;-94.25;-279.29998779296875;-152.97999572753906;51.5;2.554335117340088;16442
1516454528.187759;1516454528;187758922;176;177;9.960000038146973;-95.18000030517578;-279.29998779296875;-152.97999572753906;51.5;3.294219970703125;16442
1516454528.290212;1516454528;290211915;176;177;9.819999694824219;-95.51000213623047;-279.29998779296875;-152.97999572753906;-95.55999755859375;2.542773962020874;16442
1516454528.392375;1516454528;392374992;176;177;10.079999923706055;-95.30000305175781;-279.29998779296875;-152.97999572753906;50.36000061035156;3.2884390354156494;16442
1516454528.494595;1516454528;494595050;176;177;9.760000228881836;-94.12999725341797;-279.29998779296875;-152.97999572753906;50.36000061035156;3.2884390354156494;16442
1516454528.596583;1516454528;596582889;176;177;9.829999923706055;-94.0999984741211;-279.29998779296875;-152.97999572753906;50.36000061035156;3.294219970703125;16442
1516454528.698775;1516454528;698775053;176;177;9.890000343322754;-94.69000244140625;-279.29998779296875;-152.97999572753906;51.5;3.294219970703125;16442
1516454528.801227;1516454528;801227092;176;177;9.8100004196167;-94.97000122070312;-279.29998779296875;-152.97999572753906;50.36000061035156;3.294219970703125;16442
1516454528.903546;1516454528;903546094;176;177;9.850000381469727;-95.33999633789062;-279.29998779296875;-152.97999572753906;-95.55999755859375;2.542773962020874;16442
1516454529.005538;1516454529;5537986;176;177;9.859999656677246;-95.54000091552734;-279.29998779296875;-152.97999572753906;51.5;3.2884390354156494;16442
1516454529.107421;1516454529;107420921;176;177;9.890000343322754;-94.97000122070312;-279.29998779296875;-152.97999572753906;50.36000061035156;3.299999952316284;16442
1516454529.312199;1516454529;312199115;176;177;10.279999732971191;-95.4000015258789;-279.29998779296875;-152.97999572753906;50.36000061035156;3.294219970703125;16442
1516454529.414781;1516454529;414781093;176;177;10.039999961853027;-94.97000122070312;-279.29998779296875;-152.97999572753906;-95.55999755859375;2.554335117340088;16442
1516454529.516704;1516454529;516704082;176;177;9.9399995803833;-94.91999816894531;-279.29998779296875;-152.97999572753906;50.36000061035156;3.294219970703125;16442
1516454529.619033;1516454529;619033098;176;177;10.010000228881836;-95.30000305175781;-279.29998779296875;-152.97999572753906;-95.55999755859375;2.542773962020874;16442
1516454529.721106;1516454529;721106052;176;177;10.0600004196167;-95.12000274658203;-279.29998779296875;-152.97999572753906;51.5;3.294219970703125;16442
1516454529.823483;1516454529;823482990;176;177;10.050000190734863;-94.43000030517578;-279.29998779296875;-152.97999572753906;51.5;3.2884390354156494;16442
1516454529.925892;1516454529;925892114;176;177;10.050000190734863;-94.83000183105469;-279.29998779296875;-152.97999572753906;-95.55999755859375;2.554335117340088;16442
1516454530.027884;1516454530;27884006;176;177;10.010000228881836;-94.69000244140625;-279.29998779296875;-152.97999572753906;51.5;2.5601160526275635;16442
1516454530.130183;1516454530;130182981;176;177;10.020000457763672;-94.77999877929688;-279.29998779296875;-152.97999572753906;52.63999938964844;2.554335117340088;16442
1516454530.231738;1516454530;231738090;176;177;10.109999656677246;-94.38999938964844;-279.29998779296875;-152.97999572753906;51.5;3.299999952316284;16442
1516454530.334572;1516454530;334572076;176;177;10.010000228881836;-94.33000183105469;-279.29998779296875;-152.97999572753906;50.36000061035156;3.294219970703125;16442
1516454530.436641;1516454530;436640977;176;177;10.239999771118164;-94.12000274658203;-279.29998779296875;-152.97999572753906;50.36000061035156;3.294219970703125;16442
1516454530.538878;1516454530;538877964;176;177;10.069999694824219;-93.91000366210938;-279.29998779296875;-152.97999572753906;51.5;3.2884390354156494;16442
1516454530.641153;1516454530;641153097;176;177;10.199999809265137;-94.5;-279.29998779296875;-152.97999572753906;-95.55999755859375;2.542773962020874;16442
1516454530.743545;1516454530;743545055;176;177;10.279999732971191;-93.8499984741211;-279.29998779296875;-152.97999572753906;-95.55999755859375;2.554335117340088;16442
1516454530.845761;1516454530;845761060;176;177;10.15999984741211;-94.66000366210938;-279.29998779296875;-152.97999572753906;-95.55999755859375;2.542773962020874;16442
1516454530.947267;1516454530;947267055;176;177;10.119999885559082;-94.02999877929688;-279.29998779296875;-152.97999572753906;51.5;3.299999952316284;16442
1516454531.050203;1516454531;50203084;176;177;10.319999694824219;-94.58999633789062;-279.29998779296875;-152.97999572753906;-95.55999755859375;2.554335117340088;16442
1516454531.152242;1516454531;152241945;176;177;10.1899995803833;-94.87000274658203;-279.29998779296875;-152.97999572753906;50.36000061035156;3.294219970703125;16442
1516454531.254681;1516454531;254681110;176;177;10.180000305175781;-94.41999816894531;-279.29998779296875;-152.97999572753906;-95.55999755859375;2.554335117340088;16442
1516454531.458853;1516454531;458853006;176;177;10.449999809265137;-94.6500015258789;-279.29998779296875;-152.97999572753906;51.5;2.5485548973083496;16442
1516454531.561218;1516454531;561218023;176;177;10.479999542236328;-94.5999984741211;-279.29998779296875;-152.97999572753906;-95.55999755859375;2.542773962020874;16442
1516454531.663376;1516454531;663376092;176;177;10.520000457763672;-94.83000183105469;-279.29998779296875;-152.97999572753906;51.5;2.554335117340088;16442
1516454531.76578;1516454531;765779972;176;177;10.380000114440918;-94.83999633789062;-279.29998779296875;-152.97999572753906;-95.55999755859375;2.554335117340088;16442
1516454531.86617;1516454531;866169929;176;177;10.3100004196167;-94.9000015258789;-279.29998779296875;-152.97999572753906;51.5;3.299999952316284;16442
1516454531.969367;1516454531;969367027;176;177;10.300000190734863;-95.0199966430664;-279.29998779296875;-152.97999572753906;50.36000061035156;3.299999952316284;16442
1516454532.174609;1516454532;174608945;176;177;10.100000381469727;-94.79000091552734;-279.29998779296875;-152.97999572753906;-95.55999755859375;2.554335117340088;16442
1516454532.276584;1516454532;276583909;176;177;10.0;-94.06999969482422;-279.29998779296875;-152.97999572753906;-95.55999755859375;2.554335117340088;16442
1516454532.380149;1516454532;380148887;176;177;10.170000076293945;-93.55999755859375;-279.29998779296875;-152.97999572753906;51.5;3.2884390354156494;16442
1516454532.481056;1516454532;481055974;176;177;10.25;-94.79000091552734;-279.29998779296875;-152.97999572753906;51.5;2.554335117340088;16442
1516454532.583281;1516454532;583281040;176;177;10.350000381469727;-95.08999633789062;-279.29998779296875;-152.97999572753906;51.5;2.5485548973083496;16442
1516454532.685459;1516454532;685458898;176;177;10.270000457763672;-95.04000091552734;-279.29998779296875;-152.97999572753906;51.5;2.5485548973083496;16442
1516454532.787913;1516454532;787913084;176;177;10.470000267028809;-94.16000366210938;-279.29998779296875;-152.97999572753906;-95.55999755859375;2.554335117340088;16442
1516454532.890042;1516454532;890042066;176;177;10.569999694824219;-94.56999969482422;-279.29998779296875;-152.97999572753906;-95.55999755859375;2.554335117340088;16442
1516454532.9921;1516454532;992100000;176;177;10.359999656677246;-94.62999725341797;-279.29998779296875;-152.97999572753906;51.5;2.554335117340088;16442
1516454533.09411;1516454533;94110012;176;177;10.289999961853027;-94.54000091552734;-279.29998779296875;-152.97999572753906;50.36000061035156;3.294219970703125;16442
1516454533.196199;1516454533;196198940;176;177;10.180000305175781;-94.37999725341797;-279.29998779296875;-152.97999572753906;50.36000061035156;3.299999952316284;16442
1516454533.298984;1516454533;298984050;176;177;10.25;-95.33999633789062;-279.29998779296875;-152.97999572753906;-95.55999755859375;2.554335117340088;16442
1516454533.40107;1516454533;401070117;176;177;10.0600004196167;-95.19000244140625;-279.29998779296875;-152.97999572753906;51.5;3.2884390354156494;16442
1516454533.605617;1516454533;605617046;176;177;10.239999771118164;-94.04000091552734;-279.29998779296875;-152.97999572753906;-95.55999755859375;2.542773962020874;16442
1516454533.707833;1516454533;707833051;176;177;10.09000015258789;-94.55999755859375;-279.29998779296875;-152.97999572753906;50.36000061035156;2.554335117340088;16442
1516454533.809884;1516454533;809884071;176;177;10.0600004196167;-94.58000183105469;-279.29998779296875;-152.97999572753906;50.36000061035156;3.294219970703125;16442
1516454533.911865;1516454533;911864995;176;177;9.989999771118164;-93.83999633789062;-279.29998779296875;-152.97999572753906;51.5;3.294219970703125;16442
1516454534.013886;1516454534;13885974;176;177;10.140000343322754;-93.56999969482422;-279.29998779296875;-152.97999572753906;50.36000061035156;3.299999952316284;16442
1516454534.116511;1516454534;116511106;176;177;10.140000343322754;-93.48999786376953;-279.29998779296875;-152.97999572753906;51.5;3.294219970703125;16442
1516454534.21867;1516454534;218669891;176;177;10.199999809265137;-94.33999633789062;-279.29998779296875;-152.97999572753906;51.5;3.2884390354156494;16442
1516454534.321055;1516454534;321054935;176;177;10.199999809265137;-93.62999725341797;-279.29998779296875;-152.97999572753906;-95.55999755859375;2.542773962020874;16442
1516454534.423621;1516454534;423620939;176;177;10.180000305175781;-94.48999786376953;-279.29998779296875;-152.97999572753906;-94.41999816894531;2.542773962020874;16442
1516454534.52536;1516454534;525360107;176;177;10.100000381469727;-94.56999969482422;-279.29998779296875;-152.97999572753906;50.36000061035156;3.294219970703125;16442
1516454534.627256;1516454534;627255916;176;177;10.319999694824219;-95.0;-279.29998779296875;-152.97999572753906;51.5;3.294219970703125;16442
1516454534.729745;1516454534;729744911;176;177;10.40999984741211;-94.8499984741211;-279.29998779296875;-152.97999572753906;51.5;3.294219970703125;16442
1516454534.831613;1516454534;831613063;176;177;10.329999923706055;-94.7699966430664;-279.29998779296875;-152.97999572753906;50.36000061035156;3.299999952316284;16442
1516454534.934368;1516454534;934367895;176;177;10.199999809265137;-94.95999908447266;-279.29998779296875;-152.97999572753906;-95.55999755859375;2.554335117340088;16442
1516454535.035979;1516454535;35979032;176;177;10.300000190734863;-94.55000305175781;-279.29998779296875;-152.97999572753906;50.36000061035156;3.299999952316284;16442
1516454535.138811;1516454535;138811111;176;177;10.4399995803833;-94.58000183105469;-279.29998779296875;-152.97999572753906;50.36000061035156;3.2884390354156494;16442
1516454535.240918;1516454535;240917921;176;177;10.380000114440918;-94.5199966430664;-279.29998779296875;-152.97999572753906;51.5;3.2884390354156494;16442
1516454535.343278;1516454535;343277931;176;177;10.279999732971191;-94.5;-279.29998779296875;-152.97999572753906;-95.55999755859375;2.542773962020874;16442
1516454535.44538;1516454535;445379972;176;177;10.239999771118164;-94.25;-279.29998779296875;-152.97999572753906;51.5;3.2884390354156494;16442
1516454535.547592;1516454535;547591924;176;177;10.319999694824219;-94.56999969482422;-279.29998779296875;-152.97999572753906;51.5;2.554335117340088;16442
1516454535.752129;1516454535;752129077;176;177;10.329999923706055;-94.69999694824219;-279.29998779296875;-152.97999572753906;-95.55999755859375;2.554335117340088;16442
1516454535.854443;1516454535;854443073;176;177;10.34000015258789;-94.79000091552734;-279.29998779296875;-152.97999572753906;-95.55999755859375;2.554335117340088;16442
1516454536.160827;1516454536;160826921;176;177;10.300000190734863;-94.70999908447266;-279.29998779296875;-152.97999572753906;50.36000061035156;3.294219970703125;16442
1516454536.26329;1516454536;263289928;176;177;10.170000076293945;-94.43000030517578;-279.29998779296875;-152.97999572753906;-95.55999755859375;2.5485548973083496;16442
1516454536.365887;1516454536;365886926;176;177;10.289999961853027;-94.72000122070312;-279.29998779296875;-152.97999572753906;51.5;3.2884390354156494;16442
1516454536.467544;1516454536;467544078;176;177;10.279999732971191;-94.58000183105469;-279.29998779296875;-152.97999572753906;51.5;2.5485548973083496;16442
1516454536.569144;1516454536;569144010;176;177;10.260000228881836;-94.25;-279.29998779296875;-152.97999572753906;51.5;3.299999952316284;16442
1516454536.671828;1516454536;671828031;176;177;10.170000076293945;-93.7699966430664;-279.29998779296875;-152.97999572753906;51.5;3.294219970703125;16442
1516454536.774131;1516454536;774131059;176;177;10.1899995803833;-94.16000366210938;-279.29998779296875;-152.97999572753906;50.36000061035156;3.294219970703125;16442
1516454536.876365;1516454536;876364946;176;177;10.220000267028809;-94.30999755859375;-279.29998779296875;-152.97999572753906;50.36000061035156;3.294219970703125;16442
1516454536.97801;1516454536;978009939;176;177;10.100000381469727;-93.81999969482422;-279.29998779296875;-152.97999572753906;50.36000061035156;3.299999952316284;16442
1516454537.08093;1516454537;80929994;176;177;10.289999961853027;-94.19999694824219;-279.29998779296875;-152.97999572753906;-95.55999755859375;2.542773962020874;16442
1516454537.183153;1516454537;183152914;176;177;10.229999542236328;-94.29000091552734;-279.29998779296875;-152.97999572753906;50.36000061035156;3.2826590538024902;16442
1516454537.285508;1516454537;285507917;176;177;10.329999923706055;-93.97000122070312;-279.29998779296875;-152.97999572753906;-94.41999816894531;2.554335117340088;16442
1516454537.387444;1516454537;387444019;176;177;10.229999542236328;-94.41000366210938;-279.29998779296875;-152.97999572753906;51.5;3.2884390354156494;16442
1516454537.48988;1516454537;489880084;176;177;10.25;-94.58999633789062;-279.29998779296875;-152.97999572753906;-95.55999755859375;2.554335117340088;16442
1516454537.693894;1516454537;693893909;176;177;10.180000305175781;-94.19999694824219;-279.29998779296875;-152.97999572753906;51.5;3.294219970703125;16442
1516454537.898156;1516454537;898155927;176;177;10.260000228881836;-94.38999938964844;-279.29998779296875;-152.97999572753906;50.36000061035156;3.299999952316284;16442
1516454538.001808;1516454538;1807928;176;177;10.039999961853027;-94.88999938964844;-279.29998779296875;-152.97999572753906;-95.55999755859375;2.542773962020874;16442
1516454538.104011;1516454538;104011058;176;177;10.119999885559082;-95.19000244140625;-279.29998779296875;-152.97999572753906;-95.55999755859375;2.554335117340088;16442
1516454538.205461;1516454538;205461025;176;177;10.149999618530273;-95.2699966430664;-279.29998779296875;-152.97999572753906;-95.55999755859375;2.542773962020874;16442
1516454538.307655;1516454538;307655096;176;177;10.020000457763672;-95.22000122070312;-279.29998779296875;-152.97999572753906;-94.41999816894531;2.554335117340088;16442
1516454538.409504;1516454538;409503936;176;177;10.039999961853027;-95.23999786376953;-279.29998779296875;-152.97999572753906;51.5;3.294219970703125;16442
1516454538.51181;1516454538;511810064;176;177;10.09000015258789;-95.2300033569336;-279.29998779296875;-152.97999572753906;50.36000061035156;3.294219970703125;16442
1516454538.614347;1516454538;614346981;176;177;9.960000038146973;-94.81999969482422;-279.29998779296875;-152.97999572753906;50.36000061035156;3.294219970703125;16442
1516454538.716472;1516454538;716471910;176;177;10.09000015258789;-95.43000030517578;-279.29998779296875;-152.97999572753906;-95.55999755859375;2.554335117340088;16442
1516454538.818781;1516454538;818780899;176;177;10.40999984741211;-94.16000366210938;-279.29998779296875;-152.97999572753906;-95.55999755859375;2.554335117340088;16442
1516454538.920603;1516454538;920603036;176;177;10.130000114440918;-94.30000305175781;-279.29998779296875;-152.97999572753906;51.5;2.5485548973083496;16442
1516454539.023103;1516454539;23102998;176;177;10.630000114440918;-94.5;-279.29998779296875;-152.97999572753906;-95.55999755859375;2.554335117340088;16442
1516454539.125259;1516454539;125258922;176;177;10.109999656677246;-94.08999633789062;-279.29998779296875;-152.97999572753906;50.36000061035156;3.2884390354156494;16442
1516454539.227527;1516454539;227526903;176;177;10.020000457763672;-94.38999938964844;-279.29998779296875;-152.97999572753906;50.36000061035156;3.2884390354156494;16442
1516454539.329656;1516454539;329655885;176;177;10.039999961853027;-94.38999938964844;-279.29998779296875;-152.97999572753906;51.5;2.5485548973083496;16442
1516454539.431935;1516454539;431935071;176;177;9.9399995803833;-94.62000274658203;-279.29998779296875;-152.97999572753906;-95.55999755859375;2.554335117340088;16442
1516454539.533907;1516454539;533906936;176;177;9.90999984741211;-94.91999816894531;-279.29998779296875;-152.97999572753906;51.5;2.5485548973083496;16442
1516454539.635697;1516454539;635696887;176;177;9.869999885559082;-94.06999969482422;-279.29998779296875;-152.97999572753906;50.36000061035156;3.299999952316284;16442
1516454539.738453;1516454539;738452911;176;177;10.420000076293945;-93.38999938964844;-279.29998779296875;-152.97999572753906;50.36000061035156;3.294219970703125;16442
1516454539.840657;1516454539;840656995;176;177;9.680000305175781;-94.6500015258789;-279.29998779296875;-152.97999572753906;-95.55999755859375;2.542773962020874;16442
1516454540.044938;1516454540;44938087;176;177;9.65999984741211;-93.95999908447266;-279.29998779296875;-152.97999572753906;51.5;3.294219970703125;16442
1516454540.147363;1516454540;147362947;176;177;10.229999542236328;-94.0199966430664;-279.29998779296875;-152.97999572753906;51.5;3.294219970703125;16442
1516454540.24914;1516454540;249140024;176;177;10.210000038146973;-94.37999725341797;-279.29998779296875;-152.97999572753906;50.36000061035156;3.299999952316284;16442
1516454540.351755;1516454540;351754903;176;177;10.119999885559082;-94.94999694824219;-279.29998779296875;-152.97999572753906;51.5;3.294219970703125;16442
1516454540.453478;1516454540;453478097;176;177;10.039999961853027;-95.44999694824219;-279.29998779296875;-152.97999572753906;50.36000061035156;3.299999952316284;16442
1516454540.556231;1516454540;556231021;176;177;10.09000015258789;-95.08999633789062;-279.29998779296875;-152.97999572753906;50.36000061035156;3.294219970703125;16442
1516454540.658548;1516454540;658548116;176;177;9.880000114440918;-94.7699966430664;-279.29998779296875;-152.97999572753906;-95.55999755859375;2.554335117340088;16442
1516454540.760595;1516454540;760595083;176;177;9.9399995803833;-95.58000183105469;-279.29998779296875;-152.97999572753906;50.36000061035156;2.5485548973083496;16442
1516454540.862979;1516454540;862978935;176;177;10.15999984741211;-95.52999877929688;-279.29998779296875;-152.97999572753906;-95.55999755859375;2.542773962020874;16442
1516454540.965199;1516454540;965198993;176;177;10.0600004196167;-94.83000183105469;-279.29998779296875;-152.97999572753906;50.36000061035156;3.2884390354156494;16442
1516454541.067563;1516454541;67563056;176;177;10.010000228881836;-95.16999816894531;-279.29998779296875;-152.97999572753906;-95.55999755859375;2.554335117340088;16442
1516454541.169202;1516454541;169202089;176;177;10.119999885559082;-95.0;-279.29998779296875;-152.97999572753906;50.36000061035156;3.294219970703125;16442
1516454541.271918;1516454541;271918058;176;177;10.220000267028809;-95.3499984741211;-279.29998779296875;-152.97999572753906;-95.55999755859375;2.554335117340088;16442
1516454541.374056;1516454541;374056100;176;177;10.260000228881836;-95.27999877929688;-279.29998779296875;-152.97999572753906;-95.55999755859375;2.554335117340088;16442
1516454541.476312;1516454541;476311922;176;177;10.199999809265137;-95.22000122070312;-279.29998779296875;-152.97999572753906;-95.55999755859375;2.554335117340088;16442
1516454541.57849;1516454541;578490018;176;177;10.15999984741211;-95.2300033569336;-279.29998779296875;-152.97999572753906;50.36000061035156;3.2884390354156494;16442
1516454541.680947;1516454541;680947065;176;177;10.1899995803833;-95.01000213623047;-279.29998779296875;-152.97999572753906;-95.55999755859375;2.542773962020874;16442
1516454541.782698;1516454541;782697916;176;177;10.15999984741211;-95.94000244140625;-279.29998779296875;-152.97999572753906;-94.41999816894531;2.554335117340088;16442
1516454541.885007;1516454541;885006904;176;177;10.1899995803833;-94.91999816894531;-279.29998779296875;-152.97999572753906;51.5;2.5485548973083496;16442
1516454541.987184;1516454541;987184047;176;177;10.119999885559082;-95.23999786376953;-279.29998779296875;-152.97999572753906;51.5;3.2884390354156494;16442
1516454542.191815;1516454542;191814899;176;177;10.119999885559082;-94.47000122070312;-279.29998779296875;-152.97999572753906;50.36000061035156;3.294219970703125;16442
1516454542.29419;1516454542;294189929;176;177;10.079999923706055;-94.7300033569336;-279.29998779296875;-152.97999572753906;-95.55999755859375;2.554335117340088;16442
1516454542.39564;1516454542;395639896;176;177;10.020000457763672;-94.87999725341797;-279.29998779296875;-152.97999572753906;51.5;3.299999952316284;16442
1516454542.498138;1516454542;498137950;176;177;9.979999542236328;-95.0;-279.29998779296875;-152.97999572753906;-95.55999755859375;2.542773962020874;16442
1516454542.600873;1516454542;600872993;176;177;10.029999732971191;-94.72000122070312;-279.29998779296875;-152.97999572753906;-95.55999755859375;2.542773962020874;16442
1516454542.702888;1516454542;702888011;176;177;10.020000457763672;-94.87000274658203;-279.29998779296875;-152.97999572753906;50.36000061035156;3.2884390354156494;16442
1516454542.804963;1516454542;804963111;176;177;10.010000228881836;-94.66000366210938;-279.29998779296875;-152.97999572753906;51.5;3.2884390354156494;16442
1516454542.907107;1516454542;907107114;176;177;10.020000457763672;-94.80000305175781;-279.29998779296875;-152.97999572753906;50.36000061035156;3.294219970703125;16442
1516454543.009313;1516454543;9313106;176;177;10.029999732971191;-94.43000030517578;-279.29998779296875;-152.97999572753906;51.5;3.294219970703125;16442
1516454543.111612;1516454543;111612081;176;177;10.0600004196167;-94.63999938964844;-279.29998779296875;-152.97999572753906;51.5;3.294219970703125;16442
1516454543.21336;1516454543;213360071;176;177;10.039999961853027;-94.87000274658203;-279.29998779296875;-152.97999572753906;51.5;3.299999952316284;16442
1516454543.316288;1516454543;316287994;176;177;10.069999694824219;-95.19000244140625;-279.29998779296875;-152.97999572753906;-95.55999755859375;2.554335117340088;16442
1516454543.41848;1516454543;418479919;176;177;10.020000457763672;-95.1500015258789;-279.29998779296875;-152.97999572753906;-95.55999755859375;2.554335117340088;16442
1516454543.520406;1516454543;520406007;176;177;10.100000381469727;-95.1500015258789;-279.29998779296875;-152.97999572753906;51.5;2.5485548973083496;16442
1516454543.622933;1516454543;622932910;176;177;10.029999732971191;-95.04000091552734;-279.29998779296875;-152.97999572753906;50.36000061035156;3.2884390354156494;16442
1516454543.72487;1516454543;724869966;176;177;10.0;-94.81999969482422;-279.29998779296875;-152.97999572753906;-95.55999755859375;2.542773962020874;16442
1516454543.827413;1516454543;827413082;176;177;10.050000190734863;-94.80999755859375;-279.29998779296875;-152.97999572753906;-95.55999755859375;2.542773962020874;16442
1516454543.929746;1516454543;929745912;176;177;10.09000015258789;-94.58999633789062;-279.29998779296875;-152.97999572753906;-95.55999755859375;2.554335117340088;16442
1516454544.031763;1516454544;31763076;176;177;10.09000015258789;-94.4800033569336;-279.29998779296875;-152.97999572753906;51.5;2.554335117340088;16442
1516454544.134111;1516454544;134110927;176;177;10.069999694824219;-94.62999725341797;-279.29998779296875;-152.97999572753906;-95.55999755859375;2.554335117340088;16442
1516454544.338192;1516454544;338191986;176;177;10.100000381469727;-94.86000061035156;-279.29998779296875;-152.97999572753906;51.5;2.554335117340088;16442
1516454544.440439;1516454544;440438985;176;177;10.069999694824219;-94.91000366210938;-279.29998779296875;-152.97999572753906;51.5;3.294219970703125;16442
1516454544.541796;1516454544;541795969;176;177;10.100000381469727;-94.91000366210938;-279.29998779296875;-152.97999572753906;-95.55999755859375;2.554335117340088;16442
1516454544.645042;1516454544;645041942;176;177;10.09000015258789;-95.13999938964844;-279.29998779296875;-152.97999572753906;50.36000061035156;3.2826590538024902;16442
1516454544.74713;1516454544;747129917;176;177;10.130000114440918;-94.62000274658203;-279.29998779296875;-152.97999572753906;51.5;2.5485548973083496;16442
1516454544.848754;1516454544;848753929;176;177;10.100000381469727;-95.06999969482422;-279.29998779296875;-152.97999572753906;51.5;3.299999952316284;16442
1516454544.951514;1516454544;951514005;176;177;10.119999885559082;-94.69000244140625;-279.29998779296875;-152.97999572753906;51.5;3.294219970703125;16442
1516454545.053975;1516454545;53975105;176;177;10.119999885559082;-94.44999694824219;-279.29998779296875;-152.97999572753906;-95.55999755859375;2.554335117340088;16442
1516454545.156316;1516454545;156316041;176;177;10.050000190734863;-94.80999755859375;-279.29998779296875;-152.97999572753906;-95.55999755859375;2.554335117340088;16442
1516454545.258171;1516454545;258171081;176;177;10.100000381469727;-94.4000015258789;-279.29998779296875;-152.97999572753906;-95.55999755859375;2.554335117340088;16442
1516454545.360449;1516454545;360449075;176;177;10.119999885559082;-95.16999816894531;-279.29998779296875;-152.97999572753906;51.5;2.5485548973083496;16442
1516454545.462848;1516454545;462847948;176;177;10.109999656677246;-95.02999877929688;-279.29998779296875;-152.97999572753906;-95.55999755859375;2.542773962020874;16442
1516454545.564838;1516454545;564837932;176;177;10.100000381469727;-95.0199966430664;-279.29998779296875;-152.97999572753906;51.5;2.5485548973083496;16442
1516454545.667293;1516454545;667293071;176;177;10.069999694824219;-94.79000091552734;-279.29998779296875;-152.97999572753906;-95.55999755859375;2.542773962020874;16442
1516454545.769571;1516454545;769571065;176;177;10.079999923706055;-94.77999877929688;-279.29998779296875;-152.97999572753906;-95.55999755859375;2.554335117340088;16442
1516454545.871884;1516454545;871884107;176;177;10.079999923706055;-94.5199966430664;-279.29998779296875;-152.97999572753906;-95.55999755859375;2.554335117340088;16442
1516454545.973768;1516454545;973767995;176;177;10.109999656677246;-94.66999816894531;-279.29998779296875;-152.97999572753906;50.36000061035156;3.294219970703125;16442
1516454546.076024;1516454546;76024055;176;177;10.079999923706055;-94.81999969482422;-279.29998779296875;-152.97999572753906;50.36000061035156;3.294219970703125;16442
1516454546.178073;1516454546;178072929;176;177;10.09000015258789;-95.0;-279.29998779296875;-152.97999572753906;-95.55999755859375;2.554335117340088;16442
1516454546.280428;1516454546;280427932;176;177;10.0600004196167;-94.69000244140625;-279.29998779296875;-152.97999572753906;51.5;2.5485548973083496;16442
1516454546.484781;1516454546;484781026;176;177;10.0600004196167;-95.33000183105469;-279.29998779296875;-152.97999572753906;51.5;3.2884390354156494;16442
1516454546.587041;1516454546;587040901;176;177;10.079999923706055;-95.22000122070312;-279.29998779296875;-152.97999572753906;50.36000061035156;3.294219970703125;16442
1516454546.689283;1516454546;689282894;176;177;10.069999694824219;-94.8499984741211;-279.29998779296875;-152.97999572753906;50.36000061035156;3.294219970703125;16442
1516454546.893584;1516454546;893584012;176;177;10.069999694824219;-94.94999694824219;-279.29998779296875;-152.97999572753906;51.5;3.294219970703125;16442
1516454546.996786;1516454546;996786117;176;177;10.09000015258789;-95.02999877929688;-279.29998779296875;-152.97999572753906;50.36000061035156;3.294219970703125;16442
1516454547.099187;1516454547;99186897;176;177;10.069999694824219;-95.13999938964844;-279.29998779296875;-152.97999572753906;-95.55999755859375;2.554335117340088;16442
1516454547.200417;1516454547;200417041;176;177;10.079999923706055;-95.01000213623047;-279.29998779296875;-152.97999572753906;50.36000061035156;3.294219970703125;16442
1516454547.404789;1516454547;404788970;176;177;10.0600004196167;-94.72000122070312;-279.29998779296875;-152.97999572753906;51.5;3.294219970703125;16442
1516454547.507005;1516454547;507004976;176;177;10.050000190734863;-94.76000213623047;-279.29998779296875;-152.97999572753906;51.5;2.542773962020874;16442
1516454547.609218;1516454547;609217882;176;177;10.050000190734863;-94.58999633789062;-279.29998779296875;-152.97999572753906;51.5;3.294219970703125;16442
1516454547.711684;1516454547;711683988;176;177;10.0600004196167;-94.66000366210938;-279.29998779296875;-152.97999572753906;-95.55999755859375;2.554335117340088;16442
1516454547.813858;1516454547;813858032;176;177;10.020000457763672;-95.05000305175781;-279.29998779296875;-152.97999572753906;-95.55999755859375;2.554335117340088;16442
1516454547.916169;1516454547;916168928;176;177;10.020000457763672;-95.16000366210938;-279.29998779296875;-152.97999572753906;-95.55999755859375;2.554335117340088;16442
1516454548.018278;1516454548;18277883;176;177;10.09000015258789;-95.02999877929688;-279.29998779296875;-152.97999572753906;-95.55999755859375;2.554335117340088;16442
1516454548.120925;1516454548;120924949;176;177;10.079999923706055;-95.48999786376953;-279.29998779296875;-152.97999572753906;-95.55999755859375;2.542773962020874;16442
1516454548.222342;1516454548;222342014;176;177;10.079999923706055;-95.0;-279.29998779296875;-152.97999572753906;50.36000061035156;3.2884390354156494;16442
1516454548.324874;1516454548;324873924;176;177;10.069999694824219;-94.52999877929688;-279.29998779296875;-152.97999572753906;51.5;2.5485548973083496;16442
1516454548.426761;1516454548;426760911;176;177;10.119999885559082;-94.70999908447266;-279.29998779296875;-152.97999572753906;50.36000061035156;3.294219970703125;16442
1516454548.630949;1516454548;630949020;176;177;10.0600004196167;-94.86000061035156;-279.29998779296875;-152.97999572753906;50.36000061035156;3.299999952316284;16442
1516454548.835542;1516454548;835541963;176;177;10.039999961853027;-94.76000213623047;-279.29998779296875;-152.97999572753906;50.36000061035156;3.299999952316284;16442
1516454548.937954;1516454548;937953948;176;177;10.0600004196167;-95.19999694824219;-279.29998779296875;-152.97999572753906;51.5;2.5485548973083496;16442
1516454549.040357;1516454549;40357112;176;177;10.039999961853027;-95.29000091552734;-279.29998779296875;-152.97999572753906;50.36000061035156;3.2884390354156494;16442
1516454549.142498;1516454549;142498016;176;177;10.069999694824219;-94.91999816894531;-279.29998779296875;-152.97999572753906;50.36000061035156;3.294219970703125;16442
1516454549.244935;1516454549;244935035;176;177;10.079999923706055;-94.68000030517578;-279.29998779296875;-152.97999572753906;-95.55999755859375;2.542773962020874;16442
1516454549.346907;1516454549;346906900;176;177;10.020000457763672;-94.93000030517578;-279.29998779296875;-152.97999572753906;51.5;3.294219970703125;16442
1516454549.449373;1516454549;449373006;176;177;10.0600004196167;-95.30999755859375;-279.29998779296875;-152.97999572753906;-95.55999755859375;2.554335117340088;16442
1516454549.551149;1516454549;551148891;176;177;10.050000190734863;-94.9000015258789;-279.29998779296875;-152.97999572753906;51.5;3.294219970703125;16442
1516454549.653737;1516454549;653737068;176;177;10.039999961853027;-94.94999694824219;-279.29998779296875;-152.97999572753906;-95.55999755859375;2.542773962020874;16442
1516454549.756041;1516454549;756041049;176;177;10.020000457763672;-94.98999786376953;-279.29998779296875;-152.97999572753906;-95.55999755859375;2.554335117340088;16442
1516454549.858168;1516454549;858167886;176;177;10.020000457763672;-95.23999786376953;-279.29998779296875;-152.97999572753906;-94.41999816894531;2.554335117340088;16442
1516454549.96044;1516454549;960439920;176;177;10.050000190734863;-94.98999786376953;-279.29998779296875;-152.97999572753906;-95.55999755859375;2.5485548973083496;16442
1516454550.062436;1516454550;62436103;176;177;10.050000190734863;-94.76000213623047;-279.29998779296875;-152.97999572753906;50.36000061035156;3.294219970703125;16442
