time;sec;nsec;id;range
1513594265.799078;1513594265;799077987;178;0.0
1513594265.920238;1513594265;920238018;178;4.2
1513594266.124752;1513594266;124752044;178;4.19
1513594266.226802;1513594266;226802110;178;4.19
1513594266.329081;1513594266;329081058;178;4.2
1513594266.431412;1513594266;431411981;178;4.19
1513594266.533441;1513594266;533441066;178;4.2
1513594266.635695;1513594266;635694980;178;4.2
1513594266.738203;1513594266;738203048;178;4.22
1513594266.840418;1513594266;840418100;178;4.22
1513594266.94251;1513594266;942509889;178;4.21
1513594267.044823;1513594267;44822931;178;4.19
1513594267.249235;1513594267;249234914;178;4.21
1513594267.35153;1513594267;351530075;178;4.19
1513594267.453696;1513594267;453696012;178;4.2
1513594267.555952;1513594267;555952072;178;4.18
1513594267.658059;1513594267;658058881;178;4.2
1513594267.760231;1513594267;760231018;178;4.2
1513594267.862554;1513594267;862554073;178;4.17
1513594268.066929;1513594268;66929101;178;4.19
1513594268.169138;1513594268;169137954;178;4.19
1513594268.373679;1513594268;373678922;178;4.19
1513594268.475863;1513594268;475862979;178;4.17
1513594268.57809;1513594268;578089952;178;4.21
1513594268.680378;1513594268;680377960;178;4.17
1513594268.782576;1513594268;782576084;178;4.13
1513594268.884785;1513594268;884784936;178;4.16
1513594268.987113;1513594268;987112998;178;4.16
1513594269.089109;1513594269;89108943;178;4.13
1513594269.191264;1513594269;191263914;178;4.15
1513594269.293548;1513594269;293548107;178;4.14
1513594269.498019;1513594269;498018980;178;4.15
1513594269.600384;1513594269;600383996;178;4.11
1513594269.702765;1513594269;702764987;178;4.13
1513594269.804758;1513594269;804758071;178;4.12
1513594269.906936;1513594269;906935930;178;4.1
1513594270.009309;1513594270;9309053;178;4.09
1513594270.070676;1513594270;70676088;177;0.0
1513594270.227626;1513594270;227626085;178;4.08
1513594270.241705;1513594270;241704940;177;0.53
1513594270.351656;1513594270;351655960;178;4.09
1513594270.365602;1513594270;365602016;177;0.54
1513594270.474425;1513594270;474425077;178;4.05
1513594270.488318;1513594270;488317966;177;0.58
1513594270.722492;1513594270;722491979;178;4.02
1513594270.736357;1513594270;736356973;177;0.62
1513594270.845147;1513594270;845146894;178;3.96
1513594270.859123;1513594270;859122991;177;0.63
1513594270.969195;1513594270;969194889;178;3.97
1513594270.982988;1513594270;982988119;177;0.68
1513594271.091853;1513594271;91852903;178;3.92
1513594271.105658;1513594271;105658054;177;0.7
1513594271.215773;1513594271;215773105;178;3.9
1513594271.229763;1513594271;229763031;177;0.67
1513594271.339884;1513594271;339884042;178;3.86
1513594271.353848;1513594271;353847980;177;0.74
1513594271.462536;1513594271;462536096;178;3.82
1513594271.476462;1513594271;476461887;177;0.63
1513594271.586545;1513594271;586544990;178;3.77
1513594271.600434;1513594271;600434064;177;0.64
1513594271.710565;1513594271;710565090;178;3.74
1513594271.72464;1513594271;724639892;177;0.67
1513594271.833057;1513594271;833056926;178;3.7
1513594271.846737;1513594271;846736907;177;0.71
1513594272.079986;1513594272;79986095;178;3.64
1513594272.093842;1513594272;93842029;177;0.77
1513594272.204128;1513594272;204128026;178;3.68
1513594272.218074;1513594272;218074083;177;0.84
1513594272.328046;1513594272;328046083;178;3.62
1513594272.341874;1513594272;341873884;177;0.81
1513594272.450571;1513594272;450571060;178;3.6
1513594272.464581;1513594272;464581012;177;0.72
1513594272.574679;1513594272;574678897;178;3.56
1513594272.588725;1513594272;588725090;177;0.99
1513594272.643957;1513594272;643956899;179;0.0
1513594272.835517;1513594272;835516929;178;3.51
1513594272.8493;1513594272;849299907;177;0.77
1513594272.863456;1513594272;863456010;179;3.63
1513594272.979815;1513594272;979815006;178;3.5
1513594272.993673;1513594272;993673086;177;0.77
1513594273.007972;1513594273;7972002;179;3.62
1513594273.12446;1513594273;124459981;178;3.47
1513594273.138354;1513594273;138354063;177;0.74
1513594273.152275;1513594273;152275085;179;3.58
1513594273.26892;1513594273;268919944;178;3.39
1513594273.282927;1513594273;282927036;177;0.74
1513594273.296874;1513594273;296874046;179;3.55
1513594273.557894;1513594273;557893991;178;3.31
1513594273.571671;1513594273;571671009;177;1.37
1513594273.585864;1513594273;585864067;179;3.46
1513594273.702379;1513594273;702378988;178;3.33
1513594273.716295;1513594273;716295003;177;1.37
1513594273.730288;1513594273;730288028;179;3.45
1513594273.84686;1513594273;846859931;178;3.26
1513594273.860832;1513594273;860831975;177;1.34
1513594273.874654;1513594273;874654054;179;3.43
1513594273.991266;1513594273;991266012;178;3.23
1513594274.005269;1513594274;5269050;177;1.42
1513594274.019135;1513594274;19134998;179;3.46
1513594274.135734;1513594274;135734081;178;3.19
1513594274.149709;1513594274;149708986;177;1.39
1513594274.163733;1513594274;163733005;179;3.36
1513594274.280309;1513594274;280308961;178;3.17
1513594274.294263;1513594274;294262886;177;1.38
1513594274.308269;1513594274;308269023;179;3.35
1513594274.424655;1513594274;424654960;178;3.11
1513594274.438172;1513594274;438172101;177;1.36
1513594274.452637;1513594274;452636957;179;3.32
1513594274.569258;1513594274;569257974;178;3.13
1513594274.583021;1513594274;583020925;177;1.43
1513594274.59692;1513594274;596920013;179;3.31
1513594274.713513;1513594274;713512897;178;3.06
1513594274.727674;1513594274;727674007;177;1.46
1513594274.741583;1513594274;741583108;179;3.26
1513594274.858184;1513594274;858184099;178;3.04
1513594274.871997;1513594274;871997117;177;1.48
1513594274.886177;1513594274;886177062;179;3.25
1513594275.147107;1513594275;147106885;178;2.96
1513594275.161093;1513594275;161092996;177;1.55
1513594275.175065;1513594275;175065040;179;3.19
1513594275.291685;1513594275;291685104;178;2.96
1513594275.305616;1513594275;305615901;177;1.52
1513594275.319531;1513594275;319530963;179;3.11
1513594275.435507;1513594275;435507059;178;2.92
1513594275.449909;1513594275;449908971;177;1.56
1513594275.464055;1513594275;464055061;179;3.11
1513594275.580578;1513594275;580578088;178;2.94
1513594275.594494;1513594275;594494104;177;1.56
1513594275.608098;1513594275;608098030;179;3.12
1513594275.656351;1513594275;656351089;180;0.0
1513594275.883513;1513594275;883512973;178;2.83
1513594275.897489;1513594275;897489070;177;1.66
1513594275.911438;1513594275;911437988;179;3.01
1513594275.925633;1513594275;925632953;180;1.95
1513594276.048475;1513594276;48475027;178;2.78
1513594276.062282;1513594276;62282085;177;1.62
1513594276.076296;1513594276;76296091;179;2.95
1513594276.090268;1513594276;90267896;180;1.89
1513594276.214688;1513594276;214688062;178;2.75
1513594276.228738;1513594276;228738069;177;1.67
1513594276.242639;1513594276;242639064;179;2.94
1513594276.256515;1513594276;256515026;180;1.78
1513594276.381096;1513594276;381095886;178;2.71
1513594276.394982;1513594276;394982099;177;1.74
1513594276.408771;1513594276;408771038;179;2.95
1513594276.42292;1513594276;422919988;180;1.83
1513594276.545972;1513594276;545972108;178;2.67
1513594276.55935;1513594276;559350013;177;1.74
1513594276.573762;1513594276;573761940;179;2.89
1513594276.587693;1513594276;587692975;180;1.67
1513594276.877146;1513594276;877146005;178;2.62
1513594276.891094;1513594276;891093969;177;1.86
1513594276.904921;1513594276;904921054;179;2.86
1513594276.918984;1513594276;918983936;180;1.69
1513594277.041989;1513594277;41989088;178;2.52
1513594277.056036;1513594277;56035995;177;1.81
1513594277.070025;1513594277;70024967;179;2.77
1513594277.084027;1513594277;84027051;180;1.69
1513594277.206902;1513594277;206902027;178;2.54
1513594277.220779;1513594277;220778942;177;1.87
1513594277.234791;1513594277;234791040;179;2.74
1513594277.248392;1513594277;248392105;180;1.72
1513594277.37325;1513594277;373250007;178;2.51
1513594277.387059;1513594277;387058973;177;1.88
1513594277.401256;1513594277;401256084;179;2.74
1513594277.415094;1513594277;415093898;180;1.75
1513594277.539404;1513594277;539403915;178;2.48
1513594277.553277;1513594277;553277015;177;1.9
1513594277.567382;1513594277;567382097;179;2.7
1513594277.581118;1513594277;581118106;180;1.79
1513594277.704384;1513594277;704384088;178;2.41
1513594277.71848;1513594277;718480110;177;1.91
1513594277.732399;1513594277;732398986;179;2.63
1513594277.746521;1513594277;746520996;180;1.87
1513594277.869464;1513594277;869463920;178;2.34
1513594277.883275;1513594277;883275032;177;1.9
1513594277.897343;1513594277;897342920;179;2.64
1513594277.9112;1513594277;911200046;180;1.95
1513594278.200393;1513594278;200392961;178;2.3
1513594278.214604;1513594278;214603900;177;1.92
1513594278.228598;1513594278;228598117;179;2.56
1513594278.242573;1513594278;242573022;180;1.95
1513594278.365461;1513594278;365461111;178;2.27
1513594278.379453;1513594278;379452943;177;1.97
1513594278.393415;1513594278;393414974;179;2.59
1513594278.407489;1513594278;407489061;180;2.02
1513594278.697996;1513594278;697995901;178;2.19
1513594278.712066;1513594278;712065935;177;2.09
1513594278.725962;1513594278;725961923;179;2.57
1513594278.739945;1513594278;739944934;180;2.15
1513594278.863086;1513594278;863085985;178;2.16
1513594278.877027;1513594278;877027034;177;2.09
1513594278.891083;1513594278;891083002;179;2.56
1513594278.904846;1513594278;904845952;180;2.16
1513594279.027919;1513594279;27919054;178;2.14
1513594279.041967;1513594279;41966915;177;2.16
1513594279.055991;1513594279;55990934;179;2.52
1513594279.069821;1513594279;69820880;180;2.19
1513594279.359246;1513594279;359246015;178;2.04
1513594279.373089;1513594279;373089075;177;2.26
1513594279.386499;1513594279;386498928;179;2.5
1513594279.400968;1513594279;400968074;180;2.21
1513594279.524151;1513594279;524151086;178;2.01
1513594279.537909;1513594279;537909030;177;2.31
1513594279.552045;1513594279;552045106;179;2.48
1513594279.565875;1513594279;565875053;180;2.18
1513594279.690406;1513594279;690406084;178;1.96
1513594279.704206;1513594279;704205989;177;2.34
1513594279.718205;1513594279;718204975;179;2.49
1513594279.732236;1513594279;732235908;180;2.23
1513594279.85665;1513594279;856650114;178;1.95
1513594279.870597;1513594279;870596885;177;2.39
1513594279.88454;1513594279;884540081;179;2.47
1513594279.898489;1513594279;898488998;180;2.23
1513594280.021578;1513594280;21578073;178;1.89
1513594280.035303;1513594280;35303115;177;2.4
1513594280.049356;1513594280;49355983;179;2.44
1513594280.063535;1513594280;63534975;180;2.27
1513594280.186234;1513594280;186233997;178;1.88
1513594280.200499;1513594280;200499057;177;2.44
1513594280.214326;1513594280;214325904;179;2.5
1513594280.22847;1513594280;228470087;180;2.26
1513594280.517759;1513594280;517759084;178;1.78
1513594280.531547;1513594280;531547069;177;2.58
1513594280.545647;1513594280;545646905;179;2.48
1513594280.559692;1513594280;559691905;180;2.34
1513594280.682686;1513594280;682686090;178;1.77
1513594280.696597;1513594280;696597099;177;2.58
1513594280.710383;1513594280;710382938;179;2.47
1513594280.724674;1513594280;724673986;180;2.38
1513594280.848801;1513594280;848800897;178;1.72
1513594280.862844;1513594280;862843990;177;2.61
1513594280.876736;1513594280;876735925;179;2.21
1513594280.890854;1513594280;890853881;180;2.36
1513594281.015149;1513594281;15149116;178;1.67
1513594281.029014;1513594281;29014110;177;2.64
1513594281.042951;1513594281;42951107;179;2.06
1513594281.057207;1513594281;57207107;180;2.44
1513594281.180036;1513594281;180036067;178;1.61
1513594281.193897;1513594281;193897008;177;2.64
1513594281.208172;1513594281;208172082;179;2.01
1513594281.222027;1513594281;222027063;180;2.51
1513594281.344968;1513594281;344968080;178;1.58
1513594281.359008;1513594281;359008073;177;2.69
1513594281.372937;1513594281;372936964;179;1.83
1513594281.387006;1513594281;387006044;180;2.48
1513594281.511278;1513594281;511277914;178;1.54
1513594281.525212;1513594281;525212049;177;2.67
1513594281.539137;1513594281;539136886;179;1.85
1513594281.553221;1513594281;553220987;180;2.47
1513594281.676153;1513594281;676152944;178;1.5
1513594281.690154;1513594281;690154075;177;2.76
1513594281.704123;1513594281;704123020;179;1.91
1513594281.71815;1513594281;718149900;180;2.58
1513594281.841175;1513594281;841175079;178;1.42
1513594281.855003;1513594281;855003118;177;2.72
1513594281.869024;1513594281;869024038;179;1.98
1513594281.88307;1513594281;883069992;180;2.63
1513594282.007443;1513594282;7442951;178;1.45
1513594282.021231;1513594282;21230936;177;2.79
1513594282.035167;1513594282;35166978;179;1.95
1513594282.049402;1513594282;49401998;180;2.62
1513594282.338538;1513594282;338537931;178;1.4
1513594282.352507;1513594282;352507114;177;2.88
1513594282.366385;1513594282;366384983;179;1.97
1513594282.380513;1513594282;380512952;180;2.75
1513594282.503466;1513594282;503465890;178;1.39
1513594282.517337;1513594282;517337083;177;2.89
1513594282.53145;1513594282;531450033;179;1.84
1513594282.545565;1513594282;545564889;180;2.75
1513594282.834821;1513594282;834820985;178;1.33
1513594282.84885;1513594282;848850011;177;2.92
1513594282.862783;1513594282;862782955;179;1.75
1513594282.876816;1513594282;876816034;180;2.88
1513594282.999799;1513594282;999799013;178;1.28
1513594283.01372;1513594283;13720035;177;2.96
1513594283.027594;1513594283;27594089;179;1.84
1513594283.041078;1513594283;41078090;180;2.9
1513594283.165913;1513594283;165913105;178;1.21
1513594283.179929;1513594283;179929018;177;3.01
1513594283.193838;1513594283;193837881;179;1.92
1513594283.207999;1513594283;207998991;180;2.93
1513594283.332291;1513594283;332290887;178;1.18
1513594283.346259;1513594283;346259117;177;3.02
1513594283.360223;1513594283;360223054;179;1.83
1513594283.37419;1513594283;374190092;180;2.97
1513594283.497086;1513594283;497086048;178;1.17
1513594283.510964;1513594283;510963916;177;3.07
1513594283.525264;1513594283;525264024;179;1.85
1513594283.538851;1513594283;538851022;180;3.0
1513594283.662014;1513594283;662014007;178;1.14
1513594283.675989;1513594283;675988912;177;3.04
1513594283.690262;1513594283;690262079;179;1.73
1513594283.70408;1513594283;704080104;180;3.01
1513594283.828415;1513594283;828414916;178;1.08
1513594283.842348;1513594283;842348098;177;3.14
1513594283.855829;1513594283;855829000;179;1.67
1513594283.870336;1513594283;870336055;180;3.1
1513594284.158309;1513594284;158308982;178;1.05
1513594284.172144;1513594284;172143936;177;3.27
1513594284.186321;1513594284;186321020;179;1.65
1513594284.20015;1513594284;200150012;180;3.15
1513594284.324404;1513594284;324404001;178;1.03
1513594284.338367;1513594284;338366985;177;3.23
1513594284.352487;1513594284;352487087;179;1.6
1513594284.366308;1513594284;366307973;180;3.2
1513594284.49064;1513594284;490639925;178;0.97
1513594284.504754;1513594284;504754066;177;3.26
1513594284.518715;1513594284;518714904;179;1.54
1513594284.53254;1513594284;532540082;180;3.24
1513594284.655417;1513594284;655416965;178;1.0
1513594284.669554;1513594284;669553995;177;3.33
1513594284.683553;1513594284;683552980;179;1.51
1513594284.697404;1513594284;697403907;180;3.3
1513594284.820634;1513594284;820633888;178;0.97
1513594284.833981;1513594284;833981037;177;3.28
1513594284.848674;1513594284;848674058;179;1.48
1513594284.862608;1513594284;862607955;180;3.28
1513594285.151781;1513594285;151781082;178;0.99
1513594285.165767;1513594285;165766954;177;3.48
1513594285.179618;1513594285;179617881;179;1.5
1513594285.193703;1513594285;193702936;180;3.38
1513594285.316684;1513594285;316684007;178;0.89
1513594285.330609;1513594285;330609083;177;3.48
1513594285.344836;1513594285;344835996;179;1.43
1513594285.358552;1513594285;358551979;180;3.45
1513594285.483066;1513594285;483066082;178;0.91
1513594285.496898;1513594285;496897935;177;3.5
1513594285.510914;1513594285;510914087;179;1.42
1513594285.525016;1513594285;525016069;180;3.47
1513594285.649345;1513594285;649344921;178;0.97
1513594285.662722;1513594285;662722110;177;3.58
1513594285.677416;1513594285;677416086;179;1.37
1513594285.691215;1513594285;691215038;180;3.49
1513594285.979135;1513594285;979135036;178;0.94
1513594285.992962;1513594285;992961883;177;3.59
1513594286.007032;1513594286;7031917;179;1.29
1513594286.021098;1513594286;21097898;180;3.59
1513594286.31037;1513594286;310369968;178;0.97
1513594286.324403;1513594286;324403047;177;3.68
1513594286.338324;1513594286;338324069;179;1.26
1513594286.352257;1513594286;352257013;180;3.65
1513594286.475408;1513594286;475408077;178;1.03
1513594286.48917;1513594286;489170074;177;3.67
1513594286.502898;1513594286;502897977;179;1.16
1513594286.517152;1513594286;517152070;180;3.67
1513594286.641543;1513594286;641542911;178;1.02
1513594286.655586;1513594286;655586004;177;3.76
1513594286.669521;1513594286;669521093;179;1.23
1513594286.683579;1513594286;683578968;180;3.74
1513594286.807934;1513594286;807934045;178;1.16
1513594286.821889;1513594286;821888923;177;3.77
1513594286.835887;1513594286;835886955;179;1.21
1513594286.849684;1513594286;849684000;180;3.72
1513594286.972577;1513594286;972577095;178;1.1
1513594286.986843;1513594286;986843109;177;3.83
1513594287.000853;1513594287;853061;179;1.25
1513594287.014747;1513594287;14746904;180;3.81
1513594287.137843;1513594287;137842893;178;0.87
1513594287.15166;1513594287;151659965;177;3.84
1513594287.165646;1513594287;165646076;179;1.21
1513594287.179478;1513594287;179477930;180;3.8
1513594287.303997;1513594287;303997039;178;0.71
1513594287.318011;1513594287;318011045;177;3.91
1513594287.33185;1513594287;331850051;179;1.21
1513594287.345485;1513594287;345484972;180;3.88
1513594287.468987;1513594287;468986988;178;0.62
1513594287.482852;1513594287;482851982;177;3.91
1513594287.496803;1513594287;496803045;179;1.16
1513594287.510814;1513594287;510813951;180;3.89
1513594287.800038;1513594287;800038099;178;0.5
1513594287.814104;1513594287;814104080;177;4.03
1513594287.828116;1513594287;828115940;179;1.23
1513594287.842215;1513594287;842215061;180;3.96
1513594287.966464;1513594287;966464042;178;0.48
1513594287.980404;1513594287;980403900;177;4.07
1513594287.994393;1513594287;994393110;179;1.17
1513594288.008448;1513594288;8447885;180;4.01
1513594288.131387;1513594288;131386995;178;0.51
1513594288.145372;1513594288;145371913;177;4.17
1513594288.159342;1513594288;159342050;179;1.18
1513594288.17323;1513594288;173229932;180;4.08
1513594288.296246;1513594288;296246051;178;0.53
1513594288.310133;1513594288;310132980;177;4.06
1513594288.324292;1513594288;324291944;179;1.12
1513594288.338218;1513594288;338217973;180;4.06
1513594288.462395;1513594288;462394952;178;0.49
1513594288.475999;1513594288;475999116;177;4.18
1513594288.490575;1513594288;490575075;179;1.13
1513594288.50407;1513594288;504070043;180;4.11
1513594288.627468;1513594288;627468109;178;0.49
1513594288.641441;1513594288;641441106;177;4.23
1513594288.655443;1513594288;655442953;179;1.18
1513594288.669499;1513594288;669498920;180;4.18
1513594288.792564;1513594288;792563915;178;0.51
1513594288.806251;1513594288;806251049;177;4.33
1513594288.820418;1513594288;820417881;179;1.15
1513594288.834358;1513594288;834357976;180;4.25
1513594288.958648;1513594288;958647966;178;0.57
1513594288.972413;1513594288;972413063;177;4.3
1513594288.986674;1513594288;986674070;179;1.12
1513594289.00064;1513594289;639915;180;4.25
1513594289.124939;1513594289;124938964;178;0.62
1513594289.138795;1513594289;138794898;177;4.31
1513594289.153033;1513594289;153033018;179;1.15
1513594289.166994;1513594289;166994094;180;4.23
1513594289.289729;1513594289;289729118;178;0.7
1513594289.303324;1513594289;303323984;177;4.37
1513594289.317214;1513594289;317214012;179;1.19
1513594289.331258;1513594289;331258058;180;4.28
1513594289.786056;1513594289;786056041;178;0.73
1513594289.80007;1513594289;800070047;177;4.5
1513594289.814028;1513594289;814028024;179;1.22
1513594289.828119;1513594289;828119039;180;4.36
1513594289.950986;1513594289;950985908;178;0.66
1513594289.964934;1513594289;964934110;177;4.49
1513594289.978896;1513594289;978895902;179;1.21
1513594289.992943;1513594289;992943048;180;4.47
1513594290.117267;1513594290;117266893;178;0.65
1513594290.131236;1513594290;131236076;177;4.51
1513594290.145232;1513594290;145231962;179;1.24
1513594290.159306;1513594290;159306049;180;4.43
1513594290.283608;1513594290;283607959;178;0.63
1513594290.297365;1513594290;297364950;177;4.48
1513594290.310854;1513594290;310853958;179;1.25
1513594290.325393;1513594290;325392961;180;4.38
1513594290.448286;1513594290;448286056;178;0.65
1513594290.462405;1513594290;462404966;177;4.49
1513594290.476265;1513594290;476264953;179;1.18
1513594290.489845;1513594290;489845037;180;4.43
1513594290.613262;1513594290;613261938;178;0.66
1513594290.627265;1513594290;627264976;177;4.48
1513594290.641383;1513594290;641382932;179;1.22
1513594290.655357;1513594290;655356884;180;4.4
1513594290.779697;1513594290;779696941;178;0.74
1513594290.793686;1513594290;793685913;177;4.36
1513594290.807675;1513594290;807674884;179;1.14
1513594290.821674;1513594290;821674108;180;4.18
1513594290.944689;1513594290;944689035;178;0.98
1513594290.958282;1513594290;958281993;177;4.3
1513594290.972526;1513594290;972526073;179;1.18
1513594290.986493;1513594290;986493110;180;4.5
1513594291.109547;1513594291;109546899;178;1.13
1513594291.12327;1513594291;123270034;177;4.13
1513594291.137336;1513594291;137336015;179;1.21
1513594291.151296;1513594291;151295900;180;4.41
1513594291.441911;1513594291;441910982;178;0.79
1513594291.456023;1513594291;456022977;177;4.51
1513594291.47009;1513594291;470089912;179;1.16
1513594291.484035;1513594291;484035015;180;4.24
1513594291.606933;1513594291;606933116;178;1.2
1513594291.620961;1513594291;620960950;177;4.39
1513594291.634903;1513594291;634902954;179;1.18
1513594291.648996;1513594291;648996114;180;4.28
1513594291.77188;1513594291;771879911;178;1.34
1513594291.785892;1513594291;785892009;177;4.34
1513594291.799856;1513594291;799855947;179;1.16
1513594291.813864;1513594291;813863992;180;4.29
1513594291.938124;1513594291;938123941;178;1.35
1513594291.952147;1513594291;952147006;177;4.36
1513594291.966224;1513594291;966223955;179;1.13
1513594291.979975;1513594291;979974985;180;4.3
1513594292.103111;1513594292;103111028;178;1.29
1513594292.116939;1513594292;116939067;177;4.35
1513594292.131094;1513594292;131093978;179;1.14
1513594292.145076;1513594292;145076036;180;4.31
1513594292.268116;1513594292;268115997;178;1.37
1513594292.281992;1513594292;281991958;177;4.35
1513594292.295889;1513594292;295888900;179;1.13
1513594292.309572;1513594292;309571981;180;4.29
1513594292.434195;1513594292;434195041;178;0.8
1513594292.44834;1513594292;448339939;177;4.31
1513594292.462384;1513594292;462383985;179;1.11
1513594292.476343;1513594292;476342916;180;4.26
1513594292.6006;1513594292;600600004;178;0.8
1513594292.614564;1513594292;614563941;177;4.3
1513594292.628567;1513594292;628566980;179;1.11
1513594292.642587;1513594292;642586946;180;4.27
1513594292.76546;1513594292;765460014;178;0.82
1513594292.7795;1513594292;779500007;177;4.29
1513594292.793489;1513594292;793488979;179;1.14
1513594292.807516;1513594292;807516098;180;4.27
1513594292.929901;1513594292;929900884;178;0.83
1513594292.94452;1513594292;944519996;177;4.28
1513594292.958334;1513594292;958333969;179;1.09
1513594292.972619;1513594292;972619056;180;4.25
1513594293.261492;1513594293;261492013;178;0.89
1513594293.275698;1513594293;275697946;177;4.31
1513594293.289717;1513594293;289716958;179;1.07
1513594293.303731;1513594293;303730964;180;4.26
1513594293.42647;1513594293;426470041;178;0.94
1513594293.44052;1513594293;440520048;177;4.31
1513594293.454483;1513594293;454483032;179;1.06
1513594293.468609;1513594293;468609094;180;4.21
1513594293.592694;1513594293;592694044;178;0.94
1513594293.606907;1513594293;606906890;177;4.32
1513594293.6208;1513594293;620800018;179;0.93
1513594293.63472;1513594293;634720087;180;4.21
1513594293.759351;1513594293;759351015;178;0.95
1513594293.773124;1513594293;773123979;177;4.33
1513594293.787056;1513594293;787055969;179;0.91
1513594293.801126;1513594293;801126003;180;4.19
1513594293.924002;1513594293;924001932;178;0.9
1513594293.938197;1513594293;938196897;177;4.28
1513594293.951954;1513594293;951953887;179;0.88
1513594293.966091;1513594293;966090917;180;4.12
1513594294.088857;1513594294;88856935;178;0.92
1513594294.102974;1513594294;102973937;177;4.27
1513594294.117012;1513594294;117012023;179;0.87
1513594294.130978;1513594294;130978107;180;4.16
1513594294.255237;1513594294;255237102;178;0.97
1513594294.269188;1513594294;269187927;177;4.26
1513594294.283285;1513594294;283284902;179;0.82
1513594294.297246;1513594294;297245979;180;4.15
1513594294.419886;1513594294;419886112;178;1.0
1513594294.434133;1513594294;434133052;177;4.31
1513594294.448058;1513594294;448057889;179;0.86
1513594294.462201;1513594294;462201118;180;4.11
1513594294.585044;1513594294;585043907;178;1.07
1513594294.598991;1513594294;598990917;177;4.3
1513594294.612857;1513594294;612857103;179;0.73
1513594294.627085;1513594294;627084970;180;4.13
1513594294.751253;1513594294;751252889;178;1.13
1513594294.765381;1513594294;765381097;177;4.29
1513594294.779376;1513594294;779376029;179;0.73
1513594294.793468;1513594294;793467998;180;4.09
1513594295.082493;1513594295;82493066;178;1.22
1513594295.096449;1513594295;96448898;177;4.3
1513594295.11065;1513594295;110650062;179;0.68
1513594295.124709;1513594295;124708890;180;4.08
1513594295.24763;1513594295;247629880;178;1.32
1513594295.261361;1513594295;261360883;177;4.34
1513594295.275539;1513594295;275538921;179;0.67
1513594295.28973;1513594295;289730072;180;4.09
1513594295.413576;1513594295;413575887;178;1.3
1513594295.427779;1513594295;427778959;177;4.32
1513594295.441657;1513594295;441657066;179;0.62
1513594295.455952;1513594295;455951929;180;4.07
1513594295.578693;1513594295;578692913;178;1.3
1513594295.592759;1513594295;592758893;177;4.31
1513594295.60668;1513594295;606679916;179;0.53
1513594295.620735;1513594295;620734930;180;4.07
1513594295.743788;1513594295;743788003;178;1.34
1513594295.757737;1513594295;757736921;177;4.39
1513594295.771535;1513594295;771534919;179;0.55
1513594295.785794;1513594295;785794019;180;4.04
1513594295.909992;1513594295;909991979;178;1.37
1513594295.924026;1513594295;924026012;177;4.34
1513594295.937851;1513594295;937850952;179;0.44
1513594295.951817;1513594295;951817035;180;4.03
1513594296.076266;1513594296;76266050;178;1.31
1513594296.090208;1513594296;90208053;177;4.37
1513594296.104261;1513594296;104260921;179;0.46
1513594296.118325;1513594296;118324995;180;4.03
1513594296.241247;1513594296;241246938;178;1.37
1513594296.255246;1513594296;255245923;177;4.36
1513594296.269132;1513594296;269131898;179;0.42
1513594296.283185;1513594296;283185005;180;3.99
1513594296.406152;1513594296;406152009;178;1.36
1513594296.420094;1513594296;420094013;177;4.36
1513594296.433982;1513594296;433981895;179;0.39
1513594296.448059;1513594296;448059082;180;3.99
1513594296.902222;1513594296;902221918;178;1.31
1513594296.916311;1513594296;916311025;177;4.39
1513594296.930017;1513594296;930016994;179;0.28
1513594296.944162;1513594296;944161891;180;3.97
1513594297.068401;1513594297;68401098;178;1.37
1513594297.082646;1513594297;82645893;177;4.39
1513594297.096485;1513594297;96484899;179;0.21
1513594297.110485;1513594297;110485076;180;3.98
1513594297.234826;1513594297;234826087;178;1.37
1513594297.248834;1513594297;248833894;177;4.41
1513594297.262876;1513594297;262876033;179;0.17
1513594297.276811;1513594297;276810884;180;3.97
1513594297.399566;1513594297;399565935;178;1.37
1513594297.413777;1513594297;413777112;177;4.37
1513594297.427643;1513594297;427643060;179;0.18
1513594297.441836;1513594297;441836118;180;3.96
1513594297.56436;1513594297;564359903;178;1.6
1513594297.578582;1513594297;578582048;177;4.34
1513594297.592702;1513594297;592701911;179;0.21
1513594297.606519;1513594297;606518983;180;3.97
1513594297.730883;1513594297;730882883;178;1.54
1513594297.744801;1513594297;744801044;177;4.33
1513594297.759113;1513594297;759113073;179;0.24
1513594297.772894;1513594297;772893905;180;4.03
1513594297.895852;1513594297;895852088;178;1.53
1513594297.909727;1513594297;909727096;177;4.34
1513594297.923604;1513594297;923604011;179;0.3
1513594297.937668;1513594297;937668085;180;3.89
1513594298.060799;1513594298;60798883;178;1.55
1513594298.074699;1513594298;74698925;177;4.39
1513594298.088732;1513594298;88732004;179;0.21
1513594298.102626;1513594298;102626085;180;3.99
1513594298.227007;1513594298;227006912;178;1.45
1513594298.241007;1513594298;241007089;177;4.4
1513594298.255001;1513594298;255001068;179;0.23
1513594298.268954;1513594298;268954038;180;3.98
1513594298.393228;1513594298;393228054;178;1.39
1513594298.407292;1513594298;407291889;177;4.27
1513594298.421345;1513594298;421344995;179;0.18
1513594298.435389;1513594298;435389041;180;3.96
1513594298.722606;1513594298;722605943;178;1.38
1513594298.736891;1513594298;736891031;177;4.3
1513594298.750559;1513594298;750559091;179;0.24
1513594298.764989;1513594298;764988899;180;3.96
1513594298.889439;1513594298;889439105;178;1.39
1513594298.90348;1513594298;903480052;177;4.33
1513594298.917404;1513594298;917403936;179;0.26
1513594298.931176;1513594298;931175947;180;4.0
1513594299.054281;1513594299;54280996;178;1.36
1513594299.068301;1513594299;68300962;177;4.28
1513594299.082219;1513594299;82218885;179;0.27
1513594299.096315;1513594299;96314907;180;3.99
1513594299.219151;1513594299;219151020;178;1.37
1513594299.233368;1513594299;233367919;177;4.29
1513594299.247388;1513594299;247387886;179;0.22
1513594299.261036;1513594299;261035919;180;4.0
1513594299.385474;1513594299;385473966;178;1.35
1513594299.399557;1513594299;399557113;177;4.3
1513594299.413582;1513594299;413582086;179;0.23
1513594299.427556;1513594299;427556037;180;3.95
1513594299.551965;1513594299;551964998;178;1.34
1513594299.565731;1513594299;565731048;177;4.3
1513594299.579944;1513594299;579943895;179;0.27
1513594299.593952;1513594299;593951940;180;3.98
1513594299.716752;1513594299;716752052;178;1.34
1513594299.730745;1513594299;730745077;177;4.27
1513594299.744564;1513594299;744564056;179;0.24
1513594299.75884;1513594299;758840084;180;3.96
1513594299.881693;1513594299;881692886;178;1.34
1513594299.89567;1513594299;895669937;177;4.24
1513594299.909508;1513594299;909507989;179;0.3
1513594299.923684;1513594299;923683881;180;3.89
1513594300.212727;1513594300;212727069;178;1.36
1513594300.226939;1513594300;226938962;177;4.11
1513594300.241015;1513594300;241014957;179;0.32
1513594300.254931;1513594300;254930973;180;3.8
1513594300.54408;1513594300;544080018;178;1.38
1513594300.558049;1513594300;558048963;177;4.1
1513594300.571979;1513594300;571979045;179;0.41
1513594300.585987;1513594300;585987091;180;3.77
1513594300.71027;1513594300;710269927;178;1.4
1513594300.724333;1513594300;724333047;177;4.09
1513594300.738281;1513594300;738281011;179;0.45
1513594300.75236;1513594300;752360105;180;3.75
1513594300.875364;1513594300;875364065;178;1.4
1513594300.889337;1513594300;889337062;177;4.02
1513594300.903225;1513594300;903224945;179;0.49
1513594300.917443;1513594300;917443037;180;3.67
1513594301.040404;1513594301;40404081;178;1.36
1513594301.054209;1513594301;54208993;177;3.99
1513594301.068158;1513594301;68157911;179;0.52
1513594301.082198;1513594301;82197904;180;3.63
1513594301.206362;1513594301;206362009;178;1.41
1513594301.220582;1513594301;220582008;177;3.95
1513594301.234538;1513594301;234538078;179;0.51
1513594301.248649;1513594301;248648881;180;3.58
1513594301.370976;1513594301;370975971;178;1.45
1513594301.385595;1513594301;385595083;177;3.93
1513594301.399413;1513594301;399413108;179;0.41
1513594301.412989;1513594301;412988901;180;3.54
1513594301.536521;1513594301;536520957;178;1.48
1513594301.550417;1513594301;550416946;177;3.88
1513594301.564329;1513594301;564328908;179;0.47
1513594301.57838;1513594301;578380107;180;3.52
1513594301.702674;1513594301;702673912;178;1.48
1513594301.716665;1513594301;716665029;177;3.88
1513594301.73054;1513594301;730540037;179;0.74
1513594301.744493;1513594301;744493007;180;3.5
1513594301.869022;1513594301;869021892;178;1.54
1513594301.883114;1513594301;883114099;177;3.85
1513594301.896953;1513594301;896953105;179;0.75
1513594301.910956;1513594301;910955905;180;3.46
1513594302.03384;1513594302;33839941;178;1.53
1513594302.047802;1513594302;47801971;177;3.8
1513594302.062003;1513594302;62002897;179;0.69
1513594302.075996;1513594302;75995922;180;3.39
1513594302.364872;1513594302;364871978;178;1.6
1513594302.379151;1513594302;379151105;177;3.72
1513594302.39304;1513594302;393039941;179;0.76
1513594302.407122;1513594302;407121896;180;3.33
1513594302.53009;1513594302;530090093;178;1.65
1513594302.543962;1513594302;543962001;177;3.75
1513594302.558036;1513594302;558036088;179;0.95
1513594302.572049;1513594302;572048902;180;3.3
1513594302.695071;1513594302;695070981;178;1.65
1513594302.709098;1513594302;709098100;177;3.67
1513594302.722879;1513594302;722878932;179;0.95
1513594302.737025;1513594302;737025022;180;3.23
1513594302.861236;1513594302;861236095;178;1.67
1513594302.87533;1513594302;875329971;177;3.65
1513594302.889319;1513594302;889318943;179;1.06
1513594302.903332;1513594302;903331995;180;3.21
1513594303.027365;1513594303;27364969;178;1.64
1513594303.041476;1513594303;41476011;177;3.59
1513594303.055277;1513594303;55277109;179;1.07
1513594303.068984;1513594303;68984031;180;3.17
1513594303.192535;1513594303;192534923;178;1.62
1513594303.206287;1513594303;206286907;177;3.58
1513594303.220315;1513594303;220314979;179;1.07
1513594303.234484;1513594303;234483957;180;3.15
1513594303.357365;1513594303;357364892;178;1.66
1513594303.371391;1513594303;371391057;177;3.53
1513594303.385376;1513594303;385375976;179;1.07
1513594303.399143;1513594303;399142980;180;3.1
1513594303.688497;1513594303;688497066;178;2.03
1513594303.702617;1513594303;702616930;177;3.47
1513594303.716519;1513594303;716519117;179;1.09
1513594303.730535;1513594303;730535030;180;3.01
1513594303.853381;1513594303;853380918;178;2.06
1513594303.867379;1513594303;867378950;177;3.39
1513594303.881329;1513594303;881329059;179;1.13
1513594303.895392;1513594303;895391941;180;2.95
1513594304.186079;1513594304;186079025;178;2.03
1513594304.200224;1513594304;200223922;177;3.37
1513594304.214108;1513594304;214107990;179;1.22
1513594304.228077;1513594304;228076934;180;2.91
1513594304.350859;1513594304;350858926;178;2.03
1513594304.365033;1513594304;365032911;177;3.4
1513594304.378734;1513594304;378734111;179;1.28
1513594304.392893;1513594304;392893075;180;2.93
1513594304.515983;1513594304;515983104;178;2.02
1513594304.529895;1513594304;529895067;177;3.34
1513594304.543823;1513594304;543823003;179;1.22
1513594304.557896;1513594304;557895898;180;2.82
1513594304.682173;1513594304;682173013;178;2.09
1513594304.696137;1513594304;696136951;177;3.28
1513594304.710131;1513594304;710130929;179;1.31
1513594304.724131;1513594304;724131107;180;2.79
1513594304.847106;1513594304;847105979;178;2.04
1513594304.861032;1513594304;861032009;177;3.21
1513594304.875124;1513594304;875123977;179;1.29
1513594304.889133;1513594304;889132976;180;2.79
1513594305.01197;1513594305;11970043;178;2.09
1513594305.025937;1513594305;25937080;177;3.2
1513594305.0401;1513594305;40100097;179;1.32
1513594305.053909;1513594305;53909063;180;2.73
1513594305.178234;1513594305;178234100;178;2.06
1513594305.192384;1513594305;192384004;177;3.23
1513594305.206371;1513594305;206371068;179;1.38
1513594305.220316;1513594305;220315933;180;2.74
1513594305.34448;1513594305;344480037;178;2.13
1513594305.358566;1513594305;358566045;177;3.19
1513594305.372493;1513594305;372493028;179;1.35
1513594305.386645;1513594305;386645078;180;2.68
1513594305.509569;1513594305;509568929;178;2.13
1513594305.523612;1513594305;523612022;177;3.17
1513594305.537589;1513594305;537589073;179;1.48
1513594305.55159;1513594305;551589965;180;2.64
1513594305.674315;1513594305;674314975;178;2.07
1513594305.687857;1513594305;687856912;177;3.1
1513594305.702473;1513594305;702472925;179;1.5
1513594305.716626;1513594305;716625928;180;2.58
1513594306.005761;1513594306;5760908;178;2.08
1513594306.019519;1513594306;19519090;177;3.13
1513594306.033502;1513594306;33502101;179;1.54
1513594306.047705;1513594306;47704935;180;2.5
1513594306.170429;1513594306;170428991;178;2.16
1513594306.184545;1513594306;184545040;177;3.05
1513594306.198513;1513594306;198513031;179;1.53
1513594306.212565;1513594306;212564945;180;2.46
1513594306.336719;1513594306;336719036;178;2.08
1513594306.350833;1513594306;350832939;177;3.03
1513594306.364792;1513594306;364792108;179;1.48
1513594306.378889;1513594306;378889083;180;2.39
1513594306.503188;1513594306;503187894;178;2.24
1513594306.517011;1513594306;517010927;177;3.03
1513594306.531202;1513594306;531202077;179;1.55
1513594306.54522;1513594306;545219898;180;2.34
1513594306.667978;1513594306;667978048;178;2.1
1513594306.68215;1513594306;682149887;177;3.12
1513594306.695528;1513594306;695528030;179;1.52
1513594306.709537;1513594306;709537029;180;2.35
1513594306.832994;1513594306;832993984;178;2.17
1513594306.84697;1513594306;846970081;177;3.2
1513594306.861149;1513594306;861149072;179;1.63
1513594306.874401;1513594306;874401092;180;2.35
1513594307.164249;1513594307;164248943;178;2.23
1513594307.178168;1513594307;178168058;177;2.41
1513594307.19233;1513594307;192329883;179;1.73
1513594307.206251;1513594307;206250905;180;2.26
1513594307.329217;1513594307;329216957;178;2.34
1513594307.343209;1513594307;343209028;177;2.33
1513594307.357221;1513594307;357220888;179;1.74
1513594307.371166;1513594307;371165990;180;2.17
1513594307.495339;1513594307;495338916;178;2.26
1513594307.509297;1513594307;509296894;177;2.5
1513594307.523428;1513594307;523427963;179;1.75
1513594307.537387;1513594307;537386894;180;2.21
1513594307.826662;1513594307;826662063;178;2.32
1513594307.840647;1513594307;840646982;177;2.59
1513594307.85452;1513594307;854520082;179;1.87
1513594307.86864;1513594307;868639945;180;2.09
1513594307.99164;1513594307;991640090;178;2.28
1513594308.005389;1513594308;5388975;177;2.56
1513594308.019489;1513594308;19489049;179;1.9
1513594308.033431;1513594308;33431053;180;2.03
1513594308.157822;1513594308;157821893;178;2.33
1513594308.171661;1513594308;171660900;177;2.58
1513594308.185875;1513594308;185874938;179;1.98
1513594308.199801;1513594308;199800968;180;2.03
1513594308.322758;1513594308;322757959;178;2.3
1513594308.336864;1513594308;336863994;177;2.54
1513594308.350771;1513594308;350770950;179;2.03
1513594308.364859;1513594308;364859104;180;1.98
1513594308.4871;1513594308;487099885;178;2.32
1513594308.501548;1513594308;501548051;177;2.51
1513594308.515694;1513594308;515693902;179;2.02
1513594308.529702;1513594308;529701948;180;1.91
1513594308.653839;1513594308;653839111;178;2.33
1513594308.668005;1513594308;668004989;177;2.47
1513594308.681496;1513594308;681495904;179;2.12
1513594308.695765;1513594308;695765018;180;1.91
1513594308.820096;1513594308;820096015;178;2.34
1513594308.834234;1513594308;834233999;177;2.48
1513594308.848306;1513594308;848305940;179;2.1
1513594308.862089;1513594308;862088918;180;1.87
1513594308.98514;1513594308;985140085;178;2.44
1513594308.999148;1513594308;999147891;177;2.51
1513594309.013307;1513594309;13307094;179;2.16
1513594309.027097;1513594309;27096986;180;1.8
1513594309.149944;1513594309;149944067;178;2.43
1513594309.164054;1513594309;164053916;177;2.43
1513594309.178009;1513594309;178009033;179;2.18
1513594309.192176;1513594309;192176103;180;1.79
1513594309.316403;1513594309;316402912;178;2.42
1513594309.330359;1513594309;330358982;177;2.41
1513594309.344399;1513594309;344398975;179;2.22
1513594309.358474;1513594309;358474016;180;1.77
1513594309.646094;1513594309;646094083;178;2.49
1513594309.659988;1513594309;659987926;177;2.4
1513594309.674114;1513594309;674113988;179;2.31
1513594309.688315;1513594309;688314914;180;1.65
1513594309.812489;1513594309;812489032;178;2.58
1513594309.826396;1513594309;826395988;177;2.39
1513594309.840389;1513594309;840389013;179;2.3
1513594309.854492;1513594309;854491949;180;1.62
1513594309.978893;1513594309;978893041;178;2.62
1513594309.992683;1513594309;992682933;177;2.3
1513594310.006664;1513594310;6664037;179;2.36
1513594310.020824;1513594310;20823955;180;1.61
1513594310.143713;1513594310;143712997;178;2.7
1513594310.157408;1513594310;157407999;177;2.24
1513594310.171525;1513594310;171525001;179;2.38
1513594310.185642;1513594310;185642004;180;1.55
1513594310.308618;1513594310;308618068;178;2.71
1513594310.322517;1513594310;322516918;177;2.23
1513594310.33609;1513594310;336090087;179;2.38
1513594310.350081;1513594310;350080966;180;1.5
1513594310.639745;1513594310;639744997;178;2.78
1513594310.653904;1513594310;653903961;177;2.16
1513594310.667709;1513594310;667709112;179;2.44
1513594310.68194;1513594310;681940078;180;1.45
1513594310.804844;1513594310;804843902;178;2.84
1513594310.818788;1513594310;818788051;177;2.09
1513594310.832801;1513594310;832801103;179;2.52
1513594310.846741;1513594310;846740961;180;1.43
1513594310.970892;1513594310;970891952;178;2.83
1513594310.985083;1513594310;985083103;177;2.15
1513594310.998988;1513594310;998987913;179;2.48
1513594311.012952;1513594311;12952089;180;1.38
1513594311.137382;1513594311;137382030;178;2.83
1513594311.151253;1513594311;151252985;177;2.18
1513594311.165422;1513594311;165421962;179;2.55
1513594311.179345;1513594311;179344892;180;1.35
1513594311.467173;1513594311;467173099;178;2.9
1513594311.481219;1513594311;481219053;177;2.12
1513594311.495253;1513594311;495253086;179;2.62
1513594311.509306;1513594311;509305953;180;1.28
1513594311.633532;1513594311;633532047;178;3.01
1513594311.64757;1513594311;647569894;177;2.14
1513594311.661417;1513594311;661417007;179;2.61
1513594311.675364;1513594311;675364017;180;1.24
1513594311.79806;1513594311;798059940;178;3.0
1513594311.812491;1513594311;812490940;177;2.05
1513594311.826393;1513594311;826392889;179;2.72
1513594311.84037;1513594311;840369939;180;1.19
1513594311.963327;1513594311;963326930;178;3.11
1513594311.97738;1513594311;977380037;177;2.02
1513594311.991452;1513594311;991451978;179;2.72
1513594312.005261;1513594312;5260944;180;1.14
1513594312.129688;1513594312;129688024;178;3.04
1513594312.143567;1513594312;143567085;177;1.9
1513594312.157737;1513594312;157737016;179;2.71
1513594312.171672;1513594312;171672105;180;1.12
1513594312.295921;1513594312;295921087;178;3.18
1513594312.309845;1513594312;309844970;177;1.9
1513594312.323985;1513594312;323985099;179;2.76
1513594312.337899;1513594312;337898969;180;1.08
1513594312.460764;1513594312;460763931;178;3.21
1513594312.474898;1513594312;474898099;177;1.84
1513594312.488707;1513594312;488707065;179;2.81
1513594312.502733;1513594312;502732992;180;1.06
1513594312.625796;1513594312;625796079;178;3.26
1513594312.639822;1513594312;639822006;177;1.85
1513594312.653782;1513594312;653781890;179;2.88
1513594312.667711;1513594312;667711019;180;1.03
1513594312.791986;1513594312;791985988;178;3.26
1513594312.806186;1513594312;806185960;177;1.78
1513594312.820036;1513594312;820035934;179;2.87
1513594312.833864;1513594312;833863973;180;1.0
1513594312.956908;1513594312;956907987;178;3.29
1513594312.970979;1513594312;970978975;177;1.78
1513594312.984991;1513594312;984991073;179;2.93
1513594312.999068;1513594312;999068021;180;1.01
1513594313.454531;1513594313;454530954;178;3.42
1513594313.468499;1513594313;468498945;177;1.73
1513594313.482533;1513594313;482532978;179;3.07
1513594313.496351;1513594313;496351003;180;0.89
1513594313.619126;1513594313;619126081;178;3.41
1513594313.63346;1513594313;633460044;177;1.69
1513594313.647281;1513594313;647280931;179;3.1
1513594313.661386;1513594313;661386013;180;0.91
1513594313.784257;1513594313;784256935;178;3.46
1513594313.798197;1513594313;798197031;177;1.66
1513594313.812224;1513594313;812223911;179;3.12
1513594313.826145;1513594313;826144933;180;0.87
1513594314.115561;1513594314;115561008;178;3.55
1513594314.129511;1513594314;129511117;177;1.59
1513594314.143561;1513594314;143560886;179;3.14
1513594314.157562;1513594314;157562017;180;0.81
1513594314.280283;1513594314;280282974;178;3.56
1513594314.294347;1513594314;294347047;177;1.56
1513594314.308265;1513594314;308264970;179;3.24
1513594314.322488;1513594314;322488069;180;0.81
1513594314.446633;1513594314;446633100;178;3.62
1513594314.460618;1513594314;460618019;177;1.64
1513594314.474602;1513594314;474601984;179;3.24
1513594314.488685;1513594314;488684892;180;0.84
1513594314.612985;1513594314;612984895;178;3.61
1513594314.626885;1513594314;626884937;177;1.6
1513594314.640827;1513594314;640826940;179;3.3
1513594314.655105;1513594314;655105113;180;0.81
1513594314.777961;1513594314;777961015;178;3.68
1513594314.791961;1513594314;791960954;177;1.53
1513594314.805893;1513594314;805892944;179;3.39
1513594314.820001;1513594314;820000886;180;0.77
1513594315.109139;1513594315;109138965;178;3.72
1513594315.122989;1513594315;122988939;177;1.53
1513594315.137068;1513594315;137068033;179;3.4
1513594315.151272;1513594315;151272058;180;0.73
1513594315.274056;1513594315;274055957;178;3.78
1513594315.288015;1513594315;288014888;177;1.52
1513594315.302035;1513594315;302035093;179;3.43
1513594315.315978;1513594315;315978050;180;0.7
1513594315.439073;1513594315;439073085;178;3.81
1513594315.452979;1513594315;452979087;177;1.51
1513594315.46686;1513594315;466860055;179;3.48
1513594315.481191;1513594315;481190919;180;0.66
1513594315.605191;1513594315;605190992;178;3.9
1513594315.619099;1513594315;619098901;177;1.48
1513594315.633041;1513594315;633040904;179;3.53
1513594315.647241;1513594315;647241115;180;0.57
1513594315.771468;1513594315;771467924;178;3.86
1513594315.785602;1513594315;785602092;177;1.41
1513594315.799446;1513594315;799446105;179;3.5
1513594315.813576;1513594315;813575983;180;0.56
1513594315.936506;1513594315;936506032;178;3.88
1513594315.950442;1513594315;950442075;177;1.45
1513594315.964578;1513594315;964577913;179;3.58
1513594315.978534;1513594315;978533983;180;0.55
1513594316.101226;1513594316;101226091;178;3.97
1513594316.115305;1513594316;115304946;177;1.48
1513594316.129336;1513594316;129336118;179;3.6
1513594316.142918;1513594316;142918109;180;0.52
1513594316.26727;1513594316;267270088;178;4.0
1513594316.281514;1513594316;281513929;177;1.5
1513594316.295657;1513594316;295656919;179;3.67
1513594316.309594;1513594316;309593915;180;0.53
1513594316.432511;1513594316;432511091;178;4.06
1513594316.446606;1513594316;446605920;177;1.45
1513594316.460583;1513594316;460582971;179;3.71
1513594316.474576;1513594316;474575996;180;0.6
1513594316.61166;1513594316;611660003;177;1.53
1513594316.62564;1513594316;625639915;179;3.71
1513594316.639453;1513594316;639452934;180;0.34
1513594316.930179;1513594316;930179119;178;4.09
1513594316.944051;1513594316;944051027;177;1.43
1513594316.95778;1513594316;957779884;179;3.8
1513594316.971991;1513594316;971991062;180;0.37
1513594317.095093;1513594317;95093011;178;4.16
1513594317.109062;1513594317;109061956;177;1.4
1513594317.122984;1513594317;122983932;179;3.79
1513594317.136809;1513594317;136809110;180;0.35
1513594317.259929;1513594317;259928941;178;4.21
1513594317.273865;1513594317;273864984;177;1.42
1513594317.287738;1513594317;287738084;179;3.84
1513594317.301868;1513594317;301867961;180;0.29
1513594317.591234;1513594317;591233968;178;4.25
1513594317.605018;1513594317;605017900;177;1.4
1513594317.618959;1513594317;618958950;179;3.91
1513594317.632935;1513594317;632935047;180;0.25
1513594317.755535;1513594317;755534887;178;4.28
1513594317.770082;1513594317;770081996;177;1.39
1513594317.783979;1513594317;783978939;179;3.95
1513594317.797934;1513594317;797934055;180;0.31
1513594317.922473;1513594317;922472953;178;4.28
1513594317.93626;1513594317;936259984;177;1.47
1513594317.950241;1513594317;950241088;179;4.01
1513594317.964236;1513594317;964236021;180;0.3
1513594318.088516;1513594318;88515996;178;4.37
1513594318.102418;1513594318;102417945;177;1.53
1513594318.116685;1513594318;116684913;179;4.06
1513594318.130541;1513594318;130541086;180;0.35
1513594318.253592;1513594318;253592014;178;4.43
1513594318.26742;1513594318;267420053;177;1.44
1513594318.281673;1513594318;281672954;179;4.06
1513594318.295548;1513594318;295547962;180;0.53
1513594318.418514;1513594318;418514013;178;4.46
1513594318.432358;1513594318;432358026;177;1.46
1513594318.446381;1513594318;446381092;179;4.11
1513594318.460318;1513594318;460318088;180;0.47
1513594318.74963;1513594318;749629974;178;4.47
1513594318.763727;1513594318;763726949;177;1.47
1513594318.77766;1513594318;777659893;179;4.21
1513594318.79155;1513594318;791549921;180;0.56
1513594318.914708;1513594318;914707899;178;4.54
1513594318.928556;1513594318;928555965;177;1.49
1513594318.942599;1513594318;942599058;179;4.21
1513594318.956757;1513594318;956757068;180;0.53
1513594319.080845;1513594319;80845117;178;4.53
1513594319.094761;1513594319;94760894;177;1.5
1513594319.108841;1513594319;108840942;179;4.24
1513594319.122874;1513594319;122874021;180;0.55
1513594319.247169;1513594319;247169017;178;4.59
1513594319.261079;1513594319;261079072;177;1.58
1513594319.275062;1513594319;275062084;179;4.31
1513594319.289302;1513594319;289302110;180;0.61
1513594319.412083;1513594319;412082910;178;4.57
1513594319.426057;1513594319;426057100;177;1.52
1513594319.440045;1513594319;440045118;179;4.32
1513594319.454076;1513594319;454076051;180;0.58
1513594319.576911;1513594319;576910972;178;4.58
1513594319.591157;1513594319;591156959;177;1.58
1513594319.604824;1513594319;604824066;179;4.37
1513594319.618953;1513594319;618952989;180;0.57
1513594319.743436;1513594319;743436098;178;4.65
1513594319.757313;1513594319;757313013;177;1.64
1513594319.770713;1513594319;770713090;179;4.43
1513594319.785405;1513594319;785404920;180;0.59
1513594319.908174;1513594319;908174037;178;4.72
1513594319.922194;1513594319;922194004;177;1.73
1513594319.936172;1513594319;936172008;179;4.49
1513594319.950078;1513594319;950078010;180;0.5
1513594320.073311;1513594320;73311090;178;4.75
1513594320.087272;1513594320;87271928;177;1.66
1513594320.100951;1513594320;100950956;179;4.53
1513594320.114812;1513594320;114811897;180;0.7
1513594320.239578;1513594320;239578008;178;4.78
1513594320.253389;1513594320;253388881;177;1.74
1513594320.267252;1513594320;267251968;179;4.5
1513594320.281471;1513594320;281471014;180;0.82
1513594320.570611;1513594320;570611000;178;4.74
1513594320.584618;1513594320;584618091;177;1.68
1513594320.598454;1513594320;598453998;179;4.53
1513594320.612168;1513594320;612168073;180;0.87
1513594320.735683;1513594320;735682964;178;4.78
1513594320.74951;1513594320;749510049;177;1.71
1513594320.763547;1513594320;763546943;179;4.53
1513594320.777538;1513594320;777538061;180;0.86
1513594321.066746;1513594321;66745996;178;4.78
1513594321.080937;1513594321;80936908;177;1.64
1513594321.094542;1513594321;94542026;179;4.45
1513594321.108976;1513594321;108975887;180;0.86
1513594321.231705;1513594321;231704950;178;4.7
1513594321.245817;1513594321;245816946;177;1.57
1513594321.259212;1513594321;259212017;179;4.41
1513594321.273433;1513594321;273432970;180;0.86
1513594321.397845;1513594321;397845029;178;4.85
1513594321.411824;1513594321;411823987;177;1.55
1513594321.426031;1513594321;426031112;179;4.35
1513594321.439822;1513594321;439821958;180;0.95
1513594321.564301;1513594321;564301013;178;4.76
1513594321.57829;1513594321;578289985;177;1.51
1513594321.592496;1513594321;592495918;179;4.18
1513594321.606339;1513594321;606338977;180;0.89
1513594321.729295;1513594321;729295015;178;4.85
1513594321.743109;1513594321;743108987;177;1.61
1513594321.757196;1513594321;757195949;179;4.49
1513594321.771009;1513594321;771008968;180;0.65
1513594321.894165;1513594321;894165039;178;4.82
1513594321.907871;1513594321;907871007;177;1.59
1513594321.922075;1513594321;922075033;179;4.53
1513594321.936111;1513594321;936110973;180;0.74
1513594322.060361;1513594322;60360908;178;4.74
1513594322.074501;1513594322;74501037;177;1.52
1513594322.088127;1513594322;88126897;179;4.4
1513594322.102474;1513594322;102473974;180;0.87
1513594322.390289;1513594322;390289068;178;4.73
1513594322.404285;1513594322;404284954;177;1.46
1513594322.418072;1513594322;418071985;179;4.3
1513594322.431769;1513594322;431768894;180;0.62
1513594322.556683;1513594322;556683063;178;4.72
1513594322.570609;1513594322;570609092;177;1.49
1513594322.584624;1513594322;584624052;179;4.29
1513594322.5986;1513594322;598599910;180;0.65
1513594322.722915;1513594322;722914934;178;4.74
1513594322.736743;1513594322;736742973;177;1.54
1513594322.750756;1513594322;750756025;179;4.37
1513594322.764768;1513594322;764767885;180;0.62
1513594322.887636;1513594322;887635946;178;4.72
1513594322.901689;1513594322;901689052;177;1.49
1513594322.915678;1513594322;915678024;179;4.3
1513594322.929737;1513594322;929737091;180;0.64
1513594323.052588;1513594323;52587985;178;4.74
1513594323.066766;1513594323;66766023;177;1.48
1513594323.080916;1513594323;80915927;179;4.27
1513594323.094576;1513594323;94575881;180;0.6
1513594323.21899;1513594323;218990087;178;4.76
1513594323.233028;1513594323;233027935;177;1.51
1513594323.246998;1513594323;246998071;179;4.28
1513594323.261068;1513594323;261068105;180;0.61
1513594323.383758;1513594323;383758068;178;4.7
1513594323.397873;1513594323;397872924;177;1.5
1513594323.411874;1513594323;411874055;179;4.33
1513594323.425816;1513594323;425816059;180;0.65
1513594323.54881;1513594323;548810005;178;4.73
1513594323.562969;1513594323;562968969;177;1.51
1513594323.576794;1513594323;576793909;179;4.36
1513594323.5906;1513594323;590600013;180;0.6
1513594323.715063;1513594323;715063095;178;4.7
1513594323.72913;1513594323;729130029;177;1.41
1513594323.743016;1513594323;743016004;179;4.32
1513594323.757075;1513594323;757075071;180;0.65
1513594323.881436;1513594323;881436109;178;4.73
1513594323.895403;1513594323;895402908;177;1.37
1513594323.909432;1513594323;909431934;179;4.34
1513594323.923214;1513594323;923213958;180;0.71
1513594324.211133;1513594324;211133003;178;4.63
1513594324.225286;1513594324;225286006;177;1.22
1513594324.239141;1513594324;239140987;179;4.29
1513594324.253233;1513594324;253232955;180;0.83
1513594324.542477;1513594324;542476892;178;4.67
1513594324.556405;1513594324;556405067;177;1.23
1513594324.570423;1513594324;570422887;179;4.28
1513594324.584381;1513594324;584381103;180;0.89
1513594324.707202;1513594324;707201957;178;4.52
1513594324.72139;1513594324;721390008;177;1.17
1513594324.735235;1513594324;735234975;179;4.24
1513594324.749401;1513594324;749401092;180;0.89
1513594324.873646;1513594324;873646020;178;4.53
1513594324.887613;1513594324;887613058;177;1.11
1513594324.901613;1513594324;901612997;179;4.31
1513594324.915607;1513594324;915606975;180;0.81
1513594325.040135;1513594325;40134906;178;4.41
1513594325.053924;1513594325;53924083;177;1.1
1513594325.068019;1513594325;68018913;179;4.24
1513594325.082011;1513594325;82010984;180;0.86
1513594325.204857;1513594325;204857110;178;4.41
1513594325.218743;1513594325;218743085;177;1.2
1513594325.232892;1513594325;232892036;179;4.21
1513594325.246752;1513594325;246752023;180;0.81
1513594325.369892;1513594325;369891881;178;4.37
1513594325.383822;1513594325;383821964;177;1.17
1513594325.397748;1513594325;397747993;179;4.22
1513594325.41183;1513594325;411829948;180;0.8
1513594325.536245;1513594325;536245107;178;4.33
1513594325.550116;1513594325;550116062;177;1.09
1513594325.564197;1513594325;564197063;179;4.19
1513594325.578212;1513594325;578212022;180;0.81
1513594325.701134;1513594325;701133966;178;4.29
1513594325.715068;1513594325;715068101;177;0.99
1513594325.729004;1513594325;729003906;179;4.07
1513594325.743014;1513594325;743014097;180;0.72
1513594326.032279;1513594326;32279014;178;4.21
1513594326.046145;1513594326;46144962;177;0.95
1513594326.060195;1513594326;60194969;179;4.04
1513594326.074153;1513594326;74152946;180;0.72
1513594326.198653;1513594326;198652982;178;4.13
1513594326.212441;1513594326;212440967;177;0.99
1513594326.226567;1513594326;226567029;179;4.03
1513594326.24041;1513594326;240410089;180;0.74
1513594326.363515;1513594326;363514900;178;4.09
1513594326.377359;1513594326;377358913;177;0.97
1513594326.391298;1513594326;391298055;179;3.99
1513594326.405336;1513594326;405335903;180;0.74
1513594326.528456;1513594326;528455972;178;4.09
1513594326.542367;1513594326;542366981;177;1.06
1513594326.556343;1513594326;556343078;179;3.92
1513594326.570229;1513594326;570229053;180;0.7
1513594326.694819;1513594326;694818973;178;4.09
1513594326.708566;1513594326;708565950;177;0.97
1513594326.722556;1513594326;722556114;179;3.9
1513594326.736604;1513594326;736603975;180;0.72
1513594326.85956;1513594326;859560012;178;4.04
1513594326.873504;1513594326;873503923;177;0.99
1513594326.887614;1513594326;887614011;179;3.94
1513594326.901605;1513594326;901604890;180;0.73
1513594327.024639;1513594327;24638891;178;4.06
1513594327.03834;1513594327;38340091;177;0.99
1513594327.052593;1513594327;52592992;179;3.91
1513594327.066307;1513594327;66307067;180;0.74
1513594327.190864;1513594327;190864086;178;4.08
1513594327.204803;1513594327;204802989;177;0.98
1513594327.218727;1513594327;218727111;179;3.92
1513594327.232842;1513594327;232841968;180;0.71
1513594327.357177;1513594327;357177019;178;4.15
1513594327.371046;1513594327;371046066;177;1.03
1513594327.384921;1513594327;384921073;179;4.0
1513594327.399145;1513594327;399144887;180;0.67
1513594327.521961;1513594327;521960973;178;4.2
1513594327.535966;1513594327;535965919;177;1.02
1513594327.549955;1513594327;549954891;179;4.01
1513594327.564129;1513594327;564129114;180;0.74
1513594328.018005;1513594328;18004894;178;4.28
1513594328.03198;1513594328;31980037;177;0.96
1513594328.046095;1513594328;46094894;179;4.11
1513594328.06019;1513594328;60189962;180;0.82
1513594328.183167;1513594328;183166980;178;4.34
1513594328.197021;1513594328;197021007;177;1.02
1513594328.211027;1513594328;211026906;179;4.16
1513594328.225018;1513594328;225018024;180;0.81
1513594328.349354;1513594328;349354028;178;4.32
1513594328.36297;1513594328;362970113;177;1.0
1513594328.377128;1513594328;377127885;179;4.19
1513594328.391336;1513594328;391335964;180;0.84
1513594328.515495;1513594328;515495061;178;4.41
1513594328.529452;1513594328;529452085;177;0.99
1513594328.543107;1513594328;543107032;179;4.24
1513594328.557539;1513594328;557538986;180;0.85
1513594328.680474;1513594328;680474042;178;4.41
1513594328.69441;1513594328;694410085;177;1.01
1513594328.708604;1513594328;708604097;179;4.26
1513594328.722604;1513594328;722604036;180;0.84
1513594328.845518;1513594328;845518112;178;4.49
1513594328.85954;1513594328;859539985;177;1.03
1513594328.873335;1513594328;873334884;179;4.3
1513594328.887341;1513594328;887341022;180;0.91
1513594329.011719;1513594329;11718988;178;4.58
1513594329.025825;1513594329;25825023;177;1.11
1513594329.039733;1513594329;39732933;179;4.34
1513594329.053661;1513594329;53661108;180;0.99
1513594329.176543;1513594329;176542997;178;4.62
1513594329.190757;1513594329;190757036;177;1.12
1513594329.204584;1513594329;204583883;179;4.36
1513594329.218608;1513594329;218607902;180;0.97
1513594329.341664;1513594329;341664075;178;4.63
1513594329.355685;1513594329;355684995;177;1.07
1513594329.369499;1513594329;369498968;179;4.41
1513594329.383682;1513594329;383682012;180;1.03
1513594329.674218;1513594329;674217939;178;4.62
1513594329.68798;1513594329;687979936;177;1.08
1513594329.702093;1513594329;702092885;179;4.44
1513594329.715366;1513594329;715365886;180;1.0
1513594329.839044;1513594329;839044094;178;4.67
1513594329.853116;1513594329;853116035;177;1.11
1513594329.867054;1513594329;867053985;179;4.51
1513594329.881227;1513594329;881227016;180;1.04
1513594330.00394;1513594330;3940105;178;4.73
1513594330.018029;1513594330;18028974;177;1.25
1513594330.031919;1513594330;31919002;179;4.61
1513594330.045946;1513594330;45945882;180;1.04
1513594330.170481;1513594330;170480966;178;4.75
1513594330.184333;1513594330;184333086;177;1.29
1513594330.19825;1513594330;198250055;179;4.58
1513594330.212317;1513594330;212316989;180;1.08
1513594330.335165;1513594330;335165023;178;4.78
1513594330.349096;1513594330;349096059;177;1.3
1513594330.363154;1513594330;363153934;179;4.64
1513594330.377034;1513594330;377033948;180;1.09
1513594330.500321;1513594330;500320911;178;4.82
1513594330.51411;1513594330;514110088;177;1.35
1513594330.528079;1513594330;528079032;179;4.66
1513594330.542433;1513594330;542433023;180;1.14
1513594330.666385;1513594330;666384935;178;4.84
1513594330.680348;1513594330;680347919;177;1.37
1513594330.694553;1513594330;694552898;179;4.69
1513594330.708309;1513594330;708308935;180;1.14
1513594330.832784;1513594330;832783937;178;4.89
1513594330.846788;1513594330;846787929;177;1.35
1513594330.860766;1513594330;860765933;179;4.66
1513594330.874716;1513594330;874716043;180;1.15
1513594330.997504;1513594330;997503995;178;4.9
1513594331.011625;1513594331;11625051;177;1.35
1513594331.025823;1513594331;25823116;179;4.67
1513594331.039653;1513594331;39653062;180;1.08
1513594331.162655;1513594331;162655115;178;4.86
1513594331.176588;1513594331;176588058;177;1.37
1513594331.190494;1513594331;190494060;179;4.7
1513594331.204505;1513594331;204504966;180;1.11
1513594331.49378;1513594331;493779897;178;4.76
1513594331.507554;1513594331;507554054;177;1.3
1513594331.521804;1513594331;521804094;179;4.61
1513594331.535846;1513594331;535845994;180;1.07
1513594331.658887;1513594331;658886909;178;4.75
1513594331.672612;1513594331;672611951;177;1.26
1513594331.686687;1513594331;686686992;179;4.57
1513594331.700549;1513594331;700548887;180;1.05
1513594331.825138;1513594331;825138092;178;4.73
1513594331.83905;1513594331;839050054;177;1.28
1513594331.85303;1513594331;853029966;179;4.58
1513594331.866987;1513594331;866986989;180;1.01
1513594331.991386;1513594331;991385936;178;4.69
1513594332.005019;1513594332;5018949;177;1.21
1513594332.019206;1513594332;19206047;179;4.46
1513594332.033367;1513594332;33366918;180;0.96
1513594332.156049;1513594332;156049013;178;4.65
1513594332.170321;1513594332;170320987;177;1.19
1513594332.184117;1513594332;184117078;179;4.49
1513594332.19814;1513594332;198139905;180;0.96
1513594332.321142;1513594332;321141958;178;4.6
1513594332.334913;1513594332;334913015;177;1.11
1513594332.349245;1513594332;349245071;179;4.49
1513594332.363065;1513594332;363065004;180;0.9
1513594332.48732;1513594332;487319946;178;4.56
1513594332.501492;1513594332;501492023;177;1.08
1513594332.515334;1513594332;515333890;179;4.4
1513594332.529248;1513594332;529247999;180;0.95
1513594332.652018;1513594332;652018070;178;4.5
1513594332.666213;1513594332;666213035;177;1.02
1513594332.68046;1513594332;680459976;179;4.34
1513594332.694402;1513594332;694401979;180;0.91
1513594332.817246;1513594332;817245960;178;4.5
1513594332.831226;1513594332;831226110;177;1.04
1513594332.845227;1513594332;845227003;179;4.34
1513594332.859428;1513594332;859427928;180;0.88
1513594332.983621;1513594332;983620882;178;4.46
1513594332.997505;1513594332;997504949;177;1.01
1513594333.011483;1513594333;11482954;179;4.32
1513594333.025622;1513594333;25621891;180;0.9
1513594333.314624;1513594333;314624071;178;4.37
1513594333.328581;1513594333;328581094;177;1.04
1513594333.342642;1513594333;342642068;179;4.21
1513594333.356771;1513594333;356770992;180;0.79
1513594333.479449;1513594333;479449033;178;4.37
1513594333.493707;1513594333;493706941;177;1.01
1513594333.507707;1513594333;507707118;179;4.22
1513594333.521727;1513594333;521727085;180;0.73
1513594333.646042;1513594333;646042108;178;4.33
1513594333.660034;1513594333;660033941;177;1.01
1513594333.673945;1513594333;673944950;179;4.16
1513594333.688079;1513594333;688079118;180;0.76
1513594333.81077;1513594333;810770034;178;4.27
1513594333.824927;1513594333;824927091;177;0.99
1513594333.83891;1513594333;838910102;179;4.12
1513594333.852953;1513594333;852952957;180;0.78
1513594333.975835;1513594333;975835084;178;4.27
1513594333.98986;1513594333;989860057;177;0.92
1513594334.003874;1513594334;3874063;179;4.06
1513594334.017877;1513594334;17877101;180;0.76
1513594334.142092;1513594334;142091989;178;4.24
1513594334.155977;1513594334;155977010;177;1.01
1513594334.170158;1513594334;170157909;179;4.06
1513594334.183923;1513594334;183923006;180;0.7
1513594334.308455;1513594334;308454990;178;4.18
1513594334.322449;1513594334;322448968;177;0.99
1513594334.336406;1513594334;336405992;179;4.02
1513594334.350279;1513594334;350279092;180;0.67
1513594334.473349;1513594334;473349094;178;4.16
1513594334.487147;1513594334;487147092;177;0.95
1513594334.501483;1513594334;501482963;179;4.03
1513594334.515335;1513594334;515335083;180;0.68
1513594334.638379;1513594334;638379096;178;4.19
1513594334.652175;1513594334;652174949;177;0.95
1513594334.665993;1513594334;665992975;179;4.0
1513594334.680011;1513594334;680011034;180;0.69
1513594335.134549;1513594335;134548902;178;4.14
1513594335.14823;1513594335;148230075;177;0.95
1513594335.161947;1513594335;161947011;179;4.0
1513594335.17647;1513594335;176470041;180;0.69
1513594335.467057;1513594335;467056989;178;4.17
1513594335.480993;1513594335;480993032;177;1.02
1513594335.494967;1513594335;494966983;179;4.06
1513594335.508773;1513594335;508773088;180;0.7
1513594335.63207;1513594335;632070064;178;4.15
1513594335.645837;1513594335;645837068;177;0.94
1513594335.65966;1513594335;659660100;179;4.01
1513594335.673759;1513594335;673758983;180;0.65
1513594335.796802;1513594335;796802043;178;4.15
1513594335.810596;1513594335;810595989;177;0.98
1513594335.824865;1513594335;824865102;179;4.02
1513594335.838643;1513594335;838643074;180;0.73
1513594335.963223;1513594335;963222980;178;4.14
1513594335.977137;1513594335;977137088;177;0.94
1513594335.991136;1513594335;991136074;179;4.01
1513594336.004899;1513594336;4899024;180;0.7
1513594336.128084;1513594336;128083944;178;4.21
1513594336.141615;1513594336;141614913;177;1.0
1513594336.15611;1513594336;156110048;179;4.01
1513594336.169891;1513594336;169891119;180;0.7
1513594336.292994;1513594336;292994022;178;4.18
1513594336.306944;1513594336;306943893;177;0.96
1513594336.320848;1513594336;320847988;179;4.02
1513594336.334363;1513594336;334362983;180;0.69
1513594336.459378;1513594336;459378004;178;4.16
1513594336.472919;1513594336;472918987;177;0.99
1513594336.487311;1513594336;487310886;179;4.01
1513594336.501221;1513594336;501220941;180;0.68
1513594336.625614;1513594336;625613927;178;4.2
1513594336.639469;1513594336;639468908;177;0.98
1513594336.653501;1513594336;653501033;179;4.01
1513594336.667589;1513594336;667588949;180;0.67
1513594336.955388;1513594336;955388069;178;4.16
1513594336.969358;1513594336;969357967;177;0.94
1513594336.983394;1513594336;983393907;179;4.02
1513594336.997304;1513594336;997303962;180;0.7
1513594337.121719;1513594337;121718883;178;4.17
1513594337.135482;1513594337;135482072;177;1.02
1513594337.149128;1513594337;149127960;179;4.04
1513594337.163684;1513594337;163683891;180;0.71
1513594337.451495;1513594337;451494932;178;4.19
1513594337.46542;1513594337;465420007;177;1.02
1513594337.479345;1513594337;479345083;179;4.04
1513594337.493441;1513594337;493441104;180;0.73
1513594337.617785;1513594337;617784976;178;4.18
1513594337.631784;1513594337;631783962;177;0.97
1513594337.645382;1513594337;645381927;179;4.0
1513594337.659645;1513594337;659645080;180;0.7
1513594337.784127;1513594337;784126996;178;4.18
1513594337.798074;1513594337;798074007;177;0.95
1513594337.811632;1513594337;811631917;179;4.03
1513594337.825981;1513594337;825980901;180;0.71
1513594337.9489;1513594337;948899984;178;4.17
1513594337.963019;1513594337;963018894;177;0.96
1513594337.976922;1513594337;976922035;179;4.02
1513594337.990845;1513594337;990844964;180;0.69
1513594338.11382;1513594338;113820075;178;4.17
1513594338.127955;1513594338;127954959;177;0.93
1513594338.141976;1513594338;141976118;179;4.02
1513594338.155363;1513594338;155363082;180;0.71
1513594338.44511;1513594338;445110082;178;4.22
1513594338.459156;1513594338;459156036;177;1.01
1513594338.473154;1513594338;473154067;179;4.03
1513594338.486968;1513594338;486968040;180;0.7
1513594338.776343;1513594338;776343107;178;4.17
1513594338.790235;1513594338;790235042;177;0.97
1513594338.804187;1513594338;804187059;179;4.03
1513594338.818373;1513594338;818372964;180;0.72
1513594338.94248;1513594338;942480087;178;4.16
1513594338.956667;1513594338;956666946;177;0.98
1513594338.970552;1513594338;970551967;179;4.01
1513594338.984679;1513594338;984678983;180;0.72
1513594339.1077;1513594339;107700109;178;4.15
1513594339.121372;1513594339;121371984;177;0.95
1513594339.135584;1513594339;135584115;179;4.03
1513594339.149598;1513594339;149597883;180;0.72
1513594339.272476;1513594339;272475957;178;4.18
1513594339.28644;1513594339;286439895;177;0.99
1513594339.300419;1513594339;300419092;179;4.02
1513594339.314525;1513594339;314524888;180;0.73
1513594339.438883;1513594339;438883066;178;4.18
1513594339.452753;1513594339;452753067;177;0.91
1513594339.466722;1513594339;466722011;179;4.03
1513594339.480695;1513594339;480695009;180;0.72
1513594339.603721;1513594339;603720903;178;4.19
1513594339.61762;1513594339;617619991;177;0.99
1513594339.631697;1513594339;631696939;179;4.02
1513594339.645546;1513594339;645545959;180;0.72
1513594339.768732;1513594339;768732070;178;4.16
1513594339.782461;1513594339;782460927;177;0.96
1513594339.796481;1513594339;796480894;179;3.99
1513594339.810563;1513594339;810563087;180;0.68
1513594339.934412;1513594339;934412002;178;4.17
1513594339.94849;1513594339;948489904;177;1.0
1513594339.962675;1513594339;962675094;179;4.01
1513594339.976906;1513594339;976906061;180;0.71
1513594340.101193;1513594340;101192951;178;4.15
1513594340.114555;1513594340;114554882;177;0.98
1513594340.128575;1513594340;128575086;179;4.03
1513594340.142646;1513594340;142646074;180;0.69
1513594340.266101;1513594340;266100883;178;4.2
1513594340.280175;1513594340;280174970;177;1.05
1513594340.293997;1513594340;293997049;179;4.05
1513594340.308046;1513594340;308046102;180;0.76
1513594340.597353;1513594340;597352981;178;4.17
1513594340.61106;1513594340;611059904;177;0.98
1513594340.625387;1513594340;625386953;179;4.01
1513594340.639354;1513594340;639353990;180;0.71
1513594340.762115;1513594340;762115001;178;4.17
1513594340.776031;1513594340;776031017;177;1.04
1513594340.789707;1513594340;789706945;179;4.04
1513594340.804064;1513594340;804064035;180;0.72
1513594340.926795;1513594340;926795005;178;4.16
1513594340.94118;1513594340;941179990;177;0.99
1513594340.954958;1513594340;954957962;179;4.01
1513594340.969083;1513594340;969083070;180;0.67
