time;sec;nsec;x;y;z;qx;qy;qz;qw
1518092044.045302;1518092044;45301914;-0.00033506795098713353;0.0017853902170000958;0.0;0.0;0.0;7.814539336742749e-05;0.9999999969466488
1518092044.223798;1518092044;223798036;-0.0012131708628599488;0.0028024269391439204;0.0;0.0;0.0;-0.00017495719224386693;0.9999999846949903
1518092044.388398;1518092044;388397932;-0.0009571611280879668;0.0020262212458129008;0.0;0.0;0.0;-0.00020336847399976028;0.9999999793206317
1518092044.55567;1518092044;555670022;-0.00033058322095765757;0.0005408210723341533;0.0;0.0;0.0;8.780863944412846e-05;0.9999999961448214
1518092044.692358;1518092044;692358016;-0.0006457531302451264;0.0019761490059325214;0.0;0.0;0.0;-0.00020970234790744437;0.9999999780124624
1518092044.858475;1518092044;858474969;-0.0004978606027449469;0.0015436757679645064;0.0;0.0;0.0;7.644967170986908e-05;0.9999999970777238
1518092045.051175;1518092045;51175117;-0.000892184324950941;0.0022180666364056386;0.0;0.0;0.0;-2.6323341171263968e-05;0.9999999996535408
1518092045.367922;1518092045;367922067;-0.0008479412136134992;0.0017767477041730289;0.0;0.0;0.0;0.00010186874668957273;0.9999999948113792
1518092045.381471;1518092045;381470918;-0.0008853749342817677;0.0017220670336680715;0.0;0.0;0.0;0.0001681750682524817;0.9999999858585731
1518092045.519044;1518092045;519043922;-0.00023704468096293052;0.002244747130896791;0.0;0.0;0.0;0.00020924774803092287;0.9999999781076897
1518092045.546814;1518092045;546813964;-0.00014908643590319607;0.0016278507905454099;0.0;0.0;0.0;0.00048076350364568434;0.9999998844332201
1518092045.685276;1518092045;685276031;-0.00018925687429233195;0.0019440538322192734;0.0;0.0;0.0;-2.180248494301793e-05;0.9999999997623258
1518092045.851073;1518092045;851073026;-0.0013525501350675805;0.00258650003538802;0.0;0.0;0.0;-0.0002773203611039594;0.9999999615467079
1518092046.016682;1518092046;16681909;-0.0009789372624551171;0.0023325937581357083;0.0;0.0;0.0;0.0002701997931256309;0.9999999634960353
1518092046.04423;1518092046;44229984;-0.0011668973458692782;0.0018744755539089775;0.0;0.0;0.0;0.00030764401714724064;0.9999999526775782
1518092046.209201;1518092046;209201097;-0.0009175839143113496;0.0023771746966348988;0.0;0.0;0.0;-0.00018336227048080424;0.9999999831891387
1518092046.375644;1518092046;375643968;0.012541885835425606;0.004020653928874267;0.0;0.0;0.0;0.0168522878630046;0.9998579901134873
1518092046.540566;1518092046;540565967;0.04831591012227718;0.0240413355379884;0.0;0.0;0.0;0.07085225827890497;0.9974868207133262
1518092046.691916;1518092046;691915988;0.06608035930481385;0.044991461581091366;0.0;0.0;0.0;0.11991481459540503;0.9927841846245082
1518092046.858311;1518092046;858310937;0.08633372290534791;0.06716528073148215;0.0;0.0;0.0;0.17821275532668338;0.9839919785439675
1518092047.024496;1518092047;24496078;0.10144728316151086;0.09129878537849828;0.0;0.0;0.0;0.23343946073084393;0.9723713375936648
1518092047.203373;1518092047;203372955;0.12122307430296136;0.12139307209239958;0.0;0.0;0.0;0.29310826088149505;0.9560792579085823
1518092047.339698;1518092047;339698076;0.13735891377262938;0.14560332034327472;0.0;0.0;0.0;0.3498448763346854;0.9368076443445413
1518092047.367454;1518092047;367454051;0.14107109149709923;0.14923569193758238;0.0;0.0;0.0;0.3550210832397233;0.9348582943180712
1518092047.657613;1518092047;657613039;0.16697373175867952;0.20222598563812338;0.0;0.0;0.0;0.45188805537923443;0.8920746523725321
1518092047.864172;1518092047;864171981;0.17752862617292525;0.23368734193874038;0.0;0.0;0.0;0.5123219795912741;0.8587934496883859
1518092048.030332;1518092048;30332088;0.19420230936147473;0.26405100906062146;0.0;0.0;0.0;0.55822878423743;0.8296870641686543
1518092048.197331;1518092048;197330951;0.20898939810257847;0.2974830670295226;0.0;0.0;0.0;0.5656216934149323;0.8246648409738494
1518092048.361773;1518092048;361773014;0.2136441568556633;0.3235664929769046;0.0;0.0;0.0;0.5644172111519703;0.8254896799811807
1518092048.526468;1518092048;526468038;0.22367110733226914;0.35141926012763763;0.0;0.0;0.0;0.5647768430005261;0.8252436716572621
1518092048.816068;1518092048;816067934;0.24156073056601363;0.39964274224855656;0.0;0.0;0.0;0.5646267919201191;0.8253463429651788
1518092049.022201;1518092049;22201061;0.25866017963130644;0.4343513345024313;0.0;0.0;0.0;0.5650995372322061;0.8250227348503474
1518092049.189489;1518092049;189488887;0.26819931571718403;0.46004971898975056;0.0;0.0;0.0;0.5654678347701321;0.824770348545811
1518092049.355559;1518092049;355559110;0.27819065736364346;0.49046177951687975;0.0;0.0;0.0;0.5651008536361161;0.8250218331776032
1518092049.478902;1518092049;478902101;0.2844358433422874;0.5114806980571877;0.0;0.0;0.0;0.5657087678983573;0.8246051115066668
1518092049.68486;1518092049;684859991;0.30042247559170376;0.5461550907183568;0.0;0.0;0.0;0.5660330295124253;0.8243825625891088
1518092049.837539;1518092049;837538957;0.31015840486773255;0.5707295326932278;0.0;0.0;0.0;0.5665948783852356;0.8239965071452792
1518092050.001762;1518092050;1761913;0.3209041784446125;0.5972300417177094;0.0;0.0;0.0;0.5661627453896009;0.8242934827674607
1518092050.015912;1518092050;15912055;0.32307942172379744;0.5994245622745098;0.0;0.0;0.0;0.5664173230581517;0.8241185692238935
1518092050.152928;1518092050;152928113;0.32676138963522083;0.6218502281753016;0.0;0.0;0.0;0.5668667040491924;0.8238095288599212
1518092050.181109;1518092050;181108951;0.32926369236860675;0.6261999942784693;0.0;0.0;0.0;0.5669886222599106;0.8237256231463291
1518092050.347692;1518092050;347692012;0.3445053163819737;0.6556536693720263;0.0;0.0;0.0;0.5677569650464341;0.8231962273001876
1518092050.471974;1518092050;471973896;0.3509866945428729;0.6758047945547925;0.0;0.0;0.0;0.5673876779263767;0.823450801771007
1518092050.637388;1518092050;637387990;0.36012512292402293;0.7024214296313553;0.0;0.0;0.0;0.5682046441261145;0.8228872841364822
1518092050.843512;1518092050;843512058;0.37398645638851363;0.7386660854945151;0.0;0.0;0.0;0.5685655923787472;0.8226379319986432
1518092051.009447;1518092051;9447097;0.38328686515038424;0.7642101497296776;0.0;0.0;0.0;0.5682170439627182;0.8228787218966537
1518092051.174632;1518092051;174632072;0.39601341389857175;0.7909549903657764;0.0;0.0;0.0;0.5689362557418057;0.8223816248570335
1518092051.325423;1518092051;325423002;0.40722146738126197;0.8203793286889038;0.0;0.0;0.0;0.5689119129609395;0.8223984650345139
1518092051.491761;1518092051;491760969;0.41534527060703663;0.845404814379496;0.0;0.0;0.0;0.5687015667265863;0.8225439368220558
1518092051.643925;1518092051;643924951;0.4265679085248414;0.8715853281648348;0.0;0.0;0.0;0.5692628604404475;0.822155578782483
1518092051.80849;1518092051;808490037;0.4369726676380628;0.897012532147675;0.0;0.0;0.0;0.5702373536912685;0.8214799817738586
1518092051.836698;1518092051;836698055;0.44036087607638763;0.9041754207613049;0.0;0.0;0.0;0.5702020875808415;0.8215044609242548
1518092052.001615;1518092052;1615047;0.44712378883208803;0.9330496667870375;0.0;0.0;0.0;0.5699631709523666;0.8216702402776453
1518092052.291552;1518092052;291552066;0.4673132709641524;0.9825657521368183;0.0;0.0;0.0;0.571391150443592;0.8206778620108797
1518092052.332893;1518092052;332892894;0.46930646369813034;0.990594171621911;0.0;0.0;0.0;0.5717593950494111;0.8204213516070455
1518092052.470125;1518092052;470124959;0.47874651745020935;1.013805593170144;0.0;0.0;0.0;0.5712473557161762;0.8207779593698142
1518092052.663873;1518092052;663872957;0.490481839322528;1.0466603383925244;0.0;0.0;0.0;0.5713882364570562;0.8206798908456909
1518092052.83046;1518092052;830460071;0.5000161170680009;1.0746132942619553;0.0;0.0;0.0;0.5720694347873553;0.8202051949250723
1518092052.995829;1518092052;995829105;0.5116076859507488;1.0997972366563458;0.0;0.0;0.0;0.5714420983810159;0.8206423875220566
1518092053.15967;1518092053;159670114;0.5222853560333518;1.1300900354011687;0.0;0.0;0.0;0.5717097138998346;0.8204559726350764
1518092053.312948;1518092053;312947988;0.5344424691127573;1.1565080304198898;0.0;0.0;0.0;0.5732912656502726;0.819351649006157
1518092053.463161;1518092053;463160991;0.5430680849993033;1.1814065497908044;0.0;0.0;0.0;0.5734953012833136;0.8192088496872829
1518092053.642425;1518092053;642425060;0.5544896055906818;1.2099231481231592;0.0;0.0;0.0;0.5739629328017644;0.8188812806320568
1518092053.822859;1518092053;822859048;0.5659897796959479;1.2404091840492226;0.0;0.0;0.0;0.5755400021969581;0.817773627522388
1518092053.960655;1518092053;960654973;0.5780905824653295;1.271565688060124;0.0;0.0;0.0;0.5676033008143362;0.8233021880844664
1518092054.153727;1518092054;153727054;0.5902504179109986;1.3026401702189179;0.0;0.0;0.0;0.5295305495841278;0.8482908681915252
1518092054.277011;1518092054;277010917;0.603620080035798;1.3207400949910317;0.0;0.0;0.0;0.5038040238672934;0.8638179817155485
1518092054.318562;1518092054;318562030;0.6071580825872547;1.3266107609719446;0.0;0.0;0.0;0.49264740094820586;0.8702290148799784
1518092054.443515;1518092054;443515062;0.6175991627582851;1.3460806002851555;0.0;0.0;0.0;0.46728770848833445;0.8841053090530118
1518092054.649988;1518092054;649987936;0.6434062571868266;1.377340577443554;0.0;0.0;0.0;0.42249346893000445;0.9063659684208644
1518092054.814409;1518092054;814409017;0.6622679406777892;1.3998064152661351;0.0;0.0;0.0;0.38256729791526817;0.923927628424332
1518092054.980687;1518092054;980686902;0.6815416583451296;1.4201744774644056;0.0;0.0;0.0;0.33707655362727296;0.9414772418889159
1518092055.105778;1518092055;105777978;0.7000085529509601;1.4295187544537282;0.0;0.0;0.0;0.2928206541371446;0.9561673831033428
1518092055.147464;1518092055;147464036;0.7060519296598823;1.4318180786464498;0.0;0.0;0.0;0.2791621050883865;0.9602439893499051
1518092055.311287;1518092055;311286926;0.7300648337649446;1.4419310955556106;0.0;0.0;0.0;0.22136244239087796;0.9751916063516674
1518092055.448472;1518092055;448472023;0.7476939390043648;1.4485891769838861;0.0;0.0;0.0;0.17611464237972319;0.9843696626468443
1518092055.476844;1518092055;476844072;0.7519582119460541;1.4498605852288418;0.0;0.0;0.0;0.16654870992462217;0.9860332282547298
1518092055.766532;1518092055;766531944;0.7986555653871499;1.4636504719712282;0.0;0.0;0.0;0.06389978783758271;0.9979563202436827
1518092055.973421;1518092055;973421096;0.8361318413162395;1.4664991086652825;0.0;0.0;0.0;-0.0020609270665700326;0.9999978762875581
1518092056.139743;1518092056;139743089;0.8644760262364788;1.4635598633531983;0.0;0.0;0.0;-0.061788938312285886;0.9980892380454969
1518092056.30555;1518092056;305550098;0.8907906863002927;1.4562607641339291;0.0;0.0;0.0;-0.1194930943712187;0.992835031814244
1518092056.456542;1518092056;456542015;0.9111648942382642;1.4499827720324396;0.0;0.0;0.0;-0.17563731145654357;0.9844549430138065
1518092056.635469;1518092056;635468959;0.9397924371088744;1.4392272066589387;0.0;0.0;0.0;-0.2441633623130747;0.9697341143344264
1518092056.801469;1518092056;801469087;0.9598161585657713;1.429118350741121;0.0;0.0;0.0;-0.29839607645850463;0.95444213106619
1518092056.952509;1518092056;952508926;0.983807621038839;1.4098265684964861;0.0;0.0;0.0;-0.3500213906479518;0.9367417072431834
1518092056.967051;1518092056;967051029;0.9846997759068494;1.4089025929074595;0.0;0.0;0.0;-0.35284397090644654;0.9356821747767619
1518092057.131544;1518092057;131544113;1.0072890106187053;1.3894056281137543;0.0;0.0;0.0;-0.4091279150094944;0.9124770403467607
1518092057.283699;1518092057;283699035;1.0253833931008483;1.370941753116812;0.0;0.0;0.0;-0.4556195138173354;0.8901746225482138
1518092057.436242;1518092057;436242103;1.046145076517685;1.35310187519278;0.0;0.0;0.0;-0.46546436063455215;0.885066624034071
1518092057.628192;1518092057;628191947;1.0650528621873696;1.3251344687755946;0.0;0.0;0.0;-0.4661508186557296;0.8847052697178835
1518092057.794035;1518092057;794034957;1.077843000764114;1.2998522885783956;0.0;0.0;0.0;-0.4643891467638031;0.8856312553021076
1518092057.960072;1518092057;960072040;1.0931607782543762;1.2732949580490684;0.0;0.0;0.0;-0.46403071550936303;0.8858191096741301
1518092058.083522;1518092058;83522081;1.106610453498627;1.2538130433285923;0.0;0.0;0.0;-0.4627893830656859;0.8864682661673129
1518092058.262038;1518092058;262037992;1.1259029902393551;1.225818426783054;0.0;0.0;0.0;-0.46201439509569914;0.8868724252813114
1518092058.441562;1518092058;441561937;1.1413602222457024;1.199977861335708;0.0;0.0;0.0;-0.46109617710661105;0.8873501650744585
1518092058.622601;1518092058;622601032;1.159176145138116;1.1719291072656894;0.0;0.0;0.0;-0.4597479996644687;0.8880494225010901
1518092058.787413;1518092058;787412881;1.175851007045778;1.1472398238314365;0.0;0.0;0.0;-0.4583188976895937;0.8887878194600755
1518092058.938053;1518092058;938052892;1.1941482346398067;1.1242078498892718;0.0;0.0;0.0;-0.4578115312602494;0.8890492685139253
1518092058.952019;1518092058;952018976;1.1960417814934536;1.1219861688861188;0.0;0.0;0.0;-0.45784908091213217;0.889029931502824
1518092059.256507;1518092059;256506919;1.224294336574681;1.0750173989329512;0.0;0.0;0.0;-0.4563300461903457;0.889810591611449
1518092059.420061;1518092059;420061111;1.2439198122029762;1.0508486806981456;0.0;0.0;0.0;-0.4569510202805778;0.8894918577842852
1518092059.44845;1518092059;448450088;1.2461043764503594;1.0466526256648745;0.0;0.0;0.0;-0.456824200484085;0.8895569964044331
1518092059.614866;1518092059;614866018;1.2597162415635577;1.0226658766445198;0.0;0.0;0.0;-0.45663729845987977;0.8896529534910018
1518092059.78088;1518092059;780879974;1.2786030562210449;0.9973873709995978;0.0;0.0;0.0;-0.4557004369577554;0.8901331988845887
1518092059.946015;1518092059;946014881;1.2936622724572222;0.9719915738171183;0.0;0.0;0.0;-0.45551585694171115;0.8902276697983829
1518092060.069293;1518092060;69293022;1.3060798526778494;0.9539794828117728;0.0;0.0;0.0;-0.45528605574385167;0.8903452181290167
1518092060.263521;1518092060;263520956;1.3264081202935751;0.9249184209570592;0.0;0.0;0.0;-0.4546243392663911;0.8906832827366848
1518092060.427482;1518092060;427481889;1.340905020588827;0.9036665593309813;0.0;0.0;0.0;-0.45451586758882007;0.8907386407414816
1518092060.6068;1518092060;606800079;1.3565842242711037;0.8769884023969169;0.0;0.0;0.0;-0.45442831236179027;0.8907833119923246
1518092060.773041;1518092060;773041009;1.3752764417945529;0.8519081588322572;0.0;0.0;0.0;-0.45473191189417816;0.8906283671122683
1518092060.912135;1518092060;912134885;1.3886253342340826;0.8327612232984078;0.0;0.0;0.0;-0.45498289537744296;0.8905001768186005
1518092061.076807;1518092061;76807022;1.405938173948031;0.8057818433091931;0.0;0.0;0.0;-0.45460467680089023;0.8906933186180068
1518092061.241276;1518092061;241276025;1.4221547208228935;0.783303973747453;0.0;0.0;0.0;-0.4553362322104668;0.8903195581567193
1518092061.435583;1518092061;435583114;1.4433992750209348;0.7530208047361084;0.0;0.0;0.0;-0.454171147739976;0.8909144563652297
1518092061.600697;1518092061;600697040;1.4563843765033917;0.7320856955317774;0.0;0.0;0.0;-0.45452241949244115;0.8907352974810964
1518092061.765083;1518092061;765083074;1.477247859849563;0.7053250716808339;0.0;0.0;0.0;-0.4553293930649203;0.8903230558685602
1518092061.931343;1518092061;931343078;1.4930190704537212;0.6788520419111632;0.0;0.0;0.0;-0.4544328342626145;0.890781005154492
1518092062.083779;1518092062;83779096;1.5076967708536961;0.6567041601501675;0.0;0.0;0.0;-0.4542710008912762;0.8908635460884221
1518092062.263274;1518092062;263273954;1.5287472641877888;0.6269025641538662;0.0;0.0;0.0;-0.4543837983640141;0.8908060191670749
1518092062.427379;1518092062;427378892;1.5443614926827736;0.6051379411253801;0.0;0.0;0.0;-0.4535709523746728;0.8912201698581178
1518092062.73042;1518092062;730420112;1.575976270314356;0.559299416295069;0.0;0.0;0.0;-0.4536792559654043;0.8911650423499999
1518092062.759041;1518092062;759041070;1.5775160200912692;0.5559596824065803;0.0;0.0;0.0;-0.45401494826391253;0.8909940666204893
1518092062.882328;1518092062;882328033;1.5918981559083787;0.5369884972686865;0.0;0.0;0.0;-0.453777946881191;0.8911147933483604
1518092063.048665;1518092063;48665046;1.608734658368233;0.5119649933553793;0.0;0.0;0.0;-0.45287661247322825;0.8915732016356107
1518092063.256515;1518092063;256515026;1.628198408288295;0.48085804564156376;0.0;0.0;0.0;-0.4536944456059729;0.8911573093602997
1518092063.420908;1518092063;420907974;1.6447320750444652;0.45813156828464047;0.0;0.0;0.0;-0.4522035569374022;0.8919147622352495
1518092063.572082;1518092063;572082042;1.6609334191808967;0.4342145242571217;0.0;0.0;0.0;-0.450831162406102;0.8926092442964967
1518092063.75242;1518092063;752419948;1.6772640515167374;0.409065181685407;0.0;0.0;0.0;-0.451744050089879;0.8921475848806592
1518092063.903467;1518092063;903466939;1.6943324921177574;0.3848346434641632;0.0;0.0;0.0;-0.4503475255868423;0.8928533508912919
1518092063.917471;1518092063;917470932;1.696073674532693;0.38259518725011815;0.0;0.0;0.0;-0.4502106138555561;0.8929223948204028
1518092064.068752;1518092064;68752050;1.7119991770951064;0.3605405394346978;0.0;0.0;0.0;-0.4502947986740901;0.8928799439381874
1518092064.248525;1518092064;248524904;1.731334406431856;0.33193623137025463;0.0;0.0;0.0;-0.45019563719968614;0.892929945878381
1518092064.414492;1518092064;414491891;1.7473920521931352;0.30812928156834996;0.0;0.0;0.0;-0.449289004182462;0.8933864733253641
1518092064.580107;1518092064;580106973;1.764633000845134;0.28337215056118886;0.0;0.0;0.0;-0.4484764656620234;0.8937946407018225
1518092064.730181;1518092064;730180978;1.7798875561380592;0.26132225008344845;0.0;0.0;0.0;-0.4480794047246271;0.8939937623169548
1518092064.744556;1518092064;744555950;1.7808530652789218;0.259265578813669;0.0;0.0;0.0;-0.4480811516385001;0.893992886742571
1518092064.896521;1518092064;896521091;1.7976119977233613;0.23706709199662573;0.0;0.0;0.0;-0.44808688140434577;0.8939900148845779
1518092065.061294;1518092065;61294078;1.8153776816002547;0.21118293711219704;0.0;0.0;0.0;-0.44517626288853995;0.8954429601937767
1518092065.21238;1518092065;212379932;1.8273664972346215;0.1945699401889739;0.0;0.0;0.0;-0.4261542901177947;0.9046504966086065
1518092065.240866;1518092065;240865945;1.831680124607216;0.18932507898703513;0.0;0.0;0.0;-0.41898350318265626;0.9079938458275965
1518092065.406933;1518092065;406933069;1.8502196348720925;0.16578070060638933;0.0;0.0;0.0;-0.39393775908370704;0.9191371181538189
1518092065.572433;1518092065;572432994;1.8711561791440212;0.1433280337375553;0.0;0.0;0.0;-0.3686023700440417;0.929587162560841
1518092065.737413;1518092065;737412929;1.8947663971983388;0.12523228834247457;0.0;0.0;0.0;-0.32053084167949814;0.9472380796464174
1518092065.86143;1518092065;861429929;1.9135088344159379;0.11168279005234262;0.0;0.0;0.0;-0.282092270732304;0.9593872788363896
1518092065.903054;1518092065;903053998;1.917493694953174;0.10883340624405842;0.0;0.0;0.0;-0.27307478821174247;0.96199280664832
1518092066.192824;1518092066;192823886;1.9646808918457332;0.08345299383332376;0.0;0.0;0.0;-0.18298021150199975;0.9831165964414819
1518092066.399729;1518092066;399729013;2.0069261041527136;0.0694670646033289;0.0;0.0;0.0;-0.1143355350191662;0.9934421902817904
1518092066.550712;1518092066;550712108;2.0331803564593973;0.061587335078268815;0.0;0.0;0.0;-0.06929880799635671;0.9975959478718246
1518092066.565718;1518092066;565717935;2.0366017900371136;0.06086090052636489;0.0;0.0;0.0;-0.06350098319210469;0.9979817759526654
1518092066.732135;1518092066;732135057;2.0712611031094625;0.05608320131415846;0.0;0.0;0.0;-0.014343943323995622;0.9998971203528481
1518092066.868516;1518092066;868515968;2.0961079389310666;0.05590001223653794;0.0;0.0;0.0;0.030180293725241072;0.9995444711820771
1518092067.033108;1518092067;33107995;2.1284160448458325;0.057647545049944376;0.0;0.0;0.0;0.0850041734868401;0.9963805951993542
1518092067.227889;1518092067;227889060;2.159341748724046;0.06442319508070497;0.0;0.0;0.0;0.1486772606894897;0.9888857730566607
1518092067.393019;1518092067;393018960;2.188486111796382;0.07081599779823008;0.0;0.0;0.0;0.2055616702073541;0.9786441640052644
1518092067.557105;1518092067;557105064;2.2179775533118415;0.08067397681885241;0.0;0.0;0.0;0.2560385799304319;0.9666665638094698
1518092067.682553;1518092067;682553052;2.2279501288307224;0.09637193816384391;0.0;0.0;0.0;0.28132173725451004;0.9596135056094742
1518092067.724171;1518092067;724170923;2.231949983676553;0.10047725922387331;0.0;0.0;0.0;0.28009826706494406;0.9599713333153315
1518092067.876099;1518092067;876099109;2.2655968077294855;0.11239044866862939;0.0;0.0;0.0;0.31147543813839873;0.9502542035879097
1518092068.055741;1518092068;55741071;2.2844601838478535;0.13054572180026539;0.0;0.0;0.0;0.3715194710898555;0.9284251626281539
1518092068.220117;1518092068;220117092;2.301777901082185;0.15761235524034534;0.0;0.0;0.0;0.3867775359452139;0.9221730519203805
1518092068.386201;1518092068;386200904;2.32163547160684;0.17803153001646985;0.0;0.0;0.0;0.3871523301632244;0.9220157662693115
1518092068.508893;1518092068;508893013;2.336021369406983;0.1916480113492904;0.0;0.0;0.0;0.388179919684532;0.9215836098551831
1518092068.674502;1518092068;674501895;2.3635352817634496;0.21104269185972813;0.0;0.0;0.0;0.41069152109755647;0.9117743550344983
1518092068.868563;1518092068;868562936;2.383815527881319;0.23499526353938546;0.0;0.0;0.0;0.4633843451147428;0.8861574062786932
1518092069.034836;1518092069;34836053;2.3913380565951816;0.2652570301630543;0.0;0.0;0.0;0.4623142058182564;0.8867161750518792
1518092069.214189;1518092069;214189052;2.4129538711401803;0.2906396217050901;0.0;0.0;0.0;0.46252068823267156;0.8866084891071007
1518092069.377905;1518092069;377904891;2.428105582456309;0.31331830974004493;0.0;0.0;0.0;0.46236245624858885;0.8866910166747894
1518092069.68121;1518092069;681210041;2.4635780211022533;0.36151293200732265;0.0;0.0;0.0;0.46134690436529646;0.8872198339941223
1518092069.874818;1518092069;874818086;2.482728709772474;0.38932945436056554;0.0;0.0;0.0;0.4616753557569038;0.8870489647627894
1518092070.040684;1518092070;40683984;2.5010723041110277;0.4138329145327584;0.0;0.0;0.0;0.4610396128516214;0.8873795554223836
1518092070.207281;1518092070;207281112;2.518735598323113;0.43709831689327394;0.0;0.0;0.0;0.4599596167605512;0.8879398352081558
1518092070.357776;1518092070;357775926;2.5311862706589077;0.45853859211321546;0.0;0.0;0.0;0.4598419512371417;0.8880007769604812
1518092070.372279;1518092070;372278928;2.5324032937082284;0.4604248903003794;0.0;0.0;0.0;0.4599605980883635;0.8879393268721658
1518092070.536742;1518092070;536741971;2.5499779565916447;0.48518552861266817;0.0;0.0;0.0;0.4591809360322401;0.8883427649193502
1518092070.689261;1518092070;689260959;2.5672941143784427;0.5088312198216102;0.0;0.0;0.0;0.4583603658217148;0.8887664344718379
1518092070.70327;1518092070;703269958;2.567754950483009;0.5102085898429103;0.0;0.0;0.0;0.45803653924678056;0.888933365733806
1518092070.839798;1518092070;839797973;2.577198354072866;0.5281372075786488;0.0;0.0;0.0;0.457270577198377;0.8893276219867812
1518092071.032308;1518092071;32308101;2.602046936300205;0.5571557163093105;0.0;0.0;0.0;0.45717846853299887;0.8893749759858447
1518092071.199441;1518092071;199440956;2.6201846167744383;0.5798994398076879;0.0;0.0;0.0;0.4612857180381328;0.8872516476930569
1518092071.365309;1518092071;365309000;2.6339742082440494;0.6057544085031907;0.0;0.0;0.0;0.4625451053886542;0.8865957508814255
1518092071.48933;1518092071;489330053;2.6457800476789224;0.6238129089836906;0.0;0.0;0.0;0.4622374524640666;0.8867561883288606
1518092071.653697;1518092071;653697013;2.6658540927004406;0.6459319348300276;0.0;0.0;0.0;0.48911953951781806;0.872216759791898
1518092071.861467;1518092071;861466884;2.68386218440047;0.6798794035822306;0.0;0.0;0.0;0.4910546375397698;0.8711287751823408
1518092072.026221;1518092072;26221036;2.701438445724539;0.704798943250945;0.0;0.0;0.0;0.49083127874838395;0.8712546446373909
1518092072.177661;1518092072;177660942;2.7179705907027376;0.7279371621363319;0.0;0.0;0.0;0.49191433223273456;0.8706436066175545
1518092072.357226;1518092072;357225894;2.7358598704219896;0.7560329722552968;0.0;0.0;0.0;0.49251283551916136;0.8703051802953234
1518092072.495329;1518092072;495328903;2.7446201310991016;0.777582204269572;0.0;0.0;0.0;0.493077601501468;0.869985332576107
1518092072.524313;1518092072;524312973;2.7480246127560752;0.7819372190589511;0.0;0.0;0.0;0.4925496643756948;0.8702843375146944
1518092072.660804;1518092072;660804033;2.7635340705784373;0.8028630508518687;0.0;0.0;0.0;0.4933002805167859;0.8698590881528228
1518092072.853868;1518092072;853868007;2.7818606027748474;0.8325188624246656;0.0;0.0;0.0;0.4934860251929367;0.8697537254529446
1518092073.143216;1518092073;143215894;2.810206440581691;0.875562349020405;0.0;0.0;0.0;0.49497749614224;0.8689057936927103
1518092073.185068;1518092073;185067892;2.8134130007995743;0.8823637618824557;0.0;0.0;0.0;0.4958561457027914;0.8684046768464413
1518092073.308238;1518092073;308238029;2.8236252303099816;0.9021002489832379;0.0;0.0;0.0;0.4957294947656175;0.8684769818592923
1518092073.474572;1518092073;474571943;2.8412056459383033;0.9283050152233912;0.0;0.0;0.0;0.4969438932198593;0.8677826726729966
1518092073.681825;1518092073;681824922;2.8604566970738086;0.9592615443788934;0.0;0.0;0.0;0.4963527763481915;0.8681209140502504
1518092073.847043;1518092073;847043037;2.8770978961007865;0.9842856618782119;0.0;0.0;0.0;0.49665953281012915;0.8679454524731518
1518092074.011707;1518092074;11707067;2.894791872081247;1.0091729015233628;0.0;0.0;0.0;0.49935002265691414;0.8664003433012589
1518092074.164814;1518092074;164813995;2.909640586468564;1.032303622433054;0.0;0.0;0.0;0.49840766110964024;0.8669427912770358
1518092074.343845;1518092074;343844890;2.9245257339504747;1.061046324768479;0.0;0.0;0.0;0.49968751687215496;0.8662057408503708
1518092074.493917;1518092074;493916988;2.941668415918872;1.0832917623335878;0.0;0.0;0.0;0.5023633502444937;0.8646566164270809
1518092074.646389;1518092074;646389007;2.955088940613062;1.1067291181047034;0.0;0.0;0.0;0.5018734706062682;0.8649410497262916
1518092074.840431;1518092074;840430974;2.9728108798003032;1.1386196719283357;0.0;0.0;0.0;0.5031499852161594;0.8641991045916321
1518092075.005609;1518092075;5609035;2.9903675801670655;1.1627287408754092;0.0;0.0;0.0;0.5040471049353226;0.8636761638521234
1518092075.169989;1518092075;169989109;3.0042318684874645;1.1870615844967005;0.0;0.0;0.0;0.5033911648406636;0.8640586410425857
1518092075.295154;1518092075;295154094;3.018619388477834;1.2070259782309753;0.0;0.0;0.0;0.5065490410136223;0.8622111510808589
1518092075.502044;1518092075;502043962;3.037847308517366;1.2380079603197498;0.0;0.0;0.0;0.5079155621603026;0.8614068618924415
1518092075.652035;1518092075;652034997;3.050536051194112;1.262110085256188;0.0;0.0;0.0;0.5079245486312525;0.8614015630922307
1518092075.818904;1518092075;818903923;3.0657529179397645;1.288680038779485;0.0;0.0;0.0;0.5095608954721923;0.8604345958906915
1518092075.832792;1518092075;832792043;3.067022260697734;1.2918597004412886;0.0;0.0;0.0;0.5095717614837302;0.8604281608004055
1518092075.998904;1518092075;998903989;3.082953726119464;1.3138713926105772;0.0;0.0;0.0;0.5109346549134474;0.8596195544591086
1518092076.164187;1518092076;164186954;3.0970503662573674;1.3419895444220566;0.0;0.0;0.0;0.5112504109864973;0.8594317990778195
1518092076.32879;1518092076;328789949;3.112165725140759;1.3638902372591835;0.0;0.0;0.0;0.5135228863562246;0.8580758971025653
1518092076.618932;1518092076;618932008;3.1410770862887194;1.4141374238887838;0.0;0.0;0.0;0.5133032778007964;0.858207285566231
1518092076.825113;1518092076;825113058;3.160147541457396;1.4554486022606992;0.0;0.0;0.0;0.4661107497715246;0.8847263808361471
1518092076.991509;1518092076;991508960;3.174615286117038;1.4773876908778663;0.0;0.0;0.0;0.40928328386743096;0.9124073616245607
1518092077.144184;1518092077;144184112;3.191318678970709;1.4930971838890572;0.0;0.0;0.0;0.3631362761477645;0.9317360382348289
1518092077.157591;1518092077;157591104;3.193540064472229;1.4951444467843578;0.0;0.0;0.0;0.35774156216850844;0.9338206330432174
1518092077.308991;1518092077;308990955;3.2162871832382267;1.5126980991407026;0.0;0.0;0.0;0.3092161011832598;0.9509917995277478
1518092077.32231;1518092077;322309970;3.218153700686175;1.514269699697648;0.0;0.0;0.0;0.3049818572126255;0.9523581609726132
1518092077.473553;1518092077;473552942;3.2387637888975;1.5272658450743204;0.0;0.0;0.0;0.2559391968811973;0.9666928816846682
1518092077.63986;1518092077;639859914;3.2651572004348774;1.539775953724766;0.0;0.0;0.0;0.1985051019092828;0.9800998543597409
1518092077.81913;1518092077;819129943;3.2907254065344103;1.5480661553344295;0.0;0.0;0.0;0.13692853575056277;0.9905809285955423
1518092077.983765;1518092077;983764886;3.316501056698047;1.55273149476253;0.0;0.0;0.0;0.07742021362105092;0.9969985509131248
1518092078.14937;1518092078;149369955;3.347995642940785;1.5538004559465306;0.0;0.0;0.0;0.018604580273988;0.9998269198180397
1518092078.273881;1518092078;273880958;3.368612796939215;1.552000946820283;0.0;0.0;0.0;-0.02598463964590543;0.9996623422448564
1518092078.481364;1518092078;481364011;3.403903488297852;1.5479660342568398;0.0;0.0;0.0;-0.10556628006888709;0.9944122688867114
1518092078.63233;1518092078;632329940;3.427838367211793;1.5484138446915963;0.0;0.0;0.0;-0.1174149246242112;0.9930829449122016
1518092078.797639;1518092078;797638893;3.4557988868781946;1.54081067733768;0.0;0.0;0.0;-0.11358051702801189;0.9935287948276333
1518092078.812061;1518092078;812061071;3.4584322392380713;1.5389509532478565;0.0;0.0;0.0;-0.11778403495883975;0.9930392344257174
1518092078.962721;1518092078;962721109;3.4823545546436114;1.5298851269466966;0.0;0.0;0.0;-0.1717946332491378;0.9851327849517517
1518092079.141367;1518092079;141366958;3.5081038565723035;1.5194391677793286;0.0;0.0;0.0;-0.2336713439312353;0.9723156396075147
1518092079.279776;1518092079;279776096;3.529123020050425;1.5094066259277776;0.0;0.0;0.0;-0.2843145588257423;0.958731052819154
1518092079.446648;1518092079;446647882;3.5479043511440667;1.494841886576284;0.0;0.0;0.0;-0.3307474980775677;0.9437192869256352
1518092079.611034;1518092079;611033916;3.567805911884042;1.4806682353966263;0.0;0.0;0.0;-0.3337118509449694;0.9426751299036601
1518092079.639512;1518092079;639512062;3.5710611563275783;1.4775843245249367;0.0;0.0;0.0;-0.3339995527378143;0.942573232577151
1518092079.804059;1518092079;804059028;3.59472766815058;1.4594024013824973;0.0;0.0;0.0;-0.33504668413570776;0.9422015280446467
1518092080.107161;1518092080;107161045;3.6364284545552508;1.4250935641285747;0.0;0.0;0.0;-0.33488582648015863;0.9422587135297296
1518092080.135231;1518092080;135231018;3.640156709088346;1.422039720164881;0.0;0.0;0.0;-0.33454638189631;0.9423792858292718
1518092080.258667;1518092080;258666992;3.657576357040903;1.4070934588544577;0.0;0.0;0.0;-0.3337526332349034;0.9426606917702509
1518092080.452987;1518092080;452986955;3.6856156970112384;1.3735631774127146;0.0;0.0;0.0;-0.3494315446010013;0.9369618965773147
1518092080.63284;1518092080;632839918;3.7034016236189746;1.3538000591152792;0.0;0.0;0.0;-0.40126334381448736;0.915962733363545
1518092080.797615;1518092080;797615051;3.7252077870322395;1.3421502993173897;0.0;0.0;0.0;-0.4115383705352529;0.911392434452464
1518092080.921084;1518092080;921083927;3.7368925625776175;1.323507656650695;0.0;0.0;0.0;-0.41244458036199444;0.9109826936501145
1518092080.9629;1518092080;962899923;3.7403351082895364;1.3179621804814468;0.0;0.0;0.0;-0.4127338033155272;0.9108516935268329
1518092081.129357;1518092081;129357099;3.7597279267832393;1.296141152792375;0.0;0.0;0.0;-0.41123676499256295;0.9115285640716102
1518092081.280569;1518092081;280569076;3.778677829139597;1.2721830718607936;0.0;0.0;0.0;-0.41077879372801074;0.9117350397036194
1518092081.430799;1518092081;430799007;3.796158254765856;1.2526895283117174;0.0;0.0;0.0;-0.4115229751086663;0.9113993860858762
1518092081.624801;1518092081;624800920;3.819954287162646;1.2262290016079396;0.0;0.0;0.0;-0.41083767882644723;0.9117085069563061
1518092081.791495;1518092081;791495084;3.8381047632055227;1.203755600007344;0.0;0.0;0.0;-0.41062529578223467;0.9118041820828375
1518092081.956094;1518092081;956094026;3.8584329748385384;1.1725832284237687;0.0;0.0;0.0;-0.4440643384168363;0.8959949014064854
1518092082.092527;1518092082;92526912;3.8761764784283086;1.1653288913093593;0.0;0.0;0.0;-0.4718079108227385;0.8817013640031883
1518092082.121298;1518092082;121298074;3.8783341818515327;1.161862249174337;0.0;0.0;0.0;-0.47238723245696324;0.8813911178424996
1518092082.245991;1518092082;245990991;3.8895582764174637;1.1416995007093473;0.0;0.0;0.0;-0.4701224490978785;0.8826012026131692
1518092082.452419;1518092082;452419042;3.9096271566442176;1.1119775109614165;0.0;0.0;0.0;-0.47328152175685273;0.8809112334188489
1518092082.617034;1518092082;617033958;3.9246351373207995;1.0876542052910043;0.0;0.0;0.0;-0.47396279688218484;0.8805448694823091
1518092082.78369;1518092082;783689975;3.9403425845258075;1.063647215544547;0.0;0.0;0.0;-0.4747046275037394;0.8801451679277322
1518092082.935426;1518092082;935425996;3.957170308708016;1.0409262843959253;0.0;0.0;0.0;-0.47658985692969746;0.8791257636264168
1518092083.073141;1518092083;73141098;3.9688178969937344;1.0209945090548564;0.0;0.0;0.0;-0.47542242542706514;0.8797576469693495
1518092083.251209;1518092083;251209020;3.987876767373476;0.9943682054446374;0.0;0.0;0.0;-0.4769395171023007;0.8789361165785737
1518092083.279553;1518092083;279552936;3.9913237398367176;0.9900954070106553;0.0;0.0;0.0;-0.47659610866068647;0.879122374422066
1518092083.582424;1518092083;582423925;4.018158815393176;0.9474317081960679;0.0;0.0;0.0;-0.47849305043399254;0.8780913396033312
1518092083.776232;1518092083;776232004;4.035595655366994;0.9214850268958289;0.0;0.0;0.0;-0.4796611592500519;0.8774538006681014
1518092083.941694;1518092083;941694021;4.053119846422549;0.8947385713858074;0.0;0.0;0.0;-0.48097100041595653;0.8767365036080532
1518092084.066919;1518092084;66919088;4.064972459795706;0.8756865257585253;0.0;0.0;0.0;-0.4792119147189534;0.8776992313950118
1518092084.272488;1518092084;272488117;4.085175939559929;0.846834345887536;0.0;0.0;0.0;-0.48142078434222113;0.8764896054165848
1518092084.437775;1518092084;437774896;4.099928564198356;0.8231886875255008;0.0;0.0;0.0;-0.4826480628361987;0.8758143909758875
1518092084.603702;1518092084;603702068;4.11653136142056;0.7994420709130509;0.0;0.0;0.0;-0.48256657695309385;0.8758592916717695
1518092084.755139;1518092084;755139112;4.131628910965468;0.7771496303286716;0.0;0.0;0.0;-0.48457821818481817;0.8747479353852896
1518092084.768755;1518092084;768754959;4.132995300473718;0.7749111148849541;0.0;0.0;0.0;-0.4846920451863441;0.874684869729138
1518092084.93455;1518092084;934550046;4.150097616905845;0.7485746133446088;0.0;0.0;0.0;-0.4838242155955765;0.8751652006354715
1518092085.072791;1518092085;72791099;4.16532035476349;0.7275828111742528;0.0;0.0;0.0;-0.48617889663619;0.8738593024426855
1518092085.23854;1518092085;238539934;4.179598276161718;0.7043194751792471;0.0;0.0;0.0;-0.4882450621931945;0.8727065711016295
1518092085.43175;1518092085;431750059;4.196702264278044;0.6737269968220971;0.0;0.0;0.0;-0.48590868891195477;0.8740095800618349
1518092085.596812;1518092085;596812009;4.212648152785393;0.6500150864212839;0.0;0.0;0.0;-0.4874075626451616;0.8731745918636793
1518092085.762903;1518092085;762902975;4.2285324612414765;0.6259002747032933;0.0;0.0;0.0;-0.48830880912525604;0.8726709041389396
1518092086.051112;1518092086;51111936;4.258506550859785;0.5862216569873366;0.0;0.0;0.0;-0.4374222841760747;0.8992562178301495
1518092086.259248;1518092086;259248018;4.275975455971301;0.5566068888596468;0.0;0.0;0.0;-0.3596385399562893;0.9330916999835056
1518092086.425388;1518092086;425388097;4.301340525854113;0.5388761868468667;0.0;0.0;0.0;-0.31397152411179946;0.9494323999353054
1518092086.589602;1518092086;589601993;4.323334302921817;0.5212511582987794;0.0;0.0;0.0;-0.25755454039239695;0.9662637625013478
1518092086.727136;1518092086;727135896;4.344265924916804;0.5086886869696366;0.0;0.0;0.0;-0.21569109494280522;0.9764616487924007
1518092086.755531;1518092086;755531072;4.349810963942322;0.5056141742230723;0.0;0.0;0.0;-0.20482548234936118;0.9787985092859263
1518092087.057911;1518092087;57910919;4.403540644249079;0.4805634762481368;0.0;0.0;0.0;-0.08597642221161239;0.9962971719440393
1518092087.251861;1518092087;251861095;4.438837480575924;0.4744142048470425;0.0;0.0;0.0;-0.017570894306210463;0.9998456199200354
1518092087.416744;1518092087;416743993;4.467315116445581;0.47538966214006184;0.0;0.0;0.0;0.03812062618842362;0.9992731447702388
1518092087.584204;1518092087;584203958;4.4991248423502;0.47817539046444757;0.0;0.0;0.0;0.09945242919677932;0.9950423178573159
1518092087.748192;1518092087;748192071;4.5289129684881715;0.4804817341300148;0.0;0.0;0.0;0.1562706094992665;0.9877142788310432
1518092087.898857;1518092087;898857116;4.560893300890269;0.4867205374512186;0.0;0.0;0.0;0.21683189802783828;0.9762089571386062
1518092088.065465;1518092088;65464973;4.590965197844655;0.4996597078100251;0.0;0.0;0.0;0.2699786902181912;0.9628662974827138
1518092088.244196;1518092088;244195938;4.618371752740596;0.517165390566246;0.0;0.0;0.0;0.32961626646024245;0.9441149913462927
1518092088.409647;1518092088;409646987;4.6368755146327825;0.5348009434440348;0.0;0.0;0.0;0.3798599657025517;0.9250440024433736
1518092088.547752;1518092088;547751903;4.656035447974719;0.5522667125185783;0.0;0.0;0.0;0.42951570238431314;0.9030593897442794
1518092088.576353;1518092088;576353073;4.65866198370442;0.5551889887537698;0.0;0.0;0.0;0.43941387272791643;0.8982847257157691
1518092088.865343;1518092088;865343093;4.695980769824639;0.6001774739843705;0.0;0.0;0.0;0.5422407964300914;0.8402231362482588
1518092089.030254;1518092089;30253887;4.708255142758337;0.6244895219131436;0.0;0.0;0.0;0.5820754045864504;0.8131348125468003
1518092089.237843;1518092089;237843036;4.7205852208316745;0.6655685399116995;0.0;0.0;0.0;0.6395843193980791;0.7687209496170219
1518092089.403067;1518092089;403067111;4.730197318650271;0.693459212485235;0.0;0.0;0.0;0.6775528049638531;0.7354741303986259
1518092089.567718;1518092089;567718029;4.737036366640372;0.7255199803035848;0.0;0.0;0.0;0.7225500768850107;0.6913185853088756
1518092089.720507;1518092089;720506906;4.740865374574335;0.7508135995433088;0.0;0.0;0.0;0.7612497284213772;0.6484588275121093
1518092089.871983;1518092089;871983051;4.7372322028378635;0.7773671433168409;0.0;0.0;0.0;0.7991188482225019;0.6011730752583169
1518092090.037748;1518092090;37748098;4.729482693342629;0.8010938919608286;0.0;0.0;0.0;0.8294435463798506;0.5585905507335553
1518092090.229921;1518092090;229921102;4.706749794568832;0.8334115720647324;0.0;0.0;0.0;0.8376732713332216;0.546171667604517
1518092090.520017;1518092090;520016908;4.6870371020980075;0.8812291303598205;0.0;0.0;0.0;0.8390489620850127;0.5440559155308056
1518092090.561436;1518092090;561435937;4.683339150414104;0.8881026065538606;0.0;0.0;0.0;0.8389301973545021;0.5442390320132654
1518092090.726136;1518092090;726135969;4.673535184261475;0.9164756635295686;0.0;0.0;0.0;0.839658727826161;0.5431143717352293
1518092090.878466;1518092090;878465890;4.663597846016186;0.94426721683928;0.0;0.0;0.0;0.8403208672911232;0.5420893284276076
1518092091.059301;1518092091;59300899;4.648277867345537;0.9772644326901709;0.0;0.0;0.0;0.8410841927279492;0.5409042251112243
1518092091.223608;1518092091;223608016;4.638400040531537;1.001226215928831;0.0;0.0;0.0;0.8415206396752742;0.5402249651770243
1518092091.389399;1518092091;389399051;4.6322855851508375;1.0290756809149013;0.0;0.0;0.0;0.8497717515101063;0.5271508041684524
1518092091.526671;1518092091;526670932;4.620726237359484;1.0541341224969325;0.0;0.0;0.0;0.8672898003570579;0.4978035779266905
1518092091.691531;1518092091;691530942;4.601355405403505;1.0788776846927606;0.0;0.0;0.0;0.8672167127411249;0.4979308919342898
1518092091.843271;1518092091;843271017;4.587064801616462;1.1024257713620242;0.0;0.0;0.0;0.8669410151513055;0.4984107505345604
1518092092.009871;1518092092;9871006;4.570270495391581;1.1278476786486629;0.0;0.0;0.0;0.866850441063918;0.4985682629563287
1518092092.051148;1518092092;51147937;4.566160205483557;1.1346983043155596;0.0;0.0;0.0;0.8662255313705185;0.49965320853754447
1518092092.217885;1518092092;217885017;4.5578442668395125;1.15830111100634;0.0;0.0;0.0;0.8778192747921316;0.4789919840701054
1518092092.382639;1518092092;382638931;4.538364162585943;1.183112063126522;0.0;0.0;0.0;0.8903624702778784;0.45525231632653357
1518092092.547586;1518092092;547585964;4.519654581060105;1.2082147301243216;0.0;0.0;0.0;0.889823620997725;0.4563046389359821
1518092092.684959;1518092092;684958934;4.503358388423057;1.226810797770706;0.0;0.0;0.0;0.8892242724047373;0.45747152191832163
1518092092.850228;1518092092;850228071;4.489689149392163;1.2510164656446792;0.0;0.0;0.0;0.889102561768215;0.45770802336991795
1518092093.043339;1518092093;43339014;4.47082460111746;1.2806055578749014;0.0;0.0;0.0;0.8933871749918493;0.4492876089545346
1518092093.20934;1518092093;209340095;4.456248224697347;1.3058204041350132;0.0;0.0;0.0;0.9163562842394963;0.4003637849940769
1518092093.334219;1518092093;334218978;4.4425953786859855;1.3255883432281366;0.0;0.0;0.0;0.9312125285771845;0.3644766475659123
1518092093.499137;1518092093;499136924;4.417328636476709;1.345824409201451;0.0;0.0;0.0;0.9327077993153352;0.36063300056476294
1518092093.664194;1518092093;664194107;4.399116322985105;1.3632305699452438;0.0;0.0;0.0;0.948812843047844;0.3158388653529952
1518092093.705659;1518092093;705658912;4.3937479450491335;1.3673493816663105;0.0;0.0;0.0;0.9525880546001757;0.30426304118813496
1518092093.99527;1518092093;995270013;4.345712350291345;1.3958704860638784;0.0;0.0;0.0;0.9713886390030202;0.23749549893810637
1518092094.036814;1518092094;36813974;4.338197246637446;1.3995883129097464;0.0;0.0;0.0;0.9710389278043405;0.23892132740422486
1518092094.201272;1518092094;201272010;4.311046168577517;1.4137007619391018;0.0;0.0;0.0;0.9713330574933341;0.23772271961394725
1518092094.367617;1518092094;367616891;4.285378440680118;1.4287581759027919;0.0;0.0;0.0;0.971274265262749;0.23796281566309302
1518092094.53394;1518092094;533940076;4.265735544089777;1.4409453875659246;0.0;0.0;0.0;0.9714370376846259;0.2372974542942229
1518092094.671585;1518092094;671585083;4.240069779205742;1.4545931403039443;0.0;0.0;0.0;0.9719277926044462;0.23527933603070358
1518092094.864023;1518092094;864022970;4.212304571161075;1.4700397525794167;0.0;0.0;0.0;0.9765895726846183;0.21511114923144886
1518092095.030454;1518092095;30453920;4.185864398861929;1.4831606615374848;0.0;0.0;0.0;0.9860272530917398;0.1665840813534058
1518092095.19551;1518092095;195509910;4.159167616214493;1.4936961588056552;0.0;0.0;0.0;0.9936615548351003;0.11241314177039473
1518092095.359752;1518092095;359751939;4.127550475377335;1.5038304375602067;0.0;0.0;0.0;0.9982034956367167;0.05991478364009323
1518092095.526625;1518092095;526624917;4.101815548930623;1.5070452723862802;0.0;0.0;0.0;0.9999581935360687;0.009143914920984049
1518092095.692872;1518092095;692872047;4.0643571570574;1.5056540042986433;0.0;0.0;-0.0;-0.9999904810305248;0.004363238285899064
1518092095.843488;1518092095;843487977;4.037161311653832;1.5066630685163627;0.0;0.0;-0.0;-0.9999876112543344;0.0049776839845568095
1518092096.008777;1518092096;8776903;4.004736754609067;1.5055962807820822;0.0;0.0;0.0;0.9996617580761296;0.026007103647693028
1518092096.174684;1518092096;174684047;3.978246031350518;1.5078299391974181;0.0;0.0;0.0;0.9961365805987586;0.08781749707781975
1518092096.354342;1518092096;354341983;3.9463588180089206;1.516292120321457;0.0;0.0;0.0;0.9929948465045196;0.1181576693044744
1518092096.4906;1518092096;490600109;3.9246098150921327;1.5233757471203364;0.0;0.0;0.0;0.9928684169622127;0.11921537903705944
1518092096.518724;1518092096;518723964;3.9196726599528464;1.5244166981501053;0.0;0.0;0.0;0.9929560303970678;0.1184834237271077
1518092096.685385;1518092096;685384988;3.8913835818090883;1.5326528700437827;0.0;0.0;0.0;0.9928866103521089;0.11906376016025783
1518092096.810104;1518092096;810103893;3.873294853027277;1.538252838624326;0.0;0.0;0.0;0.9930258677366519;0.11789667512644077
1518092096.974306;1518092096;974306106;3.8585465103843153;1.5407384700954954;0.0;0.0;0.0;0.9930409028473165;0.11776996761563015
1518092097.181098;1518092097;181097984;3.8611633759797086;1.5409982168130059;0.0;0.0;0.0;0.99308837390973;0.11736899763280016
1518092097.49739;1518092097;497390031;3.8542631740547066;1.5438823214067066;0.0;0.0;0.0;0.993109157296138;0.11719301043387631
1518092097.512045;1518092097;512044906;3.853714079672434;1.5441340885496662;0.0;0.0;0.0;0.9930925159054076;0.11733394586677744
1518092097.676977;1518092097;676976919;3.8439817249690753;1.547223671924191;0.0;0.0;0.0;0.994492528209087;0.10480749656536226
1518092097.801487;1518092097;801486968;3.834967443117251;1.5497770717883546;0.0;0.0;0.0;0.9960332073466049;0.08898230084030781
1518092097.995774;1518092097;995774030;3.836555273846363;1.5509017256158364;0.0;0.0;0.0;0.998077008011799;0.06198617650908319
1518092098.160224;1518092098;160223960;3.8322792266832595;1.5505441013922212;0.0;0.0;0.0;0.9990376049781203;0.04386187227628476
1518092098.339068;1518092098;339067935;3.8326525885628455;1.550568991594513;0.0;0.0;0.0;0.9989198351095969;0.04646679486058617
1518092098.478225;1518092098;478224992;3.8224775736643037;1.5524388824210669;0.0;0.0;0.0;0.9989493541815582;0.04582780575423441
1518092098.506362;1518092098;506361961;3.820172415424575;1.552728518663403;0.0;0.0;0.0;0.9989513669982569;0.045783909535050966
1518092098.670108;1518092098;670108079;3.8037721784912595;1.5545219599355813;0.0;0.0;0.0;0.9989409119562817;0.04601145965900723
1518092098.807388;1518092098;807388067;3.794848725751577;1.5564052727746973;0.0;0.0;0.0;0.99893724141084;0.04609108072611454
1518092098.973291;1518092098;973290920;3.776554479026811;1.558826468350421;0.0;0.0;0.0;0.9989340743101253;0.0461596705162964
1518092099.168067;1518092099;168066978;3.7650395333402282;1.56076666228763;0.0;0.0;0.0;0.9989033005956334;0.04682089340401102
1518092099.332827;1518092099;332827091;3.7512424051030493;1.5624550359603497;0.0;0.0;0.0;0.9988965115920108;0.0469655099973584
1518092099.49774;1518092099;497740030;3.741837960903047;1.5632706528012121;0.0;0.0;0.0;0.9988328564793159;0.048300360426919646
1518092099.636707;1518092099;636707067;3.7387320244150253;1.564711002928686;0.0;0.0;0.0;0.9988278918332323;0.04840291825893064
1518092099.800852;1518092099;800852060;3.7388634317156324;1.5644460206366024;0.0;0.0;0.0;0.99881980778491;0.048569451062530015
1518092099.993797;1518092099;993797063;3.7373320855597765;1.565708410002748;0.0;0.0;0.0;0.9988263081060613;0.048435588519347594
1518092100.159723;1518092100;159723043;3.731833275593361;1.5660600192489285;0.0;0.0;0.0;0.9988288100992403;0.04838396548171594
1518092100.285328;1518092100;285327911;3.7254368785021468;1.5663985873417172;0.0;0.0;0.0;0.9988419766847573;0.048111387555200835
1518092100.326465;1518092100;326464891;3.7241265474671943;1.5665229426525304;0.0;0.0;0.0;0.9988073797927608;0.04882435940716073
1518092100.49113;1518092100;491130113;3.7229280857383458;1.5666249074329341;0.0;0.0;0.0;0.9988246910695888;0.04846892313369935
1518092100.642307;1518092100;642307043;3.720496527751817;1.566664144890889;0.0;0.0;0.0;0.9989104897872476;0.04666726254025606
1518092100.656357;1518092100;656357049;3.719195213930014;1.5664660215768305;0.0;0.0;0.0;0.9989989992632391;0.04473253258029082
1518092100.973046;1518092100;973046064;3.682577272048225;1.5680419433587578;0.0;0.0;0.0;0.9994807620182431;0.03222120971397673
1518092101.151502;1518092101;151501893;3.6581225769163632;1.5671802770376784;0.0;0.0;0.0;0.999434589105931;0.033622940065658816
1518092101.318742;1518092101;318742036;3.6490410846893995;1.5647878985942878;0.0;0.0;0.0;0.999996645141084;0.0025903101314168927
1518092101.485105;1518092101;485105037;3.614415839413721;1.564472864840469;0.0;0.0;0.0;-0.9986034485453364;0.05283135956382015
1518092101.608308;1518092101;608308076;3.5960523640786666;1.56340707643859;0.0;0.0;0.0;-0.9986881646200385;0.05120497874092746
1518092101.773376;1518092101;773375988;3.5643093557070236;1.5614915103651295;0.0;0.0;0.0;-0.9985618354794974;0.05361213224464298
1518092101.967054;1518092101;967053890;3.539973281153912;1.555355311818218;0.0;0.0;0.0;-0.9950472518879806;0.09940305080920614
1518092102.146008;1518092102;146008014;3.516540252678989;1.5489073533058269;0.0;0.0;0.0;-0.9868711780314638;0.1615093742505086
1518092102.310245;1518092102;310245037;3.4861680027125446;1.541157833009235;0.0;0.0;0.0;-0.975161845530807;0.2214935101102298
1518092102.477165;1518092102;477164983;3.4523153692272697;1.5291549622562224;0.0;0.0;0.0;-0.958404629884729;0.2854129734534079
1518092102.61579;1518092102;615789890;3.438730482208122;1.5158088873114284;0.0;0.0;0.0;-0.9447241823946068;0.32786616049669093
1518092102.780336;1518092102;780335903;3.4117804056181744;1.4981126805882927;0.0;0.0;0.0;-0.9246488310141474;0.3808208756149938
1518092102.973169;1518092102;973169088;3.3819737831640073;1.4743229299932241;0.0;0.0;0.0;-0.9195283347115798;0.3930237164123165
1518092103.13978;1518092103;139780044;3.3589955755680796;1.4561405655760742;0.0;0.0;0.0;-0.9191337116017748;0.3939457071693324
1518092103.304419;1518092103;304419040;3.337918726033858;1.432725566443275;0.0;0.0;0.0;-0.9194197349598177;0.39327770209664664
1518092103.441675;1518092103;441674947;3.321080736114675;1.4151898079162526;0.0;0.0;0.0;-0.9193586194550321;0.39342054958242534
1518092103.59419;1518092103;594189882;3.3032710307779185;1.3962794309277777;0.0;0.0;0.0;-0.9188814699920802;0.3945337046504313
1518092103.801215;1518092103;801214933;3.285140144897345;1.3698396858028494;0.0;0.0;0.0;-0.90795234421401;0.41907343107895045
1518092103.9527;1518092103;952699899;3.260795258312044;1.3491970810862388;0.0;0.0;0.0;-0.8992380824761971;0.43745956501662214
1518092103.96626;1518092103;966259956;3.259304259293897;1.3473407226535499;0.0;0.0;0.0;-0.8992182910757117;0.4375002457083613
1518092104.131711;1518092104;131711006;3.2406483211787656;1.3241519329272293;0.0;0.0;0.0;-0.8993373214804968;0.4372555113343748
1518092104.448551;1518092104;448550939;3.2063941228345367;1.2787453274473426;0.0;0.0;0.0;-0.907030900251052;0.4210640639971143
1518092104.463431;1518092104;463430881;3.204968464339635;1.2759902244843744;0.0;0.0;0.0;-0.9066141771051661;0.42196058331545916
1518092104.614062;1518092104;614062070;3.1900531313958056;1.256231302353701;0.0;0.0;0.0;-0.9067508246782996;0.42166686133157716
1518092104.794522;1518092104;794522047;3.1703030783344373;1.233183119280803;0.0;0.0;0.0;-0.9060553121929478;0.4231592740883035
1518092104.960144;1518092104;960144042;3.155783858840994;1.2124103689942094;0.0;0.0;0.0;-0.8908479677768505;0.45430154997298394
1518092105.125543;1518092105;125543117;3.13838566162815;1.190424293180051;0.0;0.0;0.0;-0.8901568992599154;0.4556541393425202
1518092105.261885;1518092105;261884927;3.1194423838332446;1.164453280791605;0.0;0.0;0.0;-0.8901138061629297;0.45573831535009485
1518092105.428057;1518092105;428056955;3.104292708479837;1.1433967936275944;0.0;0.0;0.0;-0.8904288629235739;0.45512244514265743
1518092105.593045;1518092105;593044996;3.0836262055634895;1.12028538781871;0.0;0.0;0.0;-0.8905325790331733;0.45491947164363594
1518092105.786212;1518092105;786211967;3.0620145921092163;1.0924392763649216;0.0;0.0;0.0;-0.8906060826205158;0.45477555519106233
1518092105.95197;1518092105;951970100;3.046803101430633;1.0670587565417615;0.0;0.0;0.0;-0.8908945784761652;0.4542101386382476
1518092106.077113;1518092106;77112913;3.0330587753353186;1.0487815094967574;0.0;0.0;0.0;-0.890737115878345;0.45451885593089275
1518092106.11876;1518092106;118760108;3.030216845296644;1.0432718827549814;0.0;0.0;0.0;-0.8910176975426569;0.45396857012989617
1518092106.284218;1518092106;284218072;3.0108949190761267;1.0185547066493406;0.0;0.0;0.0;-0.8908035818207738;0.45438857667780325
1518092106.434289;1518092106;434288978;2.9996475355592915;0.9964149687639621;0.0;0.0;0.0;-0.891352935542659;0.4533099869840553
1518092106.448607;1518092106;448606967;2.9963445455980398;0.9943777635995585;0.0;0.0;0.0;-0.8914075944189211;0.4532024940490423
1518092106.600846;1518092106;600846052;2.9796599752943083;0.9723949622284044;0.0;0.0;0.0;-0.8917251757172249;0.4525772983613788
1518092106.780121;1518092106;780121088;2.960239587784426;0.9482419924576548;0.0;0.0;0.0;-0.8909788078980703;0.45404489191767555
1518092106.944785;1518092106;944785118;2.9412201968056673;0.9253711785051901;0.0;0.0;0.0;-0.8908725951238469;0.4542532545368303
1518092107.110698;1518092107;110697984;2.9228536556606652;0.8999711934533253;0.0;0.0;0.0;-0.8907370811553292;0.4545189239788421
1518092107.276843;1518092107;276843070;2.900945217037942;0.8757290702757572;0.0;0.0;0.0;-0.8914784683165434;0.4530630646256541
1518092107.400607;1518092107;400607109;2.891207534276368;0.8565252774091467;0.0;0.0;0.0;-0.8917645710524322;0.45249966830448785
1518092107.606906;1518092107;606905937;2.8722807919349354;0.8297072592341845;0.0;0.0;0.0;-0.890932334348305;0.4541360760968899
1518092107.896711;1518092107;896711111;2.840984389477789;0.7844355532726743;0.0;0.0;0.0;-0.8872786967179654;0.4612336873543266
1518092108.089341;1518092108;89340925;2.8216477350893916;0.7579345473845396;0.0;0.0;0.0;-0.8863280261111616;0.46305791228516135
1518092108.103432;1518092108;103431940;2.820848508723398;0.7565879997235081;0.0;0.0;0.0;-0.8863712538582181;0.46297516168128316
1518092108.393932;1518092108;393932104;2.7875494732928816;0.7121752308413428;0.0;0.0;0.0;-0.8865553951946317;0.4626224500078768
1518092108.585933;1518092108;585932970;2.769645409512087;0.6854191618159308;0.0;0.0;0.0;-0.8867294331137439;0.46228877603699026
1518092108.765444;1518092108;765444040;2.7480960743578713;0.6576376616407844;0.0;0.0;0.0;-0.8865847734766924;0.46256614601512075
1518092108.931448;1518092108;931447982;2.731548608420339;0.6355806054238499;0.0;0.0;0.0;-0.8860236322451378;0.46364007926745593
1518092109.095839;1518092109;95839023;2.7150101187619224;0.6069043434190208;0.0;0.0;0.0;-0.8877486628429503;0.46032848230427126
1518092109.233416;1518092109;233416080;2.7004602015299075;0.5882774976354768;0.0;0.0;0.0;-0.8859772540872749;0.46372869788268695
1518092109.399387;1518092109;399386882;2.683012754490385;0.5636083436841018;0.0;0.0;0.0;-0.8860840627606289;0.46352457725736385
1518092109.566083;1518092109;566082954;2.663933692350045;0.5399112051204403;0.0;0.0;0.0;-0.8862214607571894;0.46326182930756704
1518092109.75856;1518092109;758559942;2.6434368732403764;0.5082764923164523;0.0;0.0;0.0;-0.8880137396941948;0.45981691803839786
1518092109.895421;1518092109;895421028;2.63057938058653;0.4891325474230117;0.0;0.0;0.0;-0.8880694367704141;0.45970933803250025
1518092110.214096;1518092110;214096069;2.598048521567321;0.4413806921427508;0.0;0.0;0.0;-0.8882356086940353;0.4593881838357803
1518092110.254956;1518092110;254956007;2.592906947905081;0.43432854341591964;0.0;0.0;0.0;-0.8879867353827868;0.4598690659135713
1518092110.405587;1518092110;405586957;2.5771637212346845;0.41209336425765475;0.0;0.0;0.0;-0.8886109175334944;0.4586617896013152
1518092110.572048;1518092110;572047948;2.5551947405165913;0.3869237753969895;0.0;0.0;0.0;-0.8888986749207217;0.45810385910204365
1518092110.752158;1518092110;752157926;2.5392871494170537;0.3616358098330967;0.0;0.0;0.0;-0.8886876115000039;0.4585131722932486
1518092110.9177;1518092110;917700052;2.5216817873608592;0.3369927256708638;0.0;0.0;0.0;-0.8889694783818928;0.4579664469209785
1518092111.08242;1518092111;82420110;2.5031247315910776;0.31064464611140064;0.0;0.0;0.0;-0.8886903390063301;0.45850788581747864
1518092111.399363;1518092111;399363040;2.4713139130470436;0.2654115683286482;0.0;0.0;0.0;-0.8897908604575437;0.45636851846531207
1518092111.578086;1518092111;578085899;2.4525105050372775;0.23862597830380566;0.0;0.0;0.0;-0.8894501555816001;0.45703218785537125
1518092111.7445;1518092111;744499921;2.4309176706272937;0.21286610760999625;0.0;0.0;0.0;-0.8895769977099489;0.45678525057772346
1518092111.869455;1518092111;869455099;2.417713570896284;0.19338986741789324;0.0;0.0;0.0;-0.8945506371708949;0.44696661792257586
1518092111.911362;1518092111;911361932;2.413097241207621;0.18802195212754358;0.0;0.0;0.0;-0.8971265671333946;0.44177361005774324
1518092112.075141;1518092112;75140953;2.398017520447879;0.16565127514532593;0.0;0.0;0.0;-0.9146527018441823;0.4042405657639238
1518092112.199403;1518092112;199403047;2.3731878911479853;0.1511044728696342;0.0;0.0;0.0;-0.9270897465721945;0.37483943469264847
1518092112.241144;1518092112;241143941;2.367748055191589;0.14473525201309828;0.0;0.0;0.0;-0.930892807941647;0.36529245834333335
1518092112.392964;1518092112;392963886;2.345673409929157;0.13029509899124952;0.0;0.0;0.0;-0.9424387744454055;0.3343787619180412
1518092112.572233;1518092112;572232961;2.3190557075428386;0.11102233616676795;0.0;0.0;0.0;-0.9551091931819696;0.29625399423347354
1518092112.736688;1518092112;736687898;2.2943776231945376;0.09783594780165403;0.0;0.0;0.0;-0.9656589411337437;0.259813027788171
1518092112.902684;1518092112;902683973;2.2653246299975547;0.08471208792433829;0.0;0.0;0.0;-0.9764010462977126;0.21596526755182655
1518092113.041715;1518092113;41714906;2.2535808076395356;0.0756976635541268;0.0;0.0;0.0;-0.9832567724012484;0.18222546344317428
1518092113.20646;1518092113;206459999;2.217310252487093;0.06714570796772269;0.0;0.0;0.0;-0.989190153479803;0.1466384678677593
1518092113.39885;1518092113;398849964;2.193813531699865;0.0562145014116308;0.0;0.0;0.0;-0.9898359312892577;0.1422140257806093
1518092113.565409;1518092113;565408945;2.143986900910693;0.050436452518851996;0.0;0.0;0.0;-0.992971831255998;0.1183509287336183
1518092113.730586;1518092113;730586051;2.1234149246370517;0.04686866220547468;0.0;0.0;0.0;-0.9971940570674925;0.07485995290724166
1518092113.895153;1518092113;895153045;2.096986851993742;0.04406654513357512;0.0;0.0;0.0;-0.9996515872121455;0.026395154559844664
1518092114.019961;1518092114;19961118;2.070762673436241;0.046338335286661;0.0;0.0;-0.0;0.9999825273581037;0.0059114277885663966
1518092114.061243;1518092114;61243057;2.0602129015288635;0.046625024482110144;0.0;0.0;0.0;0.9998087394939124;0.019557209197483078
1518092114.214281;1518092114;214281082;2.0302341763903864;0.04811688069570986;0.0;0.0;0.0;0.9984673988545405;0.0553430521804493
1518092114.228074;1518092114;228074073;2.0270993537787345;0.04836796848297276;0.0;0.0;0.0;0.9982459904423326;0.059202555399293214
1518092114.378417;1518092114;378417015;2.0103133559023996;0.05341222901497431;0.0;0.0;0.0;0.9942883580961358;0.1067270394721524
1518092114.557924;1518092114;557924032;1.9854463601876813;0.05740752656404622;0.0;0.0;0.0;0.9917071638599407;0.12851809658126986
1518092114.875214;1518092114;875214099;1.9277078569312058;0.07411939011647639;0.0;0.0;0.0;0.9919970263667826;0.12626123585432295
1518092114.888543;1518092114;888542890;1.9267881853046136;0.07433072020085328;0.0;0.0;0.0;0.9919921805081332;0.12629930249498314
1518092115.024653;1518092115;24652957;1.9165527103617204;0.08094748269805745;0.0;0.0;0.0;0.992022113333549;0.12606397842857164
1518092115.192475;1518092115;192475080;1.8807112424556047;0.09314971591269372;0.0;0.0;0.0;0.9908022741220072;0.1353176026785093
1518092115.386016;1518092115;386015892;1.8517349544620707;0.10594962672950199;0.0;0.0;0.0;0.9831282854528461;0.18291739759396064
1518092115.551099;1518092115;551099061;1.822054783904661;0.11483869426420254;0.0;0.0;0.0;0.9747880007262248;0.2231330402252645
1518092115.674371;1518092115;674371004;1.8050278976819336;0.12595404599163798;0.0;0.0;0.0;0.9687302713691127;0.248116225453164
1518092115.71528;1518092115;715280055;1.8005387049895314;0.12878042330922318;0.0;0.0;0.0;0.96700898258426;0.25474227682376227
1518092115.882724;1518092115;882724046;1.7751382824050446;0.14479723121014654;0.0;0.0;0.0;0.9498909942018648;0.31258134802670606
1518092116.033021;1518092116;33020973;1.763520047952859;0.1538898240960464;0.0;0.0;0.0;0.9493238041032495;0.31429972154447616
1518092116.047218;1518092116;47218084;1.7613170996839427;0.15603455875910577;0.0;0.0;0.0;0.9493723500245753;0.31415305347682887
1518092116.198175;1518092116;198174953;1.7399316212012672;0.171977360582401;0.0;0.0;0.0;0.9497682145827803;0.31295421161607323
1518092116.378332;1518092116;378331899;1.7142937532158982;0.19321605445923418;0.0;0.0;0.0;0.9493394918597312;0.3142523336357384
1518092116.544338;1518092116;544337987;1.694088313054488;0.21983059875162791;0.0;0.0;0.0;0.9390799828047899;0.34369868474487275
1518092116.709104;1518092116;709104061;1.672542505224256;0.2309855391430959;0.0;0.0;0.0;0.9329535779620828;0.3599966963289357
1518092116.87475;1518092116;874749898;1.645616359570181;0.2519800455763308;0.0;0.0;0.0;0.9328985758659314;0.36013920523502724
1518092117.013205;1518092117;13205051;1.6256048789181088;0.2800370625218028;0.0;0.0;0.0;0.9176933184810941;0.39728953323131627
1518092117.176905;1518092117;176904916;1.6179104312070867;0.287547346560855;0.0;0.0;0.0;0.9082027920574387;0.41853039136850356
1518092117.370255;1518092117;370254993;1.5983562095851223;0.31597277837954185;0.0;0.0;0.0;0.9090174728201715;0.4167580042514225
1518092117.537161;1518092117;537161111;1.5797097138699019;0.338527731345465;0.0;0.0;0.0;0.9089216375140775;0.416966973342887
1518092117.702633;1518092117;702632904;1.554416959380719;0.3701297811319128;0.0;0.0;0.0;0.8949461295743887;0.4461742094292558
1518092117.868319;1518092117;868319034;1.540504131391457;0.3884190495696743;0.0;0.0;0.0;0.8744776950195008;0.4850657284465487
1518092118.018928;1518092118;18928050;1.5355790614975269;0.4067801208287561;0.0;0.0;0.0;0.8743013782667208;0.48538345662054894
1518092118.032478;1518092118;32478094;1.534089534718126;0.40894284001319414;0.0;0.0;0.0;0.8744163325273623;0.48517633640708147
1518092118.350034;1518092118;350033998;1.5000916268512736;0.4595569789965305;0.0;0.0;0.0;0.8745120769304561;0.4850037394729861
1518092118.528766;1518092118;528765916;1.479609069020046;0.4847475077967467;0.0;0.0;0.0;0.8741334529094305;0.4856858104831111
1518092118.666751;1518092118;666750907;1.4663586019210222;0.5100755598841005;0.0;0.0;0.0;0.8737158697747996;0.4864366134489317
1518092118.695102;1518092118;695101976;1.464146655996105;0.5120103900483258;0.0;0.0;0.0;0.8737926882168171;0.4862986099289492
1518092118.861909;1518092118;861908912;1.4504600387232292;0.5396214286446305;0.0;0.0;0.0;0.8742487763764606;0.485478194159389
1518092118.998734;1518092118;998733997;1.4359691785994848;0.5593657058912554;0.0;0.0;0.0;0.874042470380216;0.48584952400064074
1518092119.162584;1518092119;162584066;1.4233193714105887;0.5841843991983571;0.0;0.0;0.0;0.873466829343456;0.4868836596525805
1518092119.357941;1518092119;357940912;1.4015394942206327;0.6139889645347463;0.0;0.0;0.0;0.8739622392445535;0.48599383162201326
1518092119.523097;1518092119;523097038;1.3867820601449816;0.6405234013603247;0.0;0.0;0.0;0.8743385339517573;0.4853165235669312
1518092119.687125;1518092119;687124967;1.3784825093584356;0.6729120946021983;0.0;0.0;0.0;0.8709377014362654;0.4913934474704712
1518092119.839647;1518092119;839647054;1.3628702468366438;0.6953170989477242;0.0;0.0;0.0;0.854573250112087;0.51933087737286
1518092119.853736;1518092119;853735923;1.3622965931639988;0.6974130863067762;0.0;0.0;0.0;0.8543615632193738;0.5196790541222033
1518092119.991941;1518092119;991940975;1.3551408793370405;0.7140636375473871;0.0;0.0;0.0;0.8542955085797846;0.519787633577798
1518092120.185024;1518092120;185024023;1.3356109598783128;0.744677040706567;0.0;0.0;0.0;0.8538381497511114;0.5205385807311488
1518092120.349589;1518092120;349589109;1.3224030902946677;0.7714503330725306;0.0;0.0;0.0;0.8531638714553728;0.521642989450908
1518092120.515806;1518092120;515805959;1.3119312240702221;0.7975013915191681;0.0;0.0;0.0;0.8532435819177353;0.5215125980416896
1518092120.639407;1518092120;639406919;1.2996483150842457;0.8182747896769313;0.0;0.0;0.0;0.8527698539895944;0.5222868714859353
1518092120.804847;1518092120;804847002;1.2875103358319886;0.843275629249593;0.0;0.0;0.0;0.8533789308665914;0.5212910898461561
1518092120.970414;1518092120;970413923;1.270780200884119;0.8702550037971875;0.0;0.0;0.0;0.8528762117317075;0.5221131749555565
1518092121.164443;1518092121;164443016;1.2563759015660978;0.9004932106680092;0.0;0.0;0.0;0.8522659327907303;0.5231087647940402
1518092121.343492;1518092121;343492031;1.2473291915877966;0.9280160873516552;0.0;0.0;0.0;0.8530968511877974;0.5217525874334166
1518092121.507774;1518092121;507774114;1.2349048285490785;0.9557211817200599;0.0;0.0;0.0;0.8531037816380024;0.521741255561547
1518092121.811262;1518092121;811261892;1.202949342077805;1.0027019910620514;0.0;0.0;0.0;0.8532879200462401;0.5214400497690614
1518092122.004443;1518092122;4442930;1.1865136513777088;1.0342314289333832;0.0;0.0;0.0;0.8528386176327243;0.5221745802644016
1518092122.170757;1518092122;170757055;1.170070568549984;1.0613253540811323;0.0;0.0;0.0;0.8529666903842258;0.5219653485577183
1518092122.336855;1518092122;336854934;1.1555013554290434;1.0870152990839812;0.0;0.0;0.0;0.8536559794631038;0.5208372766295524
1518092122.501578;1518092122;501578092;1.1487580812264586;1.1157347748315867;0.0;0.0;0.0;0.8528147623406048;0.5222135397841937
1518092122.79148;1518092122;791480064;1.127865831716909;1.1627244715099938;0.0;0.0;0.0;0.8531928070927742;0.5215956613365875
1518092122.956704;1518092122;956703901;1.1112825470335574;1.1892386410590277;0.0;0.0;0.0;0.8529492903841557;0.5219937816039243
1518092122.997787;1518092122;997786998;1.1090967540306123;1.1966761103098174;0.0;0.0;0.0;0.8529016325127418;0.5220716476280818
1518092123.163321;1518092123;163321018;1.0932386099786626;1.2220444975952653;0.0;0.0;0.0;0.8534871823112867;0.5211138355775448
1518092123.329262;1518092123;329262018;1.0822161164606752;1.24393182143164;0.0;0.0;0.0;0.8658505811275786;0.5003026795461267
1518092123.495227;1518092123;495227098;1.0718425225217283;1.2724049666549484;0.0;0.0;0.0;0.8879993341461025;0.4598447374452365
1518092123.631769;1518092123;631768941;1.0584050413510078;1.2909916178695573;0.0;0.0;0.0;0.906454655310307;0.4223031587216375
1518092123.796896;1518092123;796895980;1.0332541289904622;1.3115108834477027;0.0;0.0;0.0;0.9287129146411316;0.37079957143822895
1518092123.990637;1518092123;990637063;1.0024894499811228;1.336978370673822;0.0;0.0;0.0;0.9380697978480491;0.34644632248779944
1518092124.156329;1518092124;156328916;0.9727380461065165;1.3565760238285405;0.0;0.0;0.0;0.9380921183333695;0.3463858795055186
1518092124.278344;1518092124;278343915;0.9603417299897072;1.373046893353354;0.0;0.0;0.0;0.9384939556165504;0.3452956635569008
1518092124.321014;1518092124;321013927;0.955882866458949;1.376102295850604;0.0;0.0;0.0;0.938496931243097;0.34528757586581327
1518092124.487005;1518092124;487004995;0.9325713232491091;1.393386159029682;0.0;0.0;0.0;0.9420589729484496;0.3354473006111574
1518092124.639291;1518092124;639291048;0.9174235047263641;1.4105926129280513;0.0;0.0;0.0;0.9518709754159528;0.30649901494243426
1518092124.653811;1518092124;653810977;0.9121581723986945;1.412805800720171;0.0;0.0;0.0;0.9530637079794033;0.30276982764560706
1518092124.803953;1518092124;803952932;0.883137581190373;1.4320621169733079;0.0;0.0;0.0;0.9560721311874215;0.2931315062676509
1518092124.983461;1518092124;983460903;0.8730231052105417;1.4478824205702006;0.0;0.0;0.0;0.9611175782296412;0.27613945900213116
1518092125.286758;1518092125;286757946;0.8179222408978191;1.4775986404584218;0.0;0.0;0.0;0.9787004217457356;0.20529365424854035
1518092125.314386;1518092125;314385890;0.8150096643427285;1.478356757351065;0.0;0.0;0.0;0.978725915576415;0.205172079433602
1518092125.451433;1518092125;451432943;0.7916547651348208;1.4887394012627144;0.0;0.0;0.0;0.9785331738915933;0.2060893679781778
1518092125.60437;1518092125;604370117;0.7680915948149776;1.4999966921258725;0.0;0.0;0.0;0.9855559601745011;0.16935007931653676
1518092125.784353;1518092125;784353017;0.7431845614147319;1.5132054768814238;0.0;0.0;0.0;0.9934314803293122;0.11442855365122576
1518092125.976713;1518092125;976712942;0.6991308387432791;1.5190808404818847;0.0;0.0;0.0;0.9983348638954944;0.057684482582100925
1518092126.142266;1518092126;142266035;0.6736178348610273;1.5181562828767925;0.0;0.0;0.0;0.9987909018960991;0.04916029179710928
1518092126.266914;1518092126;266913890;0.6490912646454361;1.5213095794510418;0.0;0.0;0.0;0.9987455631081218;0.05007294850356541
1518092126.3082;1518092126;308199882;0.6468094301334947;1.5219156116393475;0.0;0.0;0.0;0.9987579207584382;0.04982585395436078
1518092126.473308;1518092126;473308086;0.6025567143788266;1.5286666023247812;0.0;0.0;0.0;0.9995545421430716;0.02984488701862555
1518092126.596722;1518092126;596721887;0.5839117814615837;1.527902353369393;0.0;0.0;0.0;0.9999852175380336;0.005437343598811
1518092126.763043;1518092126;763042926;0.5499348191730025;1.5267173936468594;0.0;0.0;0.0;0.9999944468225634;0.003332615194593532
1518092126.970211;1518092126;970211029;0.515926280958127;1.5322915557780965;0.0;0.0;0.0;-0.9999558151589787;0.009400411147527089
1518092127.13563;1518092127;135629892;0.48959679193501787;1.5305324818942276;0.0;0.0;0.0;-0.9982386431325094;0.05932631251785774
1518092127.300135;1518092127;300134897;0.4527120198023178;1.5246375664150267;0.0;0.0;0.0;-0.9957065516229476;0.09256599297332832
1518092127.466469;1518092127;466469049;0.4285354185442921;1.51835217794688;0.0;0.0;0.0;-0.9951209392743823;0.09866263840822025
1518092127.603321;1518092127;603321075;0.4122393997175962;1.515789671206298;0.0;0.0;0.0;-0.9903048476690641;0.13891115391915668
1518092127.796033;1518092127;796032905;0.37493499132757324;1.503784574050681;0.0;0.0;0.0;-0.9866500357059182;0.16285486496113694
1518092127.962899;1518092127;962898969;0.3514930252137894;1.4964124181189555;0.0;0.0;0.0;-0.982754975203035;0.18491257045880385
1518092128.128541;1518092128;128540992;0.31812387902392714;1.4869677350545971;0.0;0.0;0.0;-0.9758714053541617;0.2183460560946623
1518092128.293448;1518092128;293447971;0.2950389194222989;1.4757583083409038;0.0;0.0;0.0;-0.9647643290071926;0.2631155439636766
1518092128.417502;1518092128;417501926;0.2808109738378224;1.4607366762255332;0.0;0.0;0.0;-0.9542565914415811;0.29898889225236325
1518092128.458528;1518092128;458528041;0.271865861285701;1.45468440292537;0.0;0.0;0.0;-0.9479201239860093;0.3185081451742619
1518092128.776152;1518092128;776151895;0.22606357093713664;1.4224344958078319;0.0;0.0;0.0;-0.9428192527117151;0.3333044504895235
1518092128.941182;1518092128;941181898;0.20279147300686268;1.4028668184200228;0.0;0.0;0.0;-0.942583038194561;0.33397187921726385
1518092128.954248;1518092128;954247951;0.20093495536928685;1.4011131603035332;0.0;0.0;0.0;-0.9425246970965048;0.33413649211533575
1518092129.10737;1518092129;107369899;0.17593933726602956;1.3858745428814478;0.0;0.0;0.0;-0.9420761075420689;0.33539917650224516
1518092129.28785;1518092129;287849903;0.152301319150912;1.3645297632653504;0.0;0.0;0.0;-0.9420503272752274;0.3354715798404343
1518092129.424307;1518092129;424307107;0.13374231393706182;1.3493444077882775;0.0;0.0;0.0;-0.9416884295045378;0.33648610927834327
1518092129.589479;1518092129;589478969;0.11034816679015398;1.3311772379884337;0.0;0.0;0.0;-0.9412285660372507;0.337770316155018
1518092129.742018;1518092129;742017984;0.08951212163050616;1.313301843672674;0.0;0.0;0.0;-0.9411920769060595;0.3378719792602787
1518092129.783611;1518092129;783611059;0.08469894265088164;1.3087949439797533;0.0;0.0;0.0;-0.9411797001903655;0.3379064544360966
1518092129.948603;1518092129;948602914;0.05847038614235971;1.2924126242322092;0.0;0.0;0.0;-0.9405836245458371;0.3395621375186222
1518092130.113375;1518092130;113374948;0.03799447051286886;1.2757046150900029;0.0;0.0;0.0;-0.9321704824110841;0.36201960129457994
1518092130.279604;1518092130;279603958;0.011842061570224188;1.2534268053218978;0.0;0.0;0.0;-0.9313608241161643;0.3640975354237644
1518092130.431686;1518092130;431685924;-0.004680781486272018;1.2361969288978647;0.0;0.0;0.0;-0.930399285554721;0.3665476359755507
1518092130.610191;1518092130;610191106;-0.029701471717222927;1.218571661176615;0.0;0.0;0.0;-0.9269968973052255;0.3750689968345628
1518092130.775712;1518092130;775712013;-0.04978613650495972;1.1973888408659774;0.0;0.0;0.0;-0.9160234625101288;0.4011246890069902
1518092130.941778;1518092130;941777944;-0.06930787901416052;1.1735101944756272;0.0;0.0;0.0;-0.9071197800494737;0.4208725515438069
1518092131.078483;1518092131;78483104;-0.087745247142335;1.1531588365888255;0.0;0.0;0.0;-0.9078319269076576;0.41933422527517306
1518092131.107391;1518092131;107391119;-0.08962195213551255;1.15039532446069;0.0;0.0;0.0;-0.9079390511244185;0.4191022303010215
1518092131.410228;1518092131;410228013;-0.1212540637340005;1.1097678488264677;0.0;0.0;0.0;-0.9077539491069068;0.419503001039105
1518092131.562124;1518092131;562124013;-0.13577865056906066;1.0922526188949513;0.0;0.0;0.0;-0.9011679785870071;0.4334700386063695
1518092131.728064;1518092131;728064060;-0.1542302682555875;1.0692394293528882;0.0;0.0;0.0;-0.892843501768032;0.45036705180396824
1518092131.892567;1518092131;892566919;-0.1706010177716557;1.045242654751119;0.0;0.0;0.0;-0.8825056202275933;0.47030185016296816
1518092131.933781;1518092131;933780908;-0.17388224297410998;1.0428718129936578;0.0;0.0;0.0;-0.8802229773043595;0.47456033359884703
1518092132.251349;1518092132;251348972;-0.20615814984004335;0.9920424798281671;0.0;0.0;0.0;-0.8541777529405741;0.5199811211778671
1518092132.429872;1518092132;429872035;-0.22360768751179305;0.9659927762122501;0.0;0.0;0.0;-0.841453515889288;0.5403295111296031
1518092132.596596;1518092132;596596002;-0.2356681380848061;0.9391953408096039;0.0;0.0;0.0;-0.8281907957140938;0.5604462560267988
1518092132.734924;1518092132;734924077;-0.24817664317700538;0.9169208045857982;0.0;0.0;0.0;-0.821020209126979;0.5708991296236943
1518092132.886031;1518092132;886030912;-0.25687193569317535;0.8883887806268222;0.0;0.0;0.0;-0.8224418439861387;0.5688492008086851
1518092132.927532;1518092132;927531957;-0.259773273710134;0.8829824857224831;0.0;0.0;0.0;-0.8220980468034601;0.5693459417980741
1518092133.092648;1518092133;92648029;-0.2730862906237544;0.8556709744481651;0.0;0.0;0.0;-0.8218468499520404;0.5697084826680294
1518092133.258666;1518092133;258666038;-0.28190857364216315;0.8297708406648808;0.0;0.0;0.0;-0.8211112801961609;0.5707681364044613
1518092133.423656;1518092133;423655986;-0.2883051063291555;0.7995931443775106;0.0;0.0;0.0;-0.8224184595588088;0.568883008514858
1518092133.574686;1518092133;574686050;-0.2961461418346901;0.7771666442065941;0.0;0.0;0.0;-0.8182574663361718;0.574851910308306
1518092133.589379;1518092133;589379072;-0.2971769681878491;0.7748551596824251;0.0;0.0;0.0;-0.8176157626288492;0.5757642440277492
1518092133.741137;1518092133;741137027;-0.3070588965586126;0.7497382690451024;0.0;0.0;0.0;-0.8085341347109863;0.5884492781940994
1518092133.920753;1518092133;920753002;-0.31450003862221454;0.7209678915110067;0.0;0.0;0.0;-0.794538175739456;0.6072142021499641
1518092134.085981;1518092134;85980892;-0.3202408309174086;0.69276865875302;0.0;0.0;0.0;-0.7766715577397701;0.6299057797782768
1518092134.251275;1518092134;251275062;-0.3275571788089733;0.6634177292492398;0.0;0.0;0.0;-0.7623380163069577;0.6471790701909114
1518092134.389286;1518092134;389286041;-0.33333332436871754;0.6420816257002162;0.0;0.0;0.0;-0.7466454544862586;0.6652221924252139
1518092134.417691;1518092134;417690992;-0.3335784747131082;0.6372531428242482;0.0;0.0;0.0;-0.7422682802174677;0.6701028280667101
1518092134.554085;1518092134;554085016;-0.33354136463803735;0.6100091399186527;0.0;0.0;0.0;-0.7218105752457833;0.6920906685278682
1518092134.705749;1518092134;705749034;-0.3368445986881537;0.5832826392322453;0.0;0.0;0.0;-0.7218426925119279;0.6920571705192645
1518092134.87193;1518092134;871929883;-0.3384214064459933;0.5531434101593322;0.0;0.0;0.0;-0.7220827363074419;0.6918067085008336
1518092134.913415;1518092134;913414955;-0.3378607295808783;0.5459738543489743;0.0;0.0;0.0;-0.7228516423204551;0.6910032584544163
1518092135.079325;1518092135;79324960;-0.3382628043832394;0.5170902697815305;0.0;0.0;0.0;-0.721859768395455;0.6920393592651073
1518092135.244375;1518092135;244374990;-0.3374494092724991;0.48903685877338976;0.0;0.0;0.0;-0.7156469571197668;0.6984621913641558
1518092135.410082;1518092135;410082101;-0.3381649334733192;0.4618404650415077;0.0;0.0;0.0;-0.6930023977692475;0.7209352791243286
1518092135.726185;1518092135;726185083;-0.338964763253205;0.40364041581594967;0.0;0.0;0.0;-0.6731639298839734;0.7394932883422032
1518092135.905633;1518092135;905632972;-0.33543411050044897;0.37117680257833163;0.0;0.0;0.0;-0.6707511874271695;0.7416824418610987
1518092136.071817;1518092136;71816921;-0.33245847885221746;0.3405726574861767;0.0;0.0;0.0;-0.6510600294118553;0.7590262433554152
1518092136.209703;1518092136;209702968;-0.3305136634522095;0.3181509219053333;0.0;0.0;0.0;-0.6318133091619769;0.7751205985946911
1518092136.36131;1518092136;361310005;-0.3251545438914866;0.29317292286637786;0.0;0.0;0.0;-0.6004314061046401;0.799676263598717
1518092136.526232;1518092136;526232004;-0.31701316390475365;0.26844739821284347;0.0;0.0;0.0;-0.5614503643000999;0.8275104159025946
1518092136.692305;1518092136;692305088;-0.29973363937924247;0.2143771550121642;0.0;0.0;0.0;-0.49477409552853935;0.8690216305673385
1518092136.898404;1518092136;898403882;-0.27449542604059896;0.17663284727224482;0.0;0.0;0.0;-0.4798720658068208;0.8773384754234219
1518092137.063637;1518092137;63637018;-0.26414869380352013;0.15537616677399038;0.0;0.0;0.0;-0.46147951483193983;0.8871508650677614
1518092137.229832;1518092137;229831933;-0.25231698036179095;0.13550383327227744;0.0;0.0;0.0;-0.40955369153909477;0.9122860153190445
1518092137.368207;1518092137;368206977;-0.2367061904118179;0.11799101201343587;0.0;0.0;0.0;-0.3623828938932819;0.9320293118853775
1518092137.396981;1518092137;396981000;-0.23166704993194212;0.11398761673587554;0.0;0.0;0.0;-0.35301849450358497;0.9356163436678638
1518092137.533258;1518092137;533257961;-0.2109723613879182;0.09477396657901829;0.0;0.0;0.0;-0.3436704084881762;0.9390903312938378
1518092137.697671;1518092137;697670936;-0.185652362593222;0.07785969822382255;0.0;0.0;0.0;-0.31018340247402576;0.9506767362408931
1518092137.892251;1518092137;892251014;-0.15395751624805984;0.05359587628045586;0.0;0.0;0.0;-0.24896038214179447;0.9685136695596049
1518092138.057446;1518092138;57446002;-0.12881384134654877;0.04063650120875445;0.0;0.0;0.0;-0.19668032287598097;0.9804676693259191
1518092138.222587;1518092138;222587108;-0.09888664033078252;0.028149092530881627;0.0;0.0;0.0;-0.18103024596803743;0.9834775289983761
1518092138.347413;1518092138;347413063;-0.07692660699162156;0.02098704072561153;0.0;0.0;0.0;-0.14429472779504943;0.9895347550897606
1518092138.554424;1518092138;554424047;-0.032139869390150205;0.014341726964958904;0.0;0.0;0.0;-0.08554677767111923;0.9963341552060173
1518092138.706187;1518092138;706187009;-0.01570884356550406;0.011641949607259713;0.0;0.0;0.0;-0.08932561636299055;0.9960024770357611
1518092138.884805;1518092138;884804964;-0.022726290804552046;0.012089421371623547;0.0;0.0;0.0;-0.08855151884144352;0.9960715980846324
1518092139.201954;1518092139;201953887;-0.022700349049490642;0.008910259784447875;0.0;0.0;0.0;-0.02949877421918421;0.9995648164674293
1518092139.216648;1518092139;216648101;-0.022865729079444563;0.008963993927677008;0.0;0.0;0.0;-0.029707737215915048;0.9995586277700323
1518092139.352415;1518092139;352415084;-0.020020499403053088;0.009429095040929765;0.0;0.0;0.0;-0.0295176154829811;0.9995642602535361
1518092139.380805;1518092139;380805015;-0.021239512524927562;0.009838599759233298;0.0;0.0;0.0;-0.02970170029031627;0.9995588071743774
1518092139.518808;1518092139;518807888;-0.014062783270171936;0.008422766694720522;0.0;0.0;0.0;-0.029489642269478065;0.9995650859242825
1518092139.713397;1518092139;713397026;-0.007222510570604357;0.007990343340958536;0.0;0.0;0.0;-0.028741258779207145;0.9995868846897635
1518092139.877946;1518092139;877945899;-0.0148389393293612;0.00784301831700851;0.0;0.0;0.0;-0.018384426114741847;0.9998309921563902
1518092140.043525;1518092140;43524980;-0.005848549688193427;0.0074313337167475416;0.0;0.0;0.0;-0.0002873223139756914;0.9999999587229431
1518092140.168001;1518092140;168000936;-0.013500251882477804;0.007834231002025273;0.0;0.0;0.0;-0.0019439665448884754;0.9999981104952511
1518092140.359895;1518092140;359894990;-0.015475548145801002;0.008131214496395235;0.0;0.0;0.0;-0.0017838113065738904;0.9999984090073456
1518092140.525786;1518092140;525785923;-0.00673553367589938;0.014721202299020433;0.0;0.0;0.0;0.00020969933561275743;0.999999978013094
1518092140.705237;1518092140;705236911;-0.007693713063843727;0.014725783643257169;0.0;0.0;0.0;0.0009582577817756468;0.9999995408709065
1518092140.871398;1518092140;871397972;-0.007609912844171729;0.014914749513321605;0.0;0.0;0.0;0.000926241413061148;0.9999995710383304
1518092141.008769;1518092141;8769035;0.00535216993589735;0.013382816277506926;0.0;0.0;0.0;0.0015858461228496802;0.9999987425452467
1518092141.036675;1518092141;36674976;0.007961785097025137;0.012372946580739678;0.0;0.0;0.0;0.0019632316176403353;0.9999980728589508
1518092141.201383;1518092141;201383113;0.009015301535412357;0.011878992066297844;0.0;0.0;0.0;0.001928623923919164;0.9999981402031506
1518092141.339637;1518092141;339637041;0.009172667854446481;0.01181007017258975;0.0;0.0;0.0;0.0017079177359268995;0.99999854150744
1518092141.491819;1518092141;491818904;0.004243825616023683;0.01243518772777746;0.0;0.0;0.0;0.012269806686837297;0.9999247230886271
1518092141.532533;1518092141;532532930;0.003101741257644619;0.012968565900784053;0.0;0.0;0.0;0.014411712207922749;0.9998961458827792
1518092141.697759;1518092141;697758913;0.009124779133561911;0.01223251544682;0.0;0.0;0.0;0.013852624618495705;0.9999040477921765
1518092141.863841;1518092141;863841056;0.008371650180421908;0.011874134037331709;0.0;0.0;0.0;0.013814032094754994;0.9999045817063171
1518092142.030205;1518092142;30205011;0.007535838807179035;0.011610089629649632;0.0;0.0;0.0;0.013876476816716008;0.9999037170603753
1518092142.181413;1518092142;181412935;0.00745460331573794;0.011943381811549126;0.0;0.0;0.0;0.013911528013038096;0.9999032300119559
1518092142.346148;1518092142;346148014;0.007380006780943041;0.013164661224480113;0.0;0.0;0.0;0.014082808511993434;0.9999008323350944
1518092142.360028;1518092142;360028028;0.007250363636474758;0.013212210982443726;0.0;0.0;0.0;0.013945559888479231;0.9999027559514959
1518092142.663466;1518092142;663465976;0.006614114275342628;0.012936060964583693;0.0;0.0;0.0;0.014111353477627198;0.9999004298944117
1518092142.69194;1518092142;691940069;0.006155676451603254;0.013328467704323454;0.0;0.0;0.0;0.01401411542332316;0.9999017974625817
1518092142.828396;1518092142;828396081;0.006406698491638441;0.01227743751314303;0.0;0.0;0.0;0.014166809869342068;0.9998996457135716
1518092142.856416;1518092142;856415987;0.007015005316788156;0.012323395051007841;0.0;0.0;0.0;0.014229159527915793;0.9998987603848347
1518092143.022502;1518092143;22501945;0.006376554882868868;0.012734658090764791;0.0;0.0;0.0;0.013938444836067633;0.999902855159216
1518092143.188856;1518092143;188855886;0.008264711951671472;0.011777647792948334;0.0;0.0;0.0;0.01409923553936534;0.9999006008385061
1518092143.353438;1518092143;353437900;0.007873243167204128;0.008637813342127397;0.0;0.0;0.0;0.013894869973572256;0.9999034616343807
1518092143.477533;1518092143;477533102;0.009795591264495876;0.008894830495079588;0.0;0.0;0.0;0.019171379868107078;0.9998162122080001
1518092143.6433;1518092143;643300056;0.007536624431517272;0.009248053161379721;0.0;0.0;0.0;0.01717436620661789;0.9998525096960056
1518092143.849844;1518092143;849843978;0.007956433160432416;0.009513648912520822;0.0;0.0;0.0;0.017213798346243748;0.9998518315963095
1518092144.166328;1518092144;166327953;0.02062609870156404;0.007670430157285857;0.0;0.0;0.0;0.018845600805398682;0.9998224058953088
1518092144.181093;1518092144;181092977;0.020810733723263336;0.00779735637833219;0.0;0.0;0.0;0.018753243239087107;0.9998241424710725
1518092144.318632;1518092144;318631887;0.017658617440812124;0.008534598313403391;0.0;0.0;0.0;0.018394867909662403;0.9998308001029904
1518092144.347904;1518092144;347903966;0.019537181812857587;0.008439621856749409;0.0;0.0;0.0;0.0184692251666167;0.9998294293136929
1518092144.484551;1518092144;484550952;0.02112400218756061;0.00721329713642848;0.0;0.0;0.0;0.018840293692150224;0.9998225059147217
1518092144.649101;1518092144;649101018;0.017298374336899597;0.005649771802701105;0.0;0.0;0.0;0.019436016027512458;0.999811102799413
1518092144.676539;1518092144;676538944;0.016205822805259285;0.006190717787314261;0.0;0.0;0.0;0.019395319898902842;0.999811893090905
1518092144.966088;1518092144;966088056;0.014607000809737453;0.006261668914629544;0.0;0.0;0.0;0.019801969929045145;0.9998039217701284
1518092145.173476;1518092145;173475980;0.012381616152883246;0.004629266547233488;0.0;0.0;0.0;0.0221199511796048;0.9997553239467204
1518092145.338703;1518092145;338702917;0.012904727414638967;0.005012739813134506;0.0;0.0;0.0;0.022228411897093528;0.9997529183275902
1518092145.491525;1518092145;491524934;0.0120995002778565;0.006173968157914031;0.0;0.0;0.0;0.021677274570939566;0.9997650202758527
1518092145.656572;1518092145;656572103;0.010356430061488814;0.005840567748893584;0.0;0.0;0.0;0.022061542894517096;0.9997566145443166
1518092145.835659;1518092145;835659027;0.010079942069927642;0.0053850457211850125;0.0;0.0;0.0;0.022042691505079235;0.9997570303584826
1518092146.138495;1518092146;138494968;0.010418333534859187;0.005323337197844752;0.0;0.0;0.0;0.022154219235218053;0.9997545651659101
1518092146.166133;1518092146;166132926;0.010801232136321517;0.005138238629350263;0.0;0.0;0.0;0.022271756280814504;0.9997519536725937
1518092146.456703;1518092146;456702947;0.007986788995814065;0.005605481044771897;0.0;0.0;0.0;0.020716752566091977;0.9997853850517696
1518092146.623008;1518092146;623008012;0.0087134371963829;0.005639345466884951;0.0;0.0;0.0;0.021116498767766684;0.9997770218802745
1518092146.664783;1518092146;664783000;0.011911911708111955;0.005151870191908776;0.0;0.0;0.0;0.02148466530601021;0.9997691779389324
1518092146.829175;1518092146;829174995;0.004469339557480315;0.007056204317938991;0.0;0.0;0.0;0.020462484519854256;0.9997906214439475
1518092146.993468;1518092146;993468046;0.00969740202209142;0.005806090833344185;0.0;0.0;0.0;0.021135866755922997;0.9997766126172766
1518092147.160105;1518092147;160104990;0.00552274404969702;0.007254383156485175;0.0;0.0;0.0;0.020511524800484772;0.9997896165445804
1518092147.311032;1518092147;311032056;0.008264673146625948;0.0059047929369550264;0.0;0.0;0.0;0.021192077131897656;0.9997754227159396
1518092147.476141;1518092147;476140975;0.01088554377430316;0.005006729162849409;0.0;0.0;0.0;0.021486300572336414;0.9997691427963333
1518092147.656285;1518092147;656285047;0.01218521560254357;0.004987031499996915;0.0;0.0;0.0;0.021662604310049217;0.9997653382541857
1518092147.82229;1518092147;822289943;0.006480915495199094;0.007037653938798481;0.0;0.0;0.0;0.020692570485025073;0.9997858858409245
1518092147.959513;1518092147;959512948;0.01303219190585525;0.004407658426159297;0.0;0.0;0.0;0.021844749980958977;0.9997613749781842
1518092147.987914;1518092147;987914085;0.010186534945452144;0.005517823849295486;0.0;0.0;0.0;0.021356270829552784;0.9997719288399004
1518092148.152859;1518092148;152858972;0.01310225891697063;0.004783205431859644;0.0;0.0;0.0;0.021727389453689006;0.9997639324098103
1518092148.277317;1518092148;277317047;0.00505867066941991;0.0073237659317810025;0.0;0.0;0.0;0.02044359033855301;0.9997910079682001
1518092148.319077;1518092148;319077014;0.008078402944204782;0.00638747304074342;0.0;0.0;0.0;0.02094705640143737;0.999780586342881
