time;sec;nsec;beacon_id;pdf_type;mean_x;mean_y;cov_00;cov_01;cov_10;cov_11
1518089641.4887192;1518089641;488719129;1;2;0.5483909809150412;0.1270947637936429;0.9654339335987889;7.956598343146955e-17;7.956598343146955e-17;0.965433933598789
1518089641.4887192;1518089641;488719129;2;2;0.5483909809150412;0.1270947637936427;1.3331293678119367;-1.850371707708594e-17;-1.850371707708594e-17;1.3331293678119367
1518089641.4887192;1518089641;488719129;3;2;0.5483909809150411;0.12709476379364285;6.370374725246142;1.6361181415528622e-16;1.6361181415528622e-16;6.370374725246144
1518089641.4887192;1518089641;488719129;4;2;0.5483909809150409;0.12709476379364287;12.00399642717033;-5.2949098097507465e-16;-5.2949098097507465e-16;12.003996427170335
1518089641.997672;1518089641;997671988;1;2;-0.7846373716339287;0.30295346695998004;0.01717766661229799;0.02672427511679369;0.02672427511679369;0.2442662855319835
1518089641.997672;1518089641;997671988;3;2;3.858397875151782;-0.236084303681394;0.07526829641713807;0.13182417210384104;0.13182417210384104;1.1954397155652192
1518089641.997672;1518089641;997671988;4;2;5.03913587518532;-0.37316324997850275;0.21801488003837693;0.3200386169336686;0.3200386169336686;2.937532143005716
1518089642.502207;1518089642;502207072;1;2;0.7000153016434398;1.497315413972472;0.03147917571404684;0.003567020080705217;0.003567020080705217;0.1773361506878907
1518089642.502207;1518089642;502207072;2;2;1.8255452281730395;0.3229747867338886;0.04889916507005371;-0.013817725539984262;-0.013817725539984263;0.9126890746892937
1518089642.502207;1518089642;502207072;3;2;3.943955349727514;0.029374034597116218;0.019218994792803597;0.015091225292192863;0.015091225292192863;0.659806328257885
1518089642.502207;1518089642;502207072;4;2;5.1565214062067275;-0.18601335461827614;0.08572298497426306;0.104975861395895;0.104975861395895;2.0824571751987766
1518089642.987932;1518089642;987932064;1;2;1.5047380144594604;0.5633916003070207;0.021563836235286498;0.06671869827158818;0.06671869827158818;1.0044029492333313
1518089642.987932;1518089642;987932064;3;2;3.9771594067021208;-0.16665478844623682;0.0057218255902500015;0.02342051611442893;0.023420516114428934;0.2868721619739119
1518089642.987932;1518089642;987932064;4;2;5.283862580915897;-0.3385665849191571;0.018315393077576632;0.06959074671549036;0.06959074671549036;0.7359831790196375
1518089643.4911804;1518089643;491180484;1;2;1.7723670843789927;0.9237423381471735;0.008558180519546165;-0.011592784827161388;-0.011592784827161388;0.01675177995841286
1518089643.4911804;1518089643;491180484;3;2;3.894122126187566;1.0296782125993178;0.010245280874508813;-0.033091748824268845;-0.033091748824268845;0.13726650027219314
1518089643.4911804;1518089643;491180484;4;2;4.496605748594663;-2.6264266582357867;0.07224190188653914;0.09849341656032634;0.09849341656032634;0.13799716995824804
1518089643.9938319;1518089643;993831790;1;1;1.7446568638526494;0.9669366902553305;0.005823143151520491;-0.006890220447826518;-0.006890220447826518;0.00861388870499989
1518089643.9938319;1518089643;993831790;2;2;1.6472169799403324;-1.2320924724221773;0.01713392913355112;0.0030985277173806907;0.0030985277173806902;0.006036767167527981
1518089643.9938319;1518089643;993831790;4;2;4.4069518617642816;-2.7644351569342147;0.044994649553996936;0.055403783057422176;0.055403783057422176;0.06965019286647628
1518089644.4976685;1518089644;497668409;1;1;1.9178367895090496;-0.45243973461128795;0.0013153161557122963;0.0019436345938416448;0.001943634593841643;0.0030974755522504807
1518089644.4976685;1518089644;497668409;4;2;4.983556003523888;-1.8109890299711742;0.011980812065340463;0.024198046938714704;0.02419804693871471;0.052917841995339096
1518089644.9860508;1518089644;986050896;1;1;2.0520481814993428;-0.2059648951717447;0.0010175933080441197;0.0013968763046361733;0.0013968763046361722;0.0020933718055737103
1518089644.9860508;1518089644;986050896;3;2;4.011330488124409;0.23825530465452785;0.000465599848314764;-0.0015434834497569034;-0.001543483449756903;0.1460893333252687
1518089644.9860508;1518089644;986050896;4;2;4.528710226061852;2.9369212045370507;0.04745898994327855;-0.06480925348539712;-0.06480925348539712;0.09008941023439791
1518089645.4889748;1518089645;488974836;1;1;2.037773055338467;-0.14128727100252964;0.0010169423507485592;0.0013998256565955183;0.0013998256565955173;0.0020800089059804247
1518089645.4889748;1518089645;488974836;4;2;4.441386251942745;3.0513106061843893;0.03771784001917567;-0.0483225668210413;-0.0483225668210413;0.06292068598543196
1518089645.9922318;1518089645;992231915;1;1;2.054341236792306;-0.08172456317247281;0.0010131082623125592;0.0013860420865673692;0.001386042086567368;0.0020304568922769797
1518089645.9922318;1518089645;992231915;2;1;0.8809045566876412;1.685969720459747;0.0028365259174674877;5.979332652661959e-06;5.979332652661877e-06;8.848887388137923e-05
1518089645.9922318;1518089645;992231915;3;2;4.017479041681812;-0.03647632597968514;0.00035975685557218946;0.0020744106089011782;0.002074410608901179;0.01351046597247994
1518089645.9922318;1518089645;992231915;4;1;3.8026464349417393;3.6875975968875694;0.008186317266681701;-0.007080973147803391;-0.007080973147803391;0.006262385012001176
1518089646.4964314;1518089646;496431260;1;1;2.0946766817602844;0.04818378512811139;0.001008778135659831;0.0013720960497296735;0.0013720960497296724;0.001985540898109506
1518089646.4964314;1518089646;496431260;4;1;3.8115709663274933;3.6848247421102798;0.008115217032115651;-0.007058882282013218;-0.007058882282013219;0.00625552137288187
1518089646.9851542;1518089646;985154051;1;1;2.0491518445120502;0.06600530119771078;0.0010040946773673869;0.0013715692887386643;0.0013715692887386634;0.001982129150367999
1518089646.9851542;1518089646;985154051;4;1;3.93294360198151;3.6140123657236782;0.007924642924672999;-0.006947354146146345;-0.0069473541461463435;0.006190454034771024
1518089647.4878912;1518089647;487891265;1;1;2.097759704720805;0.19132770093081775;0.0009972275049505487;0.0013538641167158039;0.001353864116715803;0.001936481087769418
1518089647.4878912;1518089647;487891265;4;1;3.897214152702867;3.6418576602325556;0.006910214354519151;-0.0061567720670926435;-0.006156772067092641;0.00557432388809536
1518089647.991442;1518089647;991442077;1;1;2.0705182655758754;0.18886732471448342;0.000992687035911432;0.0013534540333139905;0.0013534540333139896;0.0019364440500988615
1518089647.991442;1518089647;991442077;4;1;4.074230747277166;3.5043082763825346;0.006289585575721941;-0.005674517246133945;-0.005674517246133944;0.005199591487208909
1518089648.4950135;1518089648;495013433;1;1;2.2495057066732658;0.507926621881686;0.0009482219276673541;0.0012741914543428791;0.0012741914543428782;0.0017951522221184713
1518089648.4950135;1518089648;495013433;4;1;4.052832983066555;3.5225337575916496;0.004510412924133081;-0.004159112299610443;-0.004159112299610441;0.00390884988891765
1518089649.0009453;1518089649;945280;1;1;2.02341577304954;0.2356179704174361;0.0008013081816521832;0.0010972446818008825;0.0010972446818008816;0.0015820328839879477
1518089649.0009453;1518089649;945280;4;1;4.118300251207192;3.4667287499522765;0.003621108227900862;-0.0034010593553458466;-0.0034010593553458453;0.003262677358014734
1518089649.4849975;1518089649;484997556;1;1;2.233390777228275;0.5659703499356021;0.0006462339892079015;0.0008532674109052516;0.0008532674109052508;0.0011981849478778343
1518089649.4849975;1518089649;484997556;4;1;4.063745396183234;3.5145084539643743;0.002792951500235961;-0.002675751162223902;-0.0026757511622239015;0.0026274449709119325
1518089649.9912663;1518089649;991266354;1;1;2.142250251932515;0.4887136571485642;0.0006306849663329469;0.0008400870382939376;0.0008400870382939368;0.0011870123987363127
1518089649.9912663;1518089649;991266354;4;1;4.298624635574521;3.3107654842211605;0.0023872262855223637;-0.0023238100525724815;-0.002323810052572481;0.0023221581901775677
1518089650.4942615;1518089650;494261546;1;1;2.2551381500843735;0.683882460723527;0.0006002394419186901;0.0007874506027554752;0.0007874506027554745;0.0010960107031012945
1518089650.4942615;1518089650;494261546;2;1;0.7909136600813876;1.71068406735694;0.0003246346784779346;8.201140596350194e-05;8.201140596350194e-05;5.495259283868766e-05
1518089650.4942615;1518089650;494261546;3;1;4.019408058156668;0.01966558744559887;0.0001529000873318564;0.0006303922387427901;0.0006303922387427899;0.0030385610037209246
1518089650.4942615;1518089650;494261546;4;1;4.250072099250945;3.3554936122522023;0.0016760200027851368;-0.00166862439020566;-0.001668624390205659;0.0017185804904433614
1518089651.0010047;1518089651;1004655;1;1;2.2166918527570854;0.6634249665204071;0.0005952658230863833;0.0007848041117926582;0.0007848041117926575;0.0010946024901576775
1518089651.0010047;1518089651;1004655;4;1;4.30669879793905;3.3040740204376235;0.001386701039357198;-0.0014059097459064923;-0.0014059097459064918;0.0014800237656733008
1518089651.484728;1518089651;484728084;1;1;2.22022087695196;0.6734271462734244;0.0005938322263689981;0.0007807409228574705;0.0007807409228574697;0.0010830863474915985
1518089651.484728;1518089651;484728084;4;1;4.430230818426557;3.1899569080845906;0.0011511746165178169;-0.001188333807690636;-0.0011883338076906355;0.0012790302282187217
1518089651.9877293;1518089651;987729266;1;1;2.272288218974056;0.7588265617878941;0.0005611276632696476;0.0007270998022457181;0.0007270998022457173;0.0009951056638254185
1518089651.9877293;1518089651;987729266;4;1;4.323484258963886;3.2919412275783313;0.0009085015401384818;-0.0009564870045845018;-0.0009564870045845016;0.001057526710347994
1518089652.491545;1518089652;491544935;1;1;2.302975508757516;0.8121008620257096;0.0005465761943418446;0.0007015545654314631;0.0007015545654314626;0.0009503757798321013
1518089652.491545;1518089652;491544935;4;1;4.341183640588735;3.2755437903201763;0.0008152347746315223;-0.0008712727100847296;-0.0008712727100847293;0.0009797289374209352
1518089652.9943466;1518089652;994346564;1;1;2.3493705665166824;0.8938521415786378;0.0005360864430586324;0.0006830214820812515;0.0006830214820812507;0.0009174790453454052
1518089652.9943466;1518089652;994346564;4;1;4.341923692707088;3.2749670243055418;0.0007288765049045692;-0.0007904189829907322;-0.000790418982990732;0.0009039902671731874
1518089653.4989858;1518089653;498985659;1;1;2.3941750204084604;0.9706426263015666;0.0005212224793554287;0.0006583038808949998;0.0006583038808949995;0.0008762072835730347
1518089653.4989858;1518089653;498985659;4;1;4.406130172340547;3.2142340509121956;0.000656117579564189;-0.0007217310906320661;-0.0007217310906320657;0.0008391826457890396
1518089654.0016572;1518089654;1657160;1;1;2.4233511910556302;1.029196773794229;0.0005180546205578328;0.0006516644265139032;0.0006516644265139029;0.0008624476999851078
1518089654.0016572;1518089654;1657160;4;1;4.434228495132744;3.1879337048227674;0.0006034579862904758;-0.0006722730563196147;-0.0006722730563196144;0.0007927249352593628
1518089654.4856586;1518089654;485658745;1;1;2.4263977029474457;1.039985784193511;0.0005177090525417212;0.00065072969321747;0.0006507296932174695;0.0008589094031211345
1518089654.4856586;1518089654;485658745;4;1;4.44063152086269;3.1817428550273257;0.0005523678083201695;-0.0006232271942789027;-0.0006232271942789024;0.0007456431638309083
1518089654.9954545;1518089654;995454516;1;1;2.4309826645690733;1.048717187541644;0.0005135514574191708;0.0006428121482151344;0.0006428121482151339;0.0008438315715824168
1518089654.9954545;1518089654;995454516;4;1;4.442181081095566;3.180263290066098;0.0005134159370750648;-0.0005860348201809103;-0.00058603482018091;0.000710130808536325
1518089655.4991372;1518089655;499137190;1;1;2.4367814575211866;1.0572260059191396;0.00047349045793333586;0.0005840289201432124;0.0005840289201432118;0.0007575764120281122
1518089655.4991372;1518089655;499137190;4;1;4.410355191402809;3.210490514242561;0.00048270523374099606;-0.0005568667647625885;-0.0005568667647625882;0.0006824279113531632
1518089656.0018551;1518089656;1855073;1;1;2.448726510322949;1.0737355102900341;0.0003926672738405059;0.00047198131302746615;0.0004719813130274658;0.0006023216701131387
1518089656.0018551;1518089656;1855073;4;1;4.386256768300778;3.231870993376121;0.00046487010356872796;-0.0005408617143946978;-0.0005408617143946975;0.0006680608715685557
1518089656.5045645;1518089656;504564491;1;1;2.4429495312680074;1.065450705893669;0.0003627620807703288;0.0004290940751362329;0.0004290940751362325;0.0005408167947016005
1518089656.5045645;1518089656;504564491;4;1;4.379235815286652;3.237212531625382;0.000457204102191184;-0.0005350294236081549;-0.0005350294236081546;0.0006636236670673362
1518089656.9874508;1518089656;987450804;1;1;2.4715051191739636;1.1046573616635385;0.0002886603513728976;0.00032993333657956703;0.0003299333365795669;0.0004083083412189885
1518089656.9874508;1518089656;987450804;4;1;4.376222741716633;3.238108271839315;0.0004508583555837494;-0.0005302178753857276;-0.0005302178753857273;0.0006598630337590198
1518089657.4910583;1518089657;491058253;1;1;2.473942405051218;1.108122301018115;0.0002775675048545318;0.0003131859428830767;0.0003131859428830764;0.0003831734926567815
1518089657.4910583;1518089657;491058253;4;1;4.374784093898935;3.23967986608987;0.00044922707231088933;-0.0005295591217240744;-0.0005295591217240742;0.0006593414590239088
1518089657.9864206;1518089657;986420629;1;1;2.4711850040730305;1.1033253451300673;0.0002746029830662852;0.0003080286660271282;0.000308028666027128;0.0003742015550328612
1518089657.9864206;1518089657;986420629;2;1;1.4547661632107336;1.8642750812245992;4.347716547274678e-05;2.583656887670129e-05;2.583656887670129e-05;4.316475260845178e-05
1518089657.9864206;1518089657;986420629;3;1;4.118239958465274;0.5388411620784544;5.995199935247039e-05;0.00013528252068567114;0.0001352825206856711;0.000394445590547102
1518089657.9864206;1518089657;986420629;4;1;4.374216176724767;3.2389040920048924;0.0004490408455127949;-0.0005298135072761604;-0.0005298135072761603;0.0006589939687068741
1518089658.489261;1518089658;489260817;1;1;2.482100407003009;1.1116208267962366;0.00026956399117648394;0.0003041991358571498;0.0003041991358571496;0.00037129119088791056
1518089658.489261;1518089658;489260817;2;1;1.468773382341497;1.8599298683078844;4.26383121976468e-05;2.6096791555604593e-05;2.6096791555604593e-05;4.3084028309428765e-05
1518089658.489261;1518089658;489260817;3;1;4.114406677606819;0.5569916638922244;5.989648643671873e-05;0.00013554537313902471;0.00013554537313902466;0.0003932009898753758
1518089658.489261;1518089658;489260817;4;1;4.374279896778686;3.2422094399232226;0.000449040434465998;-0.0005298348294909252;-0.0005298348294909251;0.0006578879222763854
1518089658.9926224;1518089658;992622474;1;1;2.496759380395507;1.1256475722017036;0.0002541635998737621;0.0002894629492113376;0.00028946294921133734;0.00035719056236544996
1518089658.9926224;1518089658;992622474;4;1;4.376308404963816;3.232261658945372;0.00044896096361937514;-0.0005294451053665052;-0.0005294451053665052;0.0006559767196202003
1518089659.4958947;1518089659;495894781;1;1;2.5402480169104087;1.1723834700315705;0.00021186216710309037;0.00024400290266907217;0.00024400290266907198;0.0003083360509159523
1518089659.4958947;1518089659;495894781;4;1;4.378814601918087;3.222102555003176;0.000448835598248954;-0.0005289369251029031;-0.0005289369251029031;0.0006539167633543894
1518089659.9996073;1518089659;999607246;1;1;2.453756697829185;1.0724924278208747;0.00013571408617480736;0.00015605753142172919;0.00015605753142172908;0.0002067656865739107
1518089659.9996073;1518089659;999607246;3;1;4.09604583156816;0.5567507166218361;5.860588701665596e-05;0.00013500813481388848;0.00013500813481388848;0.0003919454000334787
1518089659.9996073;1518089659;999607246;4;1;4.391340974353287;3.196155912315825;0.0004475591432079701;-0.0005262929255710188;-0.0005262929255710188;0.000648440085132166
1518089660.502697;1518089660;502696882;1;1;2.4750621092519776;1.096549670796678;0.00010696470148613055;0.0001235948429931724;0.00012359484299317232;0.00017011007980453829
1518089660.502697;1518089660;502696882;4;1;4.386478638095278;3.2070536321737104;0.0004467290013696657;-0.0005244323686872267;-0.0005244323686872266;0.0006442701086798321
1518089660.9864533;1518089660;986453357;1;1;2.4633930295597715;1.0827974989756668;8.043990117762044e-05;9.233499894529313e-05;9.233499894529308e-05;0.0001332699212158903
1518089660.9864533;1518089660;986453357;2;1;1.496273343495586;1.8142689738114341;4.1416718075601094e-05;2.7206691697444198e-05;2.72066916974442e-05;4.077266959129121e-05
1518089660.9864533;1518089660;986453357;4;1;4.385470549927969;3.2089916760633095;0.0004451151274635301;-0.0005213297050871592;-0.0005213297050871591;0.0006383052551813112
1518089661.4871278;1518089661;487127887;1;1;2.4316801064970552;1.0451032477834465;6.358566593663306e-05;7.230191099656791e-05;7.230191099656787e-05;0.0001094584217901917
1518089661.4871278;1518089661;487127887;4;1;4.400256007904168;3.1814969789995615;0.0004433115807268015;-0.0005179758711209413;-0.0005179758711209413;0.0006320685427946063
1518089661.9916222;1518089661;991622098;1;1;2.473053348978064;1.094311528084451;4.873932608712912e-05;5.3702652531595085e-05;5.370265253159505e-05;8.621527615616539e-05
1518089661.9916222;1518089661;991622098;4;1;4.411467804815313;3.165010873751092;0.0004385907386792682;-0.0005103342428957663;-0.0005103342428957662;0.0006198075278995878
1518089662.49441;1518089662;494409924;1;1;2.474799122936216;1.0972719491143434;3.869122879472287e-05;4.050991927629265e-05;4.05099192762926e-05;6.89350689191496e-05
1518089662.49441;1518089662;494409924;4;1;4.409436795781176;3.1688446126642575;0.0004333254066649132;-0.0005020615857645633;-0.000502061585764563;0.0006068807558007113
1518089662.99736;1518089662;997360073;1;1;2.4464573872763387;1.0606917515227898;3.385913608430524e-05;3.487298350698007e-05;3.487298350698005e-05;6.238783750024531e-05
1518089662.99736;1518089662;997360073;4;1;4.410392333848577;3.16671176914757;0.0004344753214906211;-0.00050308416854991;-0.0005030841685499099;0.0006070290789204566
1518089663.500349;1518089663;500348983;1;1;2.4247966087263473;1.0333005689155539;2.9503591503284455e-05;2.9365170539992082e-05;2.936517053999207e-05;5.542292114707339e-05
1518089663.500349;1518089663;500348983;4;1;4.415781829577336;3.15675801022725;0.00043305518550100806;-0.0005004613459360524;-0.0005004613459360523;0.0006021850368610497
1518089664.0032535;1518089664;3253399;1;1;2.425114098756344;1.0336895412118974;2.6378016886708564e-05;2.5535878842189532e-05;2.5535878842189522e-05;5.0731471827932335e-05
1518089664.0032535;1518089664;3253399;4;1;4.418906114286802;3.1484210634089593;0.00043278717580954256;-0.0004997461798253056;-0.0004997461798253056;0.0006002766634617002
1518089664.4862106;1518089664;486210536;1;1;2.423933065767772;1.0322948603216893;2.403157318223324e-05;2.2764965390790255e-05;2.276496539079025e-05;4.745930239957511e-05
1518089664.4862106;1518089664;486210536;4;1;4.41850398828437;3.1482881952841866;0.00043254067700120464;-0.0004998276265216757;-0.0004998276265216756;0.0006002497523200428
1518089664.9904213;1518089664;990421184;1;1;2.4183746046928296;1.0261206115232655;2.2179674397140446e-05;2.064381730282828e-05;2.0643817302828272e-05;4.502783598521495e-05
1518089664.9904213;1518089664;990421184;3;1;4.048357855285109;0.48976841999206244;4.1636576297846134e-05;0.00010366924260708573;0.00010366924260708568;0.00033313651719256237
1518089664.9904213;1518089664;990421184;4;1;4.420254395864909;3.1481953430718352;0.0004319285258713295;-0.0004995918317959085;-0.0004995918317959086;0.0006000103139899901
1518089665.5009665;1518089665;500966431;1;1;2.410658333085942;1.0173379609606505;2.0612979304301546e-05;1.886060693393901e-05;1.8860606933939002e-05;4.299818820355743e-05
1518089665.5009665;1518089665;500966431;4;1;4.422822000910293;3.1467778339670454;0.0004306394630593316;-0.0004988801731722673;-0.0004988801731722674;0.0005996174254574151
1518089665.9873626;1518089665;987362570;1;1;2.3951334966368267;0.9998148148410294;1.927520175208228e-05;1.7350634729083795e-05;1.7350634729083785e-05;4.1293856974757134e-05
1518089665.9873626;1518089665;987362570;4;1;4.435325179504072;3.139165196117876;0.00042915767877134046;-0.0004979779796164079;-0.000497977979616408;0.0005990681193142533
1518089666.4905636;1518089666;490563587;1;1;2.3837806775298738;0.9885853619061462;1.828316879277003e-05;1.6369381762617763e-05;1.6369381762617753e-05;4.0323266859620325e-05
1518089666.4905636;1518089666;490563587;4;1;4.45422503854407;3.1225397441540355;0.00042417835901934257;-0.0004935978706867993;-0.0004935978706867993;0.0005952151122388309
1518089666.9861798;1518089666;986179880;1;1;2.3697276706248505;0.9763207807854526;1.750578820927858e-05;1.5690932851838748e-05;1.569093285183874e-05;3.973115929440444e-05
1518089666.9861798;1518089666;986179880;4;1;4.443939460476925;3.132354875867915;0.00041610303447655683;-0.0004858918989366117;-0.0004858918989366117;0.0005878615996586166
1518089667.489691;1518089667;489691006;1;1;2.351132363683123;0.9614084252620473;1.682646630420046e-05;1.5119498266502362e-05;1.5119498266502352e-05;3.9238749531777444e-05
1518089667.489691;1518089667;489691006;4;1;4.448350954670377;3.1278216355626305;0.0004088067148447056;-0.0004789344624455988;-0.00047893446244559894;0.0005812170199827235
1518089667.9930708;1518089667;993070939;1;1;2.3321504428162045;0.9511049217559552;1.6373694512037175e-05;1.4873730950290206e-05;1.4873730950290195e-05;3.910534551950554e-05
1518089667.9930708;1518089667;993070939;4;1;4.438569942937773;3.137772302454059;0.00039619630933219714;-0.0004661053249237069;-0.000466105324923707;0.0005681653564662444
1518089668.4962358;1518089668;496235903;1;1;2.3192009409129235;0.9495362303291448;1.6098663405468923e-05;1.4843782679081356e-05;1.4843782679081346e-05;3.911214508767094e-05
1518089668.4962358;1518089668;496235903;4;1;4.457389139200101;3.1181258244192054;0.00037981107121871156;-0.0004489311296049917;-0.00044893112960499185;0.0005501658049460965
1518089668.9996505;1518089668;999650534;1;1;2.3113873485197987;0.9483249778398217;1.5846456575273493e-05;1.4815842429641489e-05;1.4815842429641477e-05;3.908315347590183e-05
1518089668.9996505;1518089668;999650534;4;1;4.4643224910718935;3.110665078843147;0.0003628281625340421;-0.00043090613417237416;-0.00043090613417237427;0.0005310291959934483
1518089669.5027206;1518089669;502720514;1;1;2.3052590931802515;0.9506105957958412;1.568477908231016e-05;1.4876142296492092e-05;1.4876142296492079e-05;3.906066380293897e-05
1518089669.5027206;1518089669;502720514;4;1;4.4820318178186564;3.0914663616103573;0.00034210050934116855;-0.00040843524308544724;-0.00040843524308544735;0.000506668457151381
1518089669.9862728;1518089669;986272907;1;1;2.299715880604649;0.9533410273489334;1.5543953988419416e-05;1.4945508800948166e-05;1.4945508800948151e-05;3.9026495801998824e-05
1518089669.9862728;1518089669;986272907;4;1;4.498127531679221;3.0737567684294596;0.0003193779161146603;-0.00038343430895214245;-0.0003834343089521425;0.0004791607382344809
1518089670.489212;1518089670;489211938;1;1;2.295426723336865;0.9553972597739326;1.5407433795345043e-05;1.5010956913512176e-05;1.5010956913512163e-05;3.8995119817672035e-05
1518089670.489212;1518089670;489211938;4;1;4.509351102120573;3.0612839461778893;0.00029649349899940863;-0.00035800271670608923;-0.0003580027167060893;0.00045089845473771366
1518089670.9933374;1518089670;993337461;1;1;2.2940021701931546;0.955547924474295;1.5227930726765128e-05;1.502994165701658e-05;1.5029941657016564e-05;3.899311193842641e-05
1518089670.9933374;1518089670;993337461;4;1;4.526809168478884;3.041746471009187;0.0002747138036536281;-0.0003336288686368547;-0.00033362886863685476;0.000423621467604961
1518089671.4967945;1518089671;496794425;1;1;2.287279503104762;0.9549150183635283;1.502040033051757e-05;1.5010403688792372e-05;1.5010403688792357e-05;3.899127253461264e-05
1518089671.4967945;1518089671;496794425;4;1;4.587008853984593;2.974154247044235;0.00025526836609367584;-0.0003117955258277108;-0.000311795525827711;0.0003991069841045567
1518089672.00027;1518089672;269950;1;1;2.281477979846834;0.95260152902064;1.4749245955986986e-05;1.4902274715096231e-05;1.4902274715096214e-05;3.8948153647178795e-05
1518089672.00027;1518089672;269950;4;1;4.614221598353424;2.943272274247126;0.00023566914462894967;-0.0002895536447474829;-0.000289553644747483;0.0003738661205897817
1518089672.4858127;1518089672;485812698;1;1;2.277367471073524;0.9504237571106616;1.4450347681078164e-05;1.4743916637559938e-05;1.474391663755992e-05;3.886425459915438e-05
1518089672.4858127;1518089672;485812698;4;1;4.5971396638364;2.9627598213051947;0.00021771840758748752;-0.00026907494355155623;-0.0002690749435515563;0.00035050344741912676
1518089672.9895923;1518089672;989592245;1;1;2.2689219763219644;0.9445264204968817;1.410769771243564e-05;1.4506579710067249e-05;1.4506579710067232e-05;3.8700429518220014e-05
1518089672.9895923;1518089672;989592245;4;1;4.603422896366965;2.9556202140094188;0.00020522670673259736;-0.0002550212344263838;-0.00025502123442638393;0.0003346932781454665
1518089673.4952357;1518089673;495235618;1;1;2.261485420304725;0.9379315573532643;1.369161097261632e-05;1.413058220058195e-05;1.413058220058193e-05;3.836244782408587e-05
1518089673.4952357;1518089673;495235618;4;1;4.601745080043313;2.9576085957279177;0.00019489601786107954;-0.00024344580679405958;-0.00024344580679405966;0.0003217217869823138
1518089673.9979851;1518089673;997985081;1;1;2.2490216700269827;0.9251368841747546;1.3241331671392202e-05;1.3668347610684998e-05;1.3668347610684981e-05;3.788794052269238e-05
1518089673.9979851;1518089673;997985081;2;1;1.5492891682100303;1.8142607718073942;2.1677142115208435e-05;5.779264587960914e-06;5.779264587960919e-06;1.169093318765332e-05
1518089673.9979851;1518089673;997985081;4;1;4.588266320418311;2.9724584157795513;0.00018728035734808402;-0.00023505548073003916;-0.00023505548073003918;0.00031247799633008443
1518089674.501124;1518089674;501123920;1;1;2.2376320169204753;0.9125049009527951;1.2779282874812225e-05;1.3155900691402599e-05;1.3155900691402584e-05;3.731959828908899e-05
1518089674.501124;1518089674;501123920;4;1;4.608267999590025;2.9507806128350054;0.00018140421674488;-0.000228686924521476;-0.00022868692452147603;0.00030557576050551727
1518089675.004242;1518089675;4241960;1;1;2.23220392387843;0.9061766126487483;1.2318050648724235e-05;1.2614619192089088e-05;1.2614619192089071e-05;3.66843932640735e-05
1518089675.004242;1518089675;4241960;4;1;4.606790946102951;2.9523840495743987;0.00017604228872582532;-0.0002228809696564388;-0.00022288096965643884;0.00029928881662347374
1518089675.4874432;1518089675;487443140;1;1;2.2263832189870154;0.8987128661633228;1.184057121063373e-05;1.2002359071640895e-05;1.200235907164088e-05;3.589930719504746e-05
1518089675.4874432;1518089675;487443140;2;1;1.5477928548014037;1.8133579984930888;1.9613882246539178e-05;4.302715149759171e-06;4.302715149759175e-06;1.0633417841418796e-05
1518089675.4874432;1518089675;487443140;4;1;4.618131788101467;2.9405603565174347;0.00017239756266822448;-0.0002190810646593116;-0.0002190810646593116;0.00029532712574218507
1518089675.9906201;1518089675;990620112;1;1;2.220059069575992;0.8905522550658294;1.1394410180769812e-05;1.1423951916820815e-05;1.1423951916820799e-05;3.514904587366923e-05
1518089675.9906201;1518089675;990620112;4;1;4.5976993870374985;2.961718903458406;0.00016871416671868016;-0.00021520268239966236;-0.0002152026823996624;0.00029124330482853227
1518089676.495732;1518089676;495732065;1;1;2.2196428728755406;0.8899810387326235;1.0954090121357915e-05;1.0819627063929408e-05;1.0819627063929391e-05;3.431962981592704e-05
1518089676.495732;1518089676;495732065;4;1;4.587212453313753;2.9721840736963383;0.0001662975821019154;-0.00021279111290995077;-0.0002127911129099508;0.0002888367400580035
1518089677.0005865;1518089677;586434;1;1;2.219672065213608;0.890022704556202;1.0531204229727576e-05;1.0216047833179197e-05;1.021604783317918e-05;3.3458149461525734e-05
1518089677.0005865;1518089677;586434;4;1;4.576752236645945;2.9819183546397183;0.00016470134716633215;-0.0002113056561734353;-0.00021130565617343537;0.0002874543735486194
1518089677.499466;1518089677;499465879;1;1;2.221069431197151;0.8921049661974081;1.0125409867212812e-05;9.611360124136856e-06;9.611360124136839e-06;3.255708414558367e-05
1518089677.499466;1518089677;499465879;4;1;4.572233416723053;2.9856787550476014;0.00016371014799715315;-0.00021048081565673503;-0.00021048081565673508;0.0002867679707557742
1518089678.002287;1518089678;2286826;1;1;2.2199537152338964;0.890387429391775;9.741103037779062e-06;9.017964422210607e-06;9.017964422210593e-06;3.1640703689408544e-05
1518089678.002287;1518089678;2286826;4;1;4.572801262054875;2.9853497353726657;0.0001630546269946906;-0.00021000240220274999;-0.00021000240220275004;0.00028641679445694056
1518089678.487221;1518089678;487221056;1;1;2.224740840911607;0.8980136646627612;9.379924954879863e-06;8.442581777101039e-06;8.442581777101025e-06;3.0724077781114766e-05
1518089678.487221;1518089678;487221056;4;1;4.571217687345634;2.9862163533459625;0.00016267621611476294;-0.00020979531524441294;-0.00020979531524441296;0.00028630346524103245
1518089678.991662;1518089678;991662049;1;1;2.228253292558073;0.9037764528530767;9.042900022818032e-06;7.891341298128837e-06;7.891341298128825e-06;2.982247335666219e-05
1518089678.991662;1518089678;991662049;4;1;4.568408858827634;2.9873403431186496;0.00016242362576298668;-0.0002096970792955758;-0.00020969707929557586;0.0002862632222047639
1518089679.4955041;1518089679;495504069;1;1;2.223041294590546;0.8948489204080377;8.72547337760782e-06;7.3476272192496404e-06;7.34762721924963e-06;2.8891155825408066e-05
1518089679.4955041;1518089679;495504069;4;1;4.567788120657065;2.9869626398720595;0.00016236474086590442;-0.00020973290924426852;-0.00020973290924426857;0.00028624142060049975
1518089679.998406;1518089679;998405825;1;1;2.221650942808082;0.8924010362567651;8.431446925487437e-06;6.8299577335279376e-06;6.829957733527927e-06;2.7979735459944984e-05
1518089679.998406;1518089679;998405825;4;1;4.567742494291725;2.986774382449181;0.00016235747680190413;-0.00020976288125624276;-0.0002097628812562428;0.0002861177540824533
1518089680.4899921;1518089680;489992040;1;1;2.2170154587853363;0.8838420551714941;8.157798819236919e-06;6.323675801954104e-06;6.323675801954095e-06;2.70430890463439e-05
1518089680.4899921;1518089680;489992040;3;1;4.214973387057541;0.8793341141239575;1.3080065449503829e-05;3.2846599690194696e-05;3.2846599690194696e-05;0.0001428460582514885
1518089680.4899921;1518089680;489992040;4;1;4.565667488469688;2.996525560251204;0.0001623397630966564;-0.00020967953178073695;-0.00020967953178073698;0.00028571586041315573
1518089680.993197;1518089680;993197077;1;1;2.221141951692501;0.8918205975093918;7.905873470528813e-06;5.836580075419022e-06;5.836580075419014e-06;2.610129320076726e-05
1518089680.993197;1518089680;993197077;2;1;1.5172765766331642;1.7850079039332818;1.6710030762661672e-05;1.6762701438284587e-06;1.6762701438284645e-06;8.133276507634845e-06
1518089680.993197;1518089680;993197077;3;1;4.226361996260712;0.9152862856579923;1.2181466269980641e-05;3.0009853669129503e-05;3.0009853669129503e-05;0.00013389086646920894
1518089680.993197;1518089680;993197077;4;1;4.563636052511998;3.001753454989327;0.00016220629122078934;-0.00020933604228263534;-0.0002093360422826354;0.0002848318911534172
1518089681.4964588;1518089681;496458780;1;1;2.221713361584994;0.8929730284589736;7.675754287641877e-06;5.372471084770881e-06;5.372471084770872e-06;2.5165268865471977e-05
1518089681.4964588;1518089681;496458780;4;1;4.5657622606771815;2.997195919959476;0.00016190364228155438;-0.00020868731316716255;-0.00020868731316716257;0.00028344133790606077
1518089682.0021672;1518089682;2167170;1;1;2.226057968070053;0.9020708525185254;7.46685899034384e-06;4.935033846617991e-06;4.935033846617983e-06;2.4249253331384486e-05
1518089682.0021672;1518089682;2167170;2;1;1.513588669148429;1.7769568795909083;1.6636692446061747e-05;1.521804100582346e-06;1.5218041005823517e-06;7.804658193580925e-06
1518089682.0021672;1518089682;2167170;3;1;4.236120423433219;0.9465369332720313;1.0643825561642893e-05;2.5071981732067426e-05;2.507198173206743e-05;0.00011803335065463639
1518089682.0021672;1518089682;2167170;4;1;4.566955685787824;2.994836079724609;0.00016144205423865724;-0.0002077745838925323;-0.00020777458389253234;0.0002816365365434903
1518089682.4853415;1518089682;485341542;1;1;2.230466082967743;0.911654383341397;7.278162601045108e-06;4.524795523665803e-06;4.524795523665794e-06;2.3357368318406363e-05
1518089682.4853415;1518089682;485341542;4;1;4.56548548877978;2.997595221373576;0.00016081938448287363;-0.000206606009852907;-0.00020660600985290706;0.0002794434554223948
1518089682.989701;1518089682;989701030;1;1;2.233027607969818;0.9177248521942498;7.11134518276897e-06;4.1341337202051305e-06;4.134133720205124e-06;2.2443082745242338e-05
1518089682.989701;1518089682;989701030;4;1;4.565111125338204;2.998152100806663;0.0001597856198155671;-0.00020480133916237368;-0.00020480133916237365;0.00027629422590257465
1518089683.4857435;1518089683;485743478;1;1;2.237814436182938;0.9295034836336847;6.96428832267135e-06;3.7722806353204724e-06;3.772280635320466e-06;2.1552694803097902e-05
1518089683.4857435;1518089683;485743478;4;1;4.557223495310619;3.011446366924578;0.00015845474227097319;-0.0002025582014662199;-0.0002025582014662199;0.00027251351238438156
1518089683.9903488;1518089683;990348710;1;1;2.2410374473590697;0.9377820941844524;6.834777184197343e-06;3.4396189662102756e-06;3.4396189662102696e-06;2.069822168673817e-05
1518089683.9903488;1518089683;990348710;2;1;1.5113555167305468;1.7660534466935416;1.6610355590449408e-05;1.4133718901696404e-06;1.4133718901696459e-06;7.241002125599915e-06
1518089683.9903488;1518089683;990348710;3;1;4.235061439966689;0.9429243376218928;8.44732458224558e-06;1.7848905055011275e-05;1.7848905055011285e-05;9.4277867557338e-05
1518089683.9903488;1518089683;990348710;4;1;4.554363717861633;3.016134927617595;0.0001568039466034096;-0.00019985174761895082;-0.00019985174761895085;0.00026807632335407096
1518089684.49394;1518089684;493940093;1;1;2.244617876862282;0.9471406146073456;6.718440648426493e-06;3.135693793523468e-06;3.1356937935234623e-06;1.990393974631764e-05
1518089684.49394;1518089684;493940093;4;1;4.548331047215049;3.0259598065008713;0.00015514538915575897;-0.00019714849355723912;-0.00019714849355723912;0.00026367005531925403
1518089684.996953;1518089684;996952918;1;1;2.2464346084679527;0.9520760136866055;6.615939906700169e-06;2.8572365548424714e-06;2.857236554842466e-06;1.9147472695758415e-05
1518089684.996953;1518089684;996952918;4;1;4.537774053991961;3.0429210578634063;0.00015331726101784661;-0.00019421135603949955;-0.00019421135603949955;0.0002589511427773986
1518089685.500801;1518089685;500801007;1;1;2.2493766769063694;0.9604078940782445;6.526127123925209e-06;2.6028885070710674e-06;2.602888507071062e-06;1.8427163989065486e-05
1518089685.500801;1518089685;500801007;4;1;4.51931261038828;3.0721094777710753;0.00015125751540186172;-0.00019095480031000283;-0.00019095480031000283;0.00025380237336771253
1518089686.0040207;1518089686;4020688;1;1;2.251953328523803;0.9685221261752153;6.453899443880535e-06;2.3754335590513772e-06;2.375433559051372e-06;1.7710876918144197e-05
1518089686.0040207;1518089686;4020688;4;1;4.529135610492839;3.0569909995799254;0.00014858981852691248;-0.00018684897555226902;-0.00018684897555226902;0.0002474831408118995
1518089686.4871874;1518089686;487187273;1;1;2.2562960360031745;0.983989207541479;6.39850090274805e-06;2.178124910624411e-06;2.178124910624406e-06;1.7008138146540553e-05
1518089686.4871874;1518089686;487187273;4;1;4.533055101528934;3.0509986278080925;0.00014587857476399386;-0.0001827038504730554;-0.0001827038504730554;0.00024114580510003073
1518089686.993252;1518089686;993251949;1;1;2.2598322318914716;0.9956723864545901;6.340789746722969e-06;1.9899550304011765e-06;1.989955030401172e-06;1.639007227714228e-05
1518089686.993252;1518089686;993251949;4;1;4.522757542421908;3.06673084498194;0.00014401679797560008;-0.00017977837546216858;-0.00017977837546216853;0.00023655092429856632
1518089687.4964173;1518089687;496417172;1;1;2.263563539547208;1.011096017457089;6.304068077531327e-06;1.838163345645022e-06;1.8381633456450174e-06;1.576263033160142e-05
1518089687.4964173;1518089687;496417172;4;1;4.53031569698615;3.055264488648008;0.0001413912776218738;-0.00017579524020316733;-0.00017579524020316725;0.00023050817301348032
1518089688.000844;1518089688;843890;1;1;2.267386532772634;1.02970474818898;6.278864202903381e-06;1.7154814341960457e-06;1.715481434196041e-06;1.5165466140819205e-05
1518089688.000844;1518089688;843890;4;1;4.515312917203383;3.077918633816917;0.0001387875341593308;-0.00017186359665196353;-0.00017186359665196348;0.00022457140495775747
1518089688.4848065;1518089688;484806625;1;1;2.268755290734336;1.038150700276113;6.264140266255833e-06;1.6246270487321776e-06;1.624627048732173e-06;1.4604847092013929e-05
1518089688.4848065;1518089688;484806625;4;1;4.517884046501934;3.0740757543585655;0.00013601061598075728;-0.00016771313956216355;-0.0001677131395621635;0.00021836801942512363
1518089688.991856;1518089688;991856106;1;1;2.270122450272411;1.0565379763392981;6.2635113548270435e-06;1.5921270134656661e-06;1.5921270134656619e-06;1.4100841400375008e-05
1518089688.991856;1518089688;991856106;4;1;4.5152621471144805;3.077962082008483;0.00013260809424988233;-0.0001627258987296781;-0.00016272589872967804;0.00021105889830243276
1518089689.4889026;1518089689;488902466;1;1;2.270198464078473;1.071698757525734;6.263500545251602e-06;1.5899710681647294e-06;1.5899710681647256e-06;1.3670843000732411e-05
1518089689.4889026;1518089689;488902466;4;1;4.506908590268335;3.090078966585561;0.00012898313010632743;-0.0001574678663810066;-0.00015746786638100652;0.00020343209067487828
1518089690.0012803;1518089690;1280260;1;1;2.2689647833714686;1.0852964918529124;6.260684052229882e-06;1.6210146952768687e-06;1.6210146952768649e-06;1.3328677486084973e-05
1518089690.0012803;1518089690;1280260;4;1;4.517106410342586;3.0755047015465267;0.0001248164906307819;-0.00015151309294937529;-0.00015151309294937518;0.00019492179674851932
1518089690.4846115;1518089690;484611451;1;1;2.2674585794008335;1.09601863817056;6.254315381927108e-06;1.6619972082188415e-06;1.661997208218838e-06;1.3037702355600138e-05
1518089690.4846115;1518089690;484611451;2;1;1.5545883290132487;1.7228509912866652;1.5596028000614757e-05;2.133895217640933e-06;2.1338952176409366e-06;6.283164759783174e-06
1518089690.4846115;1518089690;484611451;4;1;4.517622625048319;3.0747464915295977;0.0001209020363008663;-0.0001459313755365298;-0.00014593137553652977;0.00018696262016633115
1518089690.9876451;1518089690;987645034;1;1;2.2651651590923985;1.1017221473266645;6.233676184487131e-06;1.7301753109442126e-06;1.730175310944209e-06;1.2864666619114404e-05
1518089690.9876451;1518089690;987645034;2;1;1.5604351076868053;1.7211951911783063;1.536318731666184e-05;2.2019476024340533e-06;2.2019476024340575e-06;6.26404754461831e-06
1518089690.9876451;1518089690;987645034;3;1;4.208017776845425;0.8615913466095628;5.447914594295961e-06;8.515915939279159e-06;8.515915939279162e-06;6.514405331647064e-05
1518089690.9876451;1518089690;987645034;4;1;4.523460503539736;3.0666484699645062;0.00011588908807863914;-0.00013892910557452884;-0.00013892910557452879;0.0001771827089471649
1518089691.492925;1518089691;492924901;1;1;2.2615576601912766;1.1105238765584924;6.208428545155907e-06;1.7917755750682528e-06;1.7917755750682492e-06;1.2714371675085376e-05
1518089691.492925;1518089691;492924901;4;1;4.52347319994218;3.0666308164600933;0.00011111212167976686;-0.0001322870510420176;-0.00013228705104201754;0.00016794737322797958
1518089691.9977875;1518089691;997787581;1;1;2.2567896090817205;1.1186012907006613;6.173161914371528e-06;1.8515197295873725e-06;1.851519729587369e-06;1.2613160872697484e-05
1518089691.9977875;1518089691;997787581;4;1;4.520429826845782;3.0708157568996186;0.00010597874573884646;-0.0001252281489994549;-0.00012522814899945488;0.00015824068144854183
1518089692.5003996;1518089692;500399610;1;1;2.25322742418122;1.1228216042788484;6.1281922761864815e-06;1.9047976980083364e-06;1.9047976980083328e-06;1.2550039575003585e-05
1518089692.5003996;1518089692;500399610;4;1;4.53282824850423;3.0539039517304287;0.00010077967681610666;-0.00011813646885622839;-0.00011813646885622835;0.0001485674249479662
1518089693.0036182;1518089693;3618233;1;1;2.2483620431194744;1.1267014807597964;6.073978422460451e-06;1.948030294457366e-06;1.948030294457362e-06;1.2515563933312995e-05
1518089693.0036182;1518089693;3618233;4;1;4.534196488243468;3.052046528345107;9.583767774081376e-05;-0.000111427568077044;-0.00011142756807704394;0.00013945990611212482
1518089693.488643;1518089693;488642829;1;1;2.2441852351449034;1.1289538303206965;6.013119100238473e-06;1.9808487693592275e-06;1.9808487693592236e-06;1.2497866524673515e-05
1518089693.488643;1518089693;488642829;2;1;1.6036547975273072;1.7136671575896885;1.4021382782012218e-05;2.438988150351536e-06;2.4389881503515397e-06;6.217578282887786e-06
1518089693.488643;1518089693;488642829;4;1;4.534762149015509;3.0512830932022372;9.106258382342796e-05;-0.00010498293785479183;-0.00010498293785479177;0.00013076201253764533
1518089693.992005;1518089693;992005168;1;1;2.2413794311764006;1.1300271898302556;5.948635905161684e-06;2.0055167972825604e-06;2.0055167972825566e-06;1.2488429777612492e-05
1518089693.992005;1518089693;992005168;4;1;4.52480968853881;3.0646460403389;8.65139303423459e-05;-9.887556208042866e-05;-9.88755620804286e-05;0.00012256177503782042
1518089694.495092;1518089694;495092025;1;1;2.2353346530093887;1.1319716686228918;5.8845577464359494e-06;2.027427841392127e-06;2.0274278413921233e-06;1.2480612412932871e-05
1518089694.495092;1518089694;495092025;4;1;4.5029645140124765;3.093532565550824;8.136700736275759e-05;-9.206976100203777e-05;-9.206976100203773e-05;0.00011356282729558744
1518089694.999664;1518089694;999664176;1;1;2.2302007060770017;1.133039332542384;5.817567633935999e-06;2.041359213691231e-06;2.0413592136912274e-06;1.2477715222184962e-05
1518089694.999664;1518089694;999664176;4;1;4.522246796829767;3.0683315241734936;7.601441168185151e-05;-8.507416890805202e-05;-8.507416890805198e-05;0.00010441991576950114
1518089695.5026267;1518089695;502626728;1;1;2.225075548537761;1.1334585566105726;5.748074684115764e-06;2.0470435496186643e-06;2.0470435496186605e-06;1.2477250258832282e-05
1518089695.5026267;1518089695;502626728;4;1;4.530491301607216;3.057577849148098;7.133462655081964e-05;-7.897011659123533e-05;-7.89701165912353e-05;9.645812828499335e-05
1518089695.9890976;1518089695;989097554;1;1;2.2207352238785827;1.1333861535366605;5.677294253951867e-06;2.04622219853073e-06;2.046222198530726e-06;1.2477315261272001e-05
1518089695.9890976;1518089695;989097554;4;1;4.536272203840721;3.0501202875369984;6.668223781496574e-05;-7.295918667354883e-05;-7.295918667354879e-05;8.869213302664673e-05
1518089696.4924924;1518089696;492492380;1;1;2.218956253579146;1.1332164557177344;5.605708075541828e-06;2.0393935188471654e-06;2.0393935188471616e-06;1.2476663866446123e-05
1518089696.4924924;1518089696;492492380;4;1;4.5459607355830824;3.037654072833976;6.249247193569156e-05;-6.75682231720248e-05;-6.756822317202478e-05;8.175559091136303e-05
1518089696.9955606;1518089696;995560743;1;1;2.218174801364404;1.1330926111586943;5.534065835938075e-06;2.0280396556102303e-06;2.028039655610227e-06;1.2474864506025289e-05
1518089696.9955606;1518089696;995560743;4;1;4.548236005559496;3.0347379845709987;5.8714284573295796e-05;-6.27259284390822e-05;-6.272592843908219e-05;7.554948834639778e-05
1518089697.4989262;1518089697;498926178;1;1;2.2134329252066913;1.1318484923388001;5.4609412278928806e-06;2.00797941596754e-06;2.007979415967536e-06;1.2469608810965187e-05
1518089697.4989262;1518089697;498926178;4;1;4.541323583337227;3.043542178510713;5.507299245097743e-05;-5.809807988538672e-05;-5.809807988538671e-05;6.966784580230325e-05
1518089697.9851155;1518089697;985115505;1;1;2.2101329043704356;1.1309538598166522;5.389820403634986e-06;1.988539028759347e-06;1.9885390287593437e-06;1.246427068766714e-05
1518089697.9851155;1518089697;985115505;4;1;4.537866648144277;3.0478756726896172;5.139611340499015e-05;-5.348165598579662e-05;-5.34816559857966e-05;6.387194086650878e-05
1518089698.491143;1518089698;491143033;1;1;2.2061974201460397;1.1298545250272163;5.320280480478078e-06;1.9688895392512805e-06;1.9688895392512763e-06;1.2458784713759014e-05
1518089698.491143;1518089698;491143033;2;1;1.683685767149662;1.713655803817103;1.1158079253766389e-05;2.4371754386124554e-06;2.4371754386124584e-06;6.209926774353594e-06
1518089698.491143;1518089698;491143033;3;1;4.206746189402266;0.8617931053634665;4.612892064253172e-06;6.65460489068033e-06;6.65460489068033e-06;5.3175986979261596e-05
1518089698.491143;1518089698;491143033;4;1;4.524549717308188;3.064407467696275;4.7718232725837746e-05;-4.8921297795883244e-05;-4.8921297795883217e-05;5.8217697674995706e-05
1518089699.0037088;1518089699;3708919;1;1;2.2024290182668955;1.1285961226545662;5.251293113386389e-06;1.9458522228462744e-06;1.94585222284627e-06;1.245109174083487e-05
1518089699.0037088;1518089699;3708919;4;1;4.512930478284893;3.0787047153959697;4.433997467861205e-05;-4.4764416953872965e-05;-4.4764416953872945e-05;5.310273662314162e-05
1518089699.4868054;1518089699;486805484;1;1;2.2004516728945602;1.1278053690085141;5.182599461667964e-06;1.9183811718518684e-06;1.918381171851864e-06;1.2440105883716215e-05
1518089699.4868054;1518089699;486805484;4;1;4.516245429215103;3.074654009216294;4.126228130595528e-05;-4.1003627781956384e-05;-4.100362778195637e-05;4.850723814975218e-05
1518089699.9906628;1518089699;990662929;1;1;2.198398299172025;1.1268823719722514;5.114807612256464e-06;1.8883739449312879e-06;1.888373944931284e-06;1.2426804244794809e-05
1518089699.9906628;1518089699;990662929;4;1;4.523267523983621;3.066186111019098;3.8212619427576925e-05;-3.732948977994905e-05;-3.732948977994902e-05;4.4080991506159787e-05
1518089700.493956;1518089700;493956050;1;1;2.19531656756074;1.125499486135354;5.0485094639596555e-06;1.8581407179070546e-06;1.8581407179070506e-06;1.2413017950334903e-05
1518089700.493956;1518089700;493956050;4;1;4.514354099592212;3.076857653623842;3.5746544987317576e-05;-3.4352355967910224e-05;-3.435235596791021e-05;4.048655558217316e-05
1518089700.996573;1518089700;996573076;1;1;2.1921186957977725;1.1239660043347663;4.983489334460425e-06;1.8269614860149013e-06;1.8269614860148975e-06;1.2398066511313296e-05
1518089700.996573;1518089700;996573076;4;1;4.5046215473687345;3.0884382363467373;3.331321836386603e-05;-3.1456985914130465e-05;-3.145698591413045e-05;3.7041408651411545e-05
1518089701.4921043;1518089701;492104381;1;1;2.1889030223403383;1.1221562912202794;4.9187252373791235e-06;1.7903909493326253e-06;1.7903909493326213e-06;1.2377517331247248e-05
1518089701.4921043;1518089701;492104381;4;1;4.497611571984569;3.096700303463125;3.1034356078527844e-05;-2.877569449722146e-05;-2.877569449722144e-05;3.3886546151589354e-05
1518089701.996714;1518089701;996714093;1;1;2.1870419282094;1.121022379155174;4.854614996740295e-06;1.7490871075760642e-06;1.7490871075760608e-06;1.2350684910128463e-05
1518089701.996714;1518089701;996714093;4;1;4.501373511680862;3.0922891246275652;2.9265435773011607e-05;-2.6674020752876738e-05;-2.6674020752876728e-05;3.138972281767871e-05
1518089702.4999046;1518089702;499904712;1;1;2.182624109756025;1.1176607719586393;4.79088380440566e-06;1.7005927574670914e-06;1.7005927574670882e-06;1.2313784580692548e-05
1518089702.4999046;1518089702;499904712;4;1;4.503227833798088;3.090117099184307;2.75507756264903e-05;-2.4665585740325365e-05;-2.4665585740325355e-05;2.9037180124115784e-05
1518089703.000504;1518089703;503913;1;1;2.180380795529237;1.1157038661127452;4.728066744813454e-06;1.645795676581146e-06;1.6457956765811431e-06;1.2265983551909702e-05
1518089703.000504;1518089703;503913;4;1;4.512082798008718;3.0797530494035112;2.606616333089044e-05;-2.2927962033353414e-05;-2.2927962033353404e-05;2.700342615617429e-05
1518089703.5042038;1518089703;504203802;1;1;2.1770880630015683;1.1123978921536528;4.666524450676711e-06;1.5840058955742738e-06;1.5840058955742709e-06;1.220394528878623e-05
1518089703.5042038;1518089703;504203802;4;1;4.515616988150459;3.0756175030901236;2.4773698407761648e-05;-2.1415579186460325e-05;-2.141557918646032e-05;2.5233705497110398e-05
1518089703.9871137;1518089703;987113812;1;1;2.1757499354133216;1.111048938552616;4.606789022032106e-06;1.5206740143760706e-06;1.5206740143760675e-06;1.2136695641880537e-05
1518089703.9871137;1518089703;987113812;4;1;4.518074860486707;3.072684651390103;2.379609413029654e-05;-2.0247046031780504e-05;-2.024704603178049e-05;2.38372800411413e-05
1518089704.4900951;1518089704;490095092;1;1;2.174792913215642;1.109958154391964;4.548920005740651e-06;1.4547167079350437e-06;1.4547167079350403e-06;1.2061519553677394e-05
1518089704.4900951;1518089704;490095092;2;1;1.7399282685334534;1.722790593315837;8.49874072401821e-06;1.9922553915700168e-06;1.99225539157002e-06;6.123883121049288e-06
1518089704.4900951;1518089704;490095092;3;1;4.20824697642181;0.8701018849426316;3.9204766649375105e-06;2.0468431845900846e-06;2.0468431845900846e-06;2.145610391271328e-05
1518089704.4900951;1518089704;490095092;4;1;4.517150430074675;3.073795074408779;2.29543821254115e-05;-1.923598411391643e-05;-1.923598411391642e-05;2.2622795519330793e-05
1518089704.9939163;1518089704;993916192;1;1;2.1715982126670093;1.1059295048667055;4.493325305074572e-06;1.383133341375909e-06;1.3831333413759059e-06;1.1969711564260273e-05
1518089704.9939163;1518089704;993916192;4;1;4.5098415634212605;3.082787011097771;2.2361073663661767e-05;-1.8494850096178512e-05;-1.8494850096178502e-05;2.1697702781608833e-05
1518089705.4977748;1518089705;497774729;1;1;2.170400830604025;1.1043096734921252;4.440009631524504e-06;1.3110073229202472e-06;1.3110073229202438e-06;1.1872138708252345e-05
1518089705.4977748;1518089705;497774729;4;1;4.514054655588411;3.0775658187199952;2.1792640257613397e-05;-1.7790403089280976e-05;-1.7790403089280966e-05;2.0824697113316585e-05
1518089706.0019178;1518089706;1917880;1;1;2.169703753144536;1.103312070170936;4.389040982457293e-06;1.2380649362545994e-06;1.2380649362545962e-06;1.1767749208631415e-05
1518089706.0019178;1518089706;1917880;3;1;4.2084637601156505;0.872502172680178;3.880789988070946e-06;1.7017227746431754e-06;1.7017227746431756e-06;1.8459183343569287e-05
1518089706.0019178;1518089706;1917880;4;1;4.504941206681841;3.0895026494245506;2.1417757956962607e-05;-1.7299380798721265e-05;-1.7299380798721255e-05;2.018155421377731e-05
1518089706.485407;1518089706;485407198;1;1;2.1671170284360004;1.0993530392580901;4.340660278429783e-06;1.1640173570135108e-06;1.1640173570135074e-06;1.16544179931876e-05
1518089706.485407;1518089706;485407198;4;1;4.5014917109220836;3.09429812195393;2.116526604616494e-05;-1.6948367750308156e-05;-1.694836775030815e-05;1.9693577550417995e-05
1518089706.9886398;1518089706;988639743;1;1;2.165697794697222;1.0969724349423853;4.2953372392916574e-06;1.0882878981534052e-06;1.0882878981534023e-06;1.1528094722993713e-05
1518089706.9886398;1518089706;988639743;4;1;4.503314845929531;3.091540820133161;2.1059143169903802e-05;-1.6770743941050907e-05;-1.6770743941050893e-05;1.940035521209994e-05
1518089707.4924135;1518089707;492413574;1;1;2.16665340841915;1.0986701792180185;4.25284181669177e-06;1.0127904886834149e-06;1.012790488683412e-06;1.1393965951282322e-05
1518089707.4924135;1518089707;492413574;4;1;4.503755064837107;3.090503581428522;2.1032169039634227e-05;-1.670718780691383e-05;-1.6707187806913817e-05;1.925060498304413e-05
1518089707.9956546;1518089707;995654701;1;1;2.1649527725585918;1.095553762113383;4.211962394383127e-06;9.399969327731676e-07;9.399969327731649e-07;1.126424617529025e-05
1518089707.9956546;1518089707;995654701;4;1;4.503476192106751;3.091914473529581;2.1009527216566934e-05;-1.6656313327987255e-05;-1.665631332798724e-05;1.912189644954253e-05
1518089708.4990778;1518089708;499077857;1;1;2.163939907059133;1.0935871239984989;4.174382887258771e-06;8.670303927055866e-07;8.670303927055839e-07;1.1122570129571615e-05
1518089708.4990778;1518089708;499077857;4;1;4.504513432251901;3.0937939484836816;2.1002467037720404e-05;-1.666910634354452e-05;-1.6669106343544508e-05;1.9098715557017575e-05
1518089709.0024064;1518089709;2406340;1;1;2.16232466841588;1.0904041049159627;4.1385350683554015e-06;7.963880191384783e-07;7.963880191384756e-07;1.0983360964387906e-05
1518089709.0024064;1518089709;2406340;4;1;4.5052273752778715;3.0944246180555126;2.098667113225361e-05;-1.6683059833634127e-05;-1.668305983363411e-05;1.908638958519595e-05
1518089709.485557;1518089709;485557140;1;1;2.161429481903766;1.088278900611619;4.107693206243793e-06;7.252209174769437e-07;7.252209174769411e-07;1.0820380330058037e-05
1518089709.485557;1518089709;485557140;4;1;4.506952133859281;3.0937880712920176;2.0846532611474815e-05;-1.6642081138647844e-05;-1.6642081138647834e-05;1.90841337158304e-05
1518089709.989111;1518089709;989110976;1;1;2.163175133930897;1.0923554049467652;4.078501024299075e-06;6.570503689366359e-07;6.570503689366332e-07;1.066118621099263e-05
1518089709.989111;1518089709;989110976;4;1;4.508166031954363;3.09330352875919;2.068545272405751e-05;-1.6577784096784904e-05;-1.6577784096784897e-05;1.9058468751329808e-05
1518089710.4921808;1518089710;492180722;1;1;2.163689032452782;1.0935953738696251;4.051258630853118e-06;5.913180894714041e-07;5.913180894714016e-07;1.0502582945377708e-05
1518089710.4921808;1518089710;492180722;4;1;4.50857837294528;3.093124449708028;2.050797804602362e-05;-1.650070712008929e-05;-1.6500707120089284e-05;1.90249943402062e-05
1518089710.9952443;1518089710;995244286;1;1;2.164073060992422;1.0945464702340493;4.025711510233882e-06;5.280473399451877e-07;5.280473399451852e-07;1.034588474814154e-05
1518089710.9952443;1518089710;995244286;4;1;4.508307106732275;3.093246305101888;2.0325521730757283e-05;-1.6418745987102072e-05;-1.641874598710207e-05;1.8988176610380066e-05
1518089711.4989219;1518089711;498921816;1;1;2.16280128073554;1.0912882207177241;4.001960919628867e-06;4.671992886151854e-07;4.671992886151829e-07;1.0189994504726843e-05
1518089711.4989219;1518089711;498921816;2;1;1.7623774990199954;1.730986119981743;6.511973803822643e-06;1.1568743464624177e-06;1.1568743464624205e-06;5.7637464528027915e-06
1518089711.4989219;1518089711;498921816;3;1;4.207779428081962;0.881020101034978;3.8572686914937265e-06;1.4525580744798275e-06;1.4525580744798279e-06;1.2792943135754018e-05
1518089711.4989219;1518089711;498921816;4;1;4.509771278573777;3.092556523821112;2.013294778456156e-05;-1.6328023095508453e-05;-1.632802309550845e-05;1.8945436441101184e-05
1518089712.0019717;1518089712;1971635;1;1;2.1629711906331086;1.091752967242927;3.9806547631601496e-06;4.089215642097235e-07;4.0892156420972106e-07;1.0030590195138413e-05
1518089712.0019717;1518089712;1971635;4;1;4.511371279572734;3.091738644423172;1.9914570024027084e-05;-1.6216393995635547e-05;-1.6216393995635544e-05;1.8888374513604827e-05
1518089712.485811;1518089712;485811032;1;1;2.1637010865006507;1.093892786074123;3.9623531987541145e-06;3.5368995363166034e-07;3.53689953631658e-07;9.864399312325848e-06
1518089712.485811;1518089712;485811032;4;1;4.515723646874811;3.0893436623626656;1.9660661980949876e-05;-1.607566319551595e-05;-1.607566319551595e-05;1.881064120237628e-05
1518089712.98869;1518089712;988689981;1;1;2.164601357082536;1.096826698382212;3.946439303127906e-06;3.018277966459244e-07;3.018277966459222e-07;9.69538454746943e-06
1518089712.98869;1518089712;988689981;4;1;4.519900125858115;3.086972380773891;1.9401729074162875e-05;-1.5928648727815662e-05;-1.5928648727815662e-05;1.872717072355074e-05
1518089713.486043;1518089713;486043042;1;1;2.1650779723273206;1.0984388991542329;3.931899183624498e-06;2.5264432602637733e-07;2.5264432602637516e-07;9.529016328720141e-06
1518089713.486043;1518089713;486043042;4;1;4.521134084511305;3.0862662180440066;1.9146169410223055e-05;-1.5782398519618227e-05;-1.5782398519618227e-05;1.864347549924167e-05
1518089713.9890997;1518089713;989099825;1;1;2.165562004539409;1.100176176519871;3.919035472302078e-06;2.0647418701407548e-07;2.0647418701407334e-07;9.36330351979694e-06
1518089713.9890997;1518089713;989099825;4;1;4.5236276928003845;3.084804999075306;1.8883885590787472e-05;-1.5628703934217286e-05;-1.5628703934217283e-05;1.8553412659557543e-05
1518089714.4957898;1518089714;495789649;1;1;2.1653240937752702;1.0992532321520787;3.907792713305719e-06;1.6346189825738267e-07;1.6346189825738058e-07;9.19831401478723e-06
1518089714.4957898;1518089714;495789649;4;1;4.531933312798374;3.0798370977682086;1.862451619747271e-05;-1.547530734677753e-05;-1.5475307346777528e-05;1.8462617457585645e-05
1518089714.9993377;1518089714;999337736;1;1;2.165493153822151;1.099951042926875;3.898143506317451e-06;1.236339156625334e-07;1.2363391566253135e-07;9.033920381247781e-06
1518089714.9993377;1518089714;999337736;3;1;4.207319412625649;0.8825631228986569;3.827209003453059e-06;1.6349466939291793e-06;1.6349466939291793e-06;1.1576554856377011e-05
1518089714.9993377;1518089714;999337736;4;1;4.539304352478232;3.0753626598936803;1.835575855713348e-05;-1.531216355468959e-05;-1.5312163554689586e-05;1.8363584377583755e-05
1518089715.4853249;1518089715;485324787;1;1;2.16624526348701;1.1033616585001926;3.890153074516648e-06;8.739945091533934e-08;8.73994509153373e-08;8.8696068036782e-06
1518089715.4853249;1518089715;485324787;3;1;4.2067177813478525;0.8849641068433961;3.820247563034358e-06;1.6627283390902691e-06;1.662728339090269e-06;1.1465684151259236e-05
1518089715.4853249;1518089715;485324787;4;1;4.541405007774472;3.0740671559493413;1.808483068516942e-05;-1.5145078489667709e-05;-1.5145078489667705e-05;1.8260540645866595e-05
1518089715.988629;1518089715;988628987;1;1;2.166449605664284;1.1043976006565523;3.8837664841859965e-06;5.502170958369309e-08;5.5021709583691083e-08;8.705463171557666e-06
1518089715.988629;1518089715;988628987;4;1;4.547106910963236;3.070509324539852;1.7814659406042216e-05;-1.49764990117287e-05;-1.49764990117287e-05;1.815535166917745e-05
1518089716.4924273;1518089716;492427307;1;1;2.166794216306221;1.1064850699795956;3.879257568444138e-06;2.770907861436308e-08;2.7709078614361125e-08;8.540017673532142e-06
1518089716.4924273;1518089716;492427307;4;1;4.555961986796571;3.0648758038116335;1.753942204502272e-05;-1.4801395443146445e-05;-1.4801395443146447e-05;1.804395233146883e-05
1518089716.995496;1518089716;995496131;1;1;2.167356625766351;1.1104812021152524;3.876009554859114e-06;4.6307124340243155e-09;4.630712434022403e-09;8.37603714462996e-06
1518089716.995496;1518089716;995496131;4;1;4.559420577505912;3.062649634673594;1.7264904240661155e-05;-1.4624698309755794e-05;-1.4624698309755797e-05;1.793021880871578e-05
1518089717.498515;1518089717;498514925;1;1;2.167864818000618;1.1150409781424524;3.874066807251877e-06;-1.3325270189010454e-08;-1.3325270189012347e-08;8.213083504514827e-06
1518089717.498515;1518089717;498514925;4;1;4.566782534288665;3.057811014948796;1.698080696522993e-05;-1.4437344105398138e-05;-1.4437344105398136e-05;1.780669298617981e-05
1518089718.0016494;1518089718;1649458;1;1;2.168510062040349;1.1225466258638568;3.872752998836558e-06;-2.7484346864977407e-08;-2.7484346864979254e-08;8.053978278077894e-06
1518089718.0016494;1518089718;1649458;2;1;1.7703831689272966;1.7364948741824384;5.489523992274193e-06;5.349187534056186e-07;5.349187534056208e-07;5.3795597156354625e-06
1518089718.0016494;1518089718;1649458;3;1;4.207125401174819;0.8840260152349183;3.774613278505545e-06;1.7960559013562473e-06;1.7960559013562477e-06;1.1069336957003087e-05
1518089718.0016494;1518089718;1649458;4;1;4.569712974116925;3.055911773534393;1.671338350713743e-05;-1.4262404494603077e-05;-1.426240449460308e-05;1.7692238711956956e-05
1518089718.485041;1518089718;485040860;1;1;2.1686396881276377;1.125453635149647;3.8724402145198495e-06;-3.449888330697973e-08;-3.449888330698154e-08;7.896669490943224e-06
1518089718.485041;1518089718;485040860;4;1;4.570451771077892;3.0554231800007425;1.644707397957211e-05;-1.4086284234243992e-05;-1.4086284234243997e-05;1.7575763922667478e-05
1518089718.9918437;1518089718;991843694;1;1;2.1686482284363575;1.1302346920496333;3.8724397268537015e-06;-3.4771889784577777e-08;-3.477188978457955e-08;7.743834324643327e-06
1518089718.9918437;1518089718;991843694;4;1;4.5787751514547015;3.0499007779951155;1.6187677077612783e-05;-1.3914179403420128e-05;-1.3914179403420133e-05;1.746157569385989e-05
1518089719.4971104;1518089719;497110303;1;1;2.1685162752951217;1.1340651403746898;3.8722657256958175e-06;-2.9720835770002963e-08;-2.9720835770004706e-08;7.597208020724657e-06
1518089719.4971104;1518089719;497110303;4;1;4.582256168140787;3.047603544479264;1.594091884426961e-05;-1.3751335804820295e-05;-1.3751335804820299e-05;1.7354110029003778e-05
1518089720.000572;1518089720;572042;1;1;2.1681452092208935;1.138233662316116;3.871172469235852e-06;-1.743929386282516e-08;-1.7439293862826868e-08;7.459238315407119e-06
1518089720.000572;1518089720;572042;4;1;4.588686754126697;3.0433826595864324;1.5705896215875556e-05;-1.3597072497582733e-05;-1.359707249758274e-05;1.725285523442302e-05
1518089720.503664;1518089720;503663986;1;1;2.1676707653282143;1.1424931983430175;3.869547855561528e-06;-2.85358503115437e-09;-2.8535850311560476e-09;7.32828847454062e-06
1518089720.503664;1518089720;503663986;4;1;4.593064536129394;3.040550297685933;1.5486989469062356e-05;-1.345544298541104e-05;-1.3455442985411046e-05;1.716122298000416e-05
1518089720.9912133;1518089720;991213303;1;1;2.167594812997043;1.142923855564329;3.865852912810996e-06;1.8097105399294776e-08;1.8097105399293135e-08;7.209495990015864e-06
1518089720.9912133;1518089720;991213303;4;1;4.5965901401314015;3.0382551410488357;1.527150466364946e-05;-1.3315163084135836e-05;-1.3315163084135843e-05;1.706990122456032e-05
1518089721.495262;1518089721;495261917;1;1;2.166426003018528;1.1473300053563167;3.85866639692174e-06;4.5188648141599135e-08;4.5188648141597514e-08;7.1073669890551456e-06
1518089721.495262;1518089721;495261917;4;1;4.5999246175901325;3.036091133280307;1.5064367128875566e-05;-1.3180735054571298e-05;-1.3180735054571307e-05;1.6982660178883448e-05
1518089721.9993067;1518089721;999306717;1;1;2.1645686660125105;1.152278501507623;3.847242258342365e-06;7.579986608777945e-08;7.579986608777786e-08;7.023766785847634e-06
1518089721.9993067;1518089721;999306717;4;1;4.602120664507207;3.034694290583558;1.4872230035964472e-05;-1.3058262819968687e-05;-1.3058262819968692e-05;1.6904606077086894e-05
1518089722.5021572;1518089722;502157200;1;1;2.1637311133990904;1.1539183939957722;3.830776789899524e-06;1.0803855483476008e-07;1.0803855483475852e-07;6.960644800844131e-06
1518089722.5021572;1518089722;502157200;2;1;1.7766185656214222;1.7286216965157828;5.168387057802187e-06;3.144633701397535e-07;3.144633701397555e-07;5.020859333050026e-06
1518089722.5021572;1518089722;502157200;3;1;4.208375690062418;0.8842990665933081;3.634218242364908e-06;1.965673792835515e-06;1.9656737928355153e-06;1.0830946330957137e-05
1518089722.5021572;1518089722;502157200;4;1;4.603988327569265;3.033518063766138;1.4691014781762733e-05;-1.2944136109403059e-05;-1.2944136109403066e-05;1.6832730747816706e-05
1518089722.9855983;1518089722;985598222;1;1;2.1631902483625325;1.1547027532653662;3.8098403446237154e-06;1.3890317303315936e-07;1.3890317303315782e-07;6.915188684523897e-06
1518089722.9855983;1518089722;985598222;4;1;4.605891173098309;3.032344237034839;1.452316766909036e-05;-1.284063430282789e-05;-1.2840634302827894e-05;1.6768912641818183e-05
1518089723.488602;1518089723;488601808;1;1;2.1621197776426526;1.1558699696999397;3.7847798740425196e-06;1.662285286709092e-07;1.6622852867090767e-07;6.885393750773141e-06
1518089723.488602;1518089723;488601808;4;1;4.604777805901965;3.0329895434539447;1.437979210093545e-05;-1.2757533979073845e-05;-1.275753397907385e-05;1.6720747784326105e-05
1518089723.9858882;1518089723;985888292;1;1;2.161249839913233;1.1565004883702181;3.7556403382168524e-06;1.873484557185441e-07;1.873484557185426e-07;6.870086323737721e-06
1518089723.9858882;1518089723;985888292;4;1;4.606098110500216;3.032263158682486;1.4252983927973128e-05;-1.2687768618975642e-05;-1.2687768618975647e-05;1.668236535710607e-05
1518089724.4906332;1518089724;490633146;1;1;2.1602352755479233;1.1569204592318;3.7240244880833046e-06;2.0191568050972044e-07;2.0191568050971896e-07;6.8635460453644356e-06
1518089724.4906332;1518089724;490633146;4;1;4.607173814290734;3.031725396037368;1.414931893286181e-05;-1.2636752722267753e-05;-1.2636752722267762e-05;1.665737253162462e-05
1518089724.9907935;1518089724;990793544;1;1;2.1580768476640197;1.1573146971745325;3.6907562286847087e-06;2.0812737136070656e-07;2.0812737136070505e-07;6.862254325611821e-06
1518089724.9907935;1518089724;990793544;4;1;4.608965282860007;3.0308964261415317;1.4056629476970317e-05;-1.259393016064681e-05;-1.2593930160646817e-05;1.6637583612095777e-05
1518089725.4973962;1518089725;497396138;1;1;2.1574021644509576;1.1572447039807032;3.65686741016691e-06;2.043574274570004e-07;2.043574274569989e-07;6.862058695962629e-06
1518089725.4973962;1518089725;497396138;4;1;4.610999382587238;3.0300627115700984;1.3977061118719498e-05;-1.2560973389948802e-05;-1.2560973389948809e-05;1.6623922921711314e-05
1518089726.000612;1518089726;612032;1;1;2.1567915261054176;1.1571375416639396;3.623640561313975e-06;1.9852637192660532e-07;1.9852637192660381e-07;6.861035390720863e-06
1518089726.000612;1518089726;612032;4;1;4.611915662850913;3.0297021335578207;1.3903087465958147e-05;-1.2531863003387986e-05;-1.2531863003387993e-05;1.661246729428064e-05
1518089726.4952312;1518089726;495231154;1;1;2.157637566758197;1.1574290009065604;3.591337775866521e-06;1.8739812962508804e-07;1.8739812962508656e-07;6.857201734427578e-06
1518089726.4952312;1518089726;495231154;4;1;4.612867732626565;3.029379882627361;1.3839873018262019e-05;-1.251046655208838e-05;-1.2510466552088386e-05;1.6605225150357828e-05
1518089726.999343;1518089726;999342817;1;1;2.1572795602905837;1.1572393644585617;3.560535393473309e-06;1.710820713541646e-07;1.7108207135416313e-07;6.848559099124186e-06
1518089726.999343;1518089726;999342817;4;1;4.6150374282469215;3.028759203803623;1.3784988186838012e-05;-1.2494765800199625e-05;-1.249476580019963e-05;1.660073367970052e-05
1518089727.5035527;1518089727;503552674;1;1;2.157231994704168;1.1572075726746185;3.5313020073240826e-06;1.5154312384148059e-07;1.515431238414791e-07;6.835499699574828e-06
1518089727.5035527;1518089727;503552674;4;1;4.615543640863752;3.0286395190542175;1.3736666840018388e-05;-1.2483341098221143e-05;-1.2483341098221148e-05;1.6598032517090457e-05
1518089727.98788;1518089727;987879886;1;1;2.156346789561402;1.1562104872367782;3.5066652406535765e-06;1.2454823679641674e-07;1.245482367964153e-07;6.805800414148805e-06
1518089727.98788;1518089727;987879886;4;1;4.616848419047881;3.028513155217926;1.3701405722238786e-05;-1.2480205157884258e-05;-1.2480205157884265e-05;1.6597758983317964e-05
1518089728.5000033;1518089728;500003404;1;1;2.1564916047277167;1.1566562572929189;3.4849936397846426e-06;9.569617203223727e-08;9.569617203223584e-08;6.767167690938541e-06
1518089728.5000033;1518089728;500003404;4;1;4.619113626799537;3.0285694441882693;1.367046624515811e-05;-1.2479328048226667e-05;-1.2479328048226672e-05;1.659755688046686e-05
1518089729.0032053;1518089729;3205185;1;1;2.1559335935106296;1.1558226553762605;3.4653800023198057e-06;6.639574708975046e-08;6.639574708974905e-08;6.723396365841427e-06
1518089729.0032053;1518089729;3205185;4;1;4.619280480890791;3.028576037359066;1.3643223960696686e-05;-1.2480404515893756e-05;-1.248040451589376e-05;1.6597514344289694e-05
1518089729.4868088;1518089729;486808788;1;1;2.1569858913564164;1.1579449959296626;3.4507208257007477e-06;3.683019666818659e-08;3.683019666818519e-08;6.6637667021539315e-06
1518089729.4868088;1518089729;486808788;4;1;4.620553175847509;3.0288391931550462;1.3622608922622289e-05;-1.2484667098003464e-05;-1.2484667098003471e-05;1.6596632967977096e-05
1518089729.9915586;1518089729;991558609;1;1;2.1575905097458232;1.1594635440864458;3.439639881264568e-06;8.99950536968645e-09;8.999505369685074e-09;6.593867662174679e-06
1518089729.9915586;1518089729;991558609;4;1;4.621191486043184;3.0290688217732478;1.3606209847353581e-05;-1.249056657606171e-05;-1.2490566576061716e-05;1.659451066285992e-05
1518089730.4958851;1518089730;495885040;1;1;2.1581008606445495;1.1613318706186648;3.4333471269630653e-06;-1.403742833919993e-08;-1.4037428339201286e-08;6.509532522221585e-06
1518089730.4958851;1518089730;495885040;4;1;4.621672300395147;3.029368704129279;1.3594520135487014e-05;-1.2497857411540236e-05;-1.2497857411540241e-05;1.6589963392355593e-05
1518089730.9994993;1518089730;999499404;1;1;2.158154318967219;1.1619018854938281;3.4321198073519008e-06;-2.629137301784227e-08;-2.62913730178436e-08;6.409986300674181e-06
1518089730.9994993;1518089730;999499404;4;1;4.622189055863792;3.029989441752973;1.3588361985278608e-05;-1.2505829539971612e-05;-1.2505829539971617e-05;1.6580367842146107e-05
1518089731.5022504;1518089731;502250403;1;1;2.1581388528189063;1.1624312456161947;3.432033662698069e-06;-2.3342898480330117e-08;-2.3342898480331424e-08;6.309068812337325e-06
1518089731.5022504;1518089731;502250403;4;1;4.6223234090265395;3.0302776181440523;1.3585102630382955e-05;-1.2512820585897656e-05;-1.251282058589766e-05;1.6565372628459723e-05
1518089732.0043797;1518089732;4379714;1;1;2.157681871690512;1.167065426756997;3.4311078406715473e-06;-1.3954267947330477e-08;-1.3954267947331762e-08;6.213860034883257e-06
1518089732.0043797;1518089732;4379714;4;1;4.622491456183821;3.0307539287656584;1.358290926723714e-05;-1.2519037425148577e-05;-1.251903742514858e-05;1.654775170219153e-05
1518089732.4956229;1518089732;495622837;1;1;2.1574387142667653;1.168476975813802;3.428526701072382e-06;1.0294619776909543e-09;1.0294619776896837e-09;6.1268782371770836e-06
1518089732.4956229;1518089732;495622837;4;1;4.622631622097034;3.031260214520299;1.3581397500645583e-05;-1.2524497995925739e-05;-1.2524497995925742e-05;1.6528027868248557e-05
1518089732.9855044;1518089732;985504335;1;1;2.156680276022439;1.1707102063898873;3.420724848069891e-06;2.4002112428307545e-08;2.4002112428306288e-08;6.059234990302564e-06
1518089732.9855044;1518089732;985504335;4;1;4.622587250409925;3.03104328179456;1.358047245390067e-05;-1.25290205400273e-05;-1.2529020540027303e-05;1.6505917196260316e-05
1518089733.491825;1518089733;491825155;1;1;2.1554654946532725;1.1732795524902828;3.408941016368116e-06;4.892572650336559e-08;4.892572650336436e-08;6.006519833273558e-06
1518089733.491825;1518089733;491825155;4;1;4.62266809922455;3.0313732112307523;1.3579252533917043e-05;-1.253399881354017e-05;-1.2533998813540174e-05;1.648560175959107e-05
1518089733.9947739;1518089733;994773899;1;1;2.1548554528354362;1.1740099035332334;3.3904137359551983e-06;7.289869577599587e-08;7.289869577599463e-08;5.976742055887888e-06
1518089733.9947739;1518089733;994773899;4;1;4.622868117522053;3.032276423816696;1.3578234324377125e-05;-1.2538615276666864e-05;-1.2538615276666866e-05;1.6464644002305114e-05
1518089734.5001113;1518089734;500111412;1;1;2.1521091543584547;1.1760523829106406;3.365912296894518e-06;8.973184245206751e-08;8.973184245206628e-08;5.966477134426765e-06
1518089734.5001113;1518089734;500111412;4;1;4.622946911539053;3.0323153440267556;1.3574855767028124e-05;-1.2545791718894238e-05;-1.254579171889424e-05;1.645268874857887e-05
1518089735.0040176;1518089735;4017529;1;1;2.151254678350642;1.176498964511588;3.3406809077083736e-06;1.0291872432335591e-07;1.029187243233547e-07;5.959585169335013e-06
1518089735.0040176;1518089735;4017529;4;1;4.6233784673321345;3.033107458054092;1.3571207331625468e-05;-1.2552488366017518e-05;-1.2552488366017518e-05;1.6440397155678233e-05
1518089735.4875464;1518089735;487546395;1;1;2.149140472735159;1.1770537692908822;3.314328160280211e-06;1.1011003802167383e-07;1.1011003802167263e-07;5.956745202266928e-06
1518089735.4875464;1518089735;487546395;4;1;4.623785673704613;3.0336370922737794;1.3566114537344222e-05;-1.2559494997341147e-05;-1.2559494997341149e-05;1.6430972589126545e-05
1518089735.9902668;1518089735;990266777;1;1;2.1466773282934737;1.1762172858962106;3.287575505838746e-06;1.0102484154478225e-07;1.0102484154478106e-07;5.953659871231673e-06
1518089735.9902668;1518089735;990266777;4;1;4.6244593872081285;3.034025874333167;1.3555305688414097e-05;-1.2565732495216328e-05;-1.256573249521633e-05;1.6427373095786007e-05
1518089736.495221;1518089736;495221017;1;1;2.1462767306366777;1.1758223482837202;3.2661079056414213e-06;7.986055707134276e-08;7.986055707134159e-08;5.932794616934246e-06
1518089736.495221;1518089736;495221017;4;1;4.623523285317226;3.033943291012726;1.3534320088508165e-05;-1.256758385406788e-05;-1.2567583854067881e-05;1.642720976809404e-05
1518089736.998701;1518089736;998701203;1;1;2.1446858224891874;1.1733874484677649;3.250101227527798e-06;5.536218634239765e-08;5.536218634239648e-08;5.895299631146905e-06
1518089736.998701;1518089736;998701203;4;1;4.625003001162314;3.033771792452955;1.3504478008836525e-05;-1.256412516725226e-05;-1.2564125167252263e-05;1.642680890747641e-05
1518089737.4859374;1518089737;485937429;1;1;2.1447771543631826;1.1735893104941766;3.2362343194115696e-06;3.110075847133789e-08;3.1100758471336755e-08;5.852740340478028e-06
1518089737.4859374;1518089737;485937429;4;1;4.626865774323483;3.033458276929492;1.3471991584543401e-05;-1.2558761491311052e-05;-1.2558761491311053e-05;1.6425906327154453e-05
1518089737.9893277;1518089737;989327787;1;1;2.1435962861634716;1.1701418476352985;3.2289699722677736e-06;9.89300050278061e-09;9.893000502779485e-09;5.7908257610740115e-06
1518089737.9893277;1518089737;989327787;4;1;4.627550569906427;3.0332225999459586;1.342405884607722e-05;-1.254226511853123e-05;-1.2542265118531234e-05;1.6420228990044187e-05
1518089738.4935598;1518089738;493559732;1;1;2.1434195317760465;1.169416913058689;3.2248273091661043e-06;-7.097580412328932e-09;-7.097580412330042e-09;5.721141156570077e-06
1518089738.4935598;1518089738;493559732;4;1;4.6275150739457676;3.0332385337342846;1.3361862035187911e-05;-1.2514345580621806e-05;-1.2514345580621811e-05;1.640769618352356e-05
1518089738.998481;1518089738;998481085;1;1;2.143301970017497;1.1686556478416492;3.223571226238494e-06;-1.7829041039932707e-08;-1.7829041039933802e-08;5.64454229187272e-06
1518089738.998481;1518089738;998481085;4;1;4.627946105267788;3.0330125630140383;1.3290593287686718e-05;-1.2478631008470727e-05;-1.247863100847073e-05;1.638982891222905e-05
1518089739.5019376;1518089739;501937623;1;1;2.1432887441997432;1.1684110406629724;3.2233440114945095e-06;-2.2031303502216735e-08;-2.2031303502217813e-08;5.5668228204500184e-06
1518089739.5019376;1518089739;501937623;2;1;1.7873846954964479;1.7079957587452834;4.358202655896942e-06;3.0227370018362446e-07;3.0227370018362583e-07;4.044992347851188e-06
1518089739.5019376;1518089739;501937623;4;1;4.629474902817317;3.032151939947691;1.3205753586406818e-05;-1.2430871248595409e-05;-1.243087124859541e-05;1.6362942977590703e-05
1518089739.986022;1518089739;986021883;1;1;2.143286078696152;1.1682000518225484;3.2233318288801942e-06;-2.2995622468565942e-08;-2.2995622468567004e-08;5.490491825741982e-06
1518089739.986022;1518089739;986021883;4;1;4.632619779603116;3.0302981194980334;1.311483137543537e-05;-1.2377275045784525e-05;-1.2377275045784525e-05;1.63313494546764e-05
1518089740.4889853;1518089740;488985405;1;1;2.1431777007603596;1.1696545659037703;3.2229244876454104e-06;-1.752879421127571e-08;-1.752879421127676e-08;5.417122845038244e-06
1518089740.4889853;1518089740;488985405;4;1;4.630821272179325;3.0314322240619886;1.3012061264423912e-05;-1.2312470169032544e-05;-1.2312470169032546e-05;1.6290484732341216e-05
1518089740.9921072;1518089740;992107099;1;1;2.1432108539060484;1.169548597740194;3.221792866121015e-06;-9.414251846529318e-09;-9.414251846530357e-09;5.347679155413538e-06
1518089740.9921072;1518089740;992107099;2;1;1.7850143580886588;1.7073036456044701;4.235963952075524e-06;2.553113982999852e-07;2.553113982999866e-07;4.0206063457885865e-06
1518089740.9921072;1518089740;992107099;4;1;4.628634218033883;3.0329121090720617;1.2895939712306925e-05;-1.223460901929563e-05;-1.2234609019295632e-05;1.6238205087562265e-05
1518089741.4972892;1518089741;497289174;1;1;2.1430247853504616;1.1705024794601313;3.2193552999863828e-06;3.0819475764753066e-09;3.081947576474281e-09;5.283617303798164e-06
1518089741.4972892;1518089741;497289174;4;1;4.62909877233312;3.0325879565197735;1.276963348711555e-05;-1.2146476188896896e-05;-1.2146476188896898e-05;1.6176708547844423e-05
1518089742.0003633;1518089742;363316;1;1;2.143243248336244;1.1695165947428074;3.216369283222651e-06;1.6557311755407743e-08;1.655731175540673e-08;5.222805374688992e-06
1518089742.0003633;1518089742;363316;4;1;4.62847870081866;3.0330246082974432;1.264310791047693e-05;-1.2057377404850947e-05;-1.2057377404850947e-05;1.611396555524664e-05
1518089742.50352;1518089742;503520011;1;1;2.143060299789087;1.1701074908781917;3.211247498996037e-06;3.309990011047351e-08;3.309990011047251e-08;5.169375316455932e-06
1518089742.50352;1518089742;503520011;4;1;4.630236184700047;3.0317630777321187;1.2512771896058602e-05;-1.1963821573305285e-05;-1.1963821573305287e-05;1.604681071968364e-05
1518089742.986668;1518089742;986667998;1;1;2.1424075681812695;1.1717636055648657;3.204042324977014e-06;5.138091235200865e-08;5.138091235200766e-08;5.122992618731656e-06
1518089742.986668;1518089742;986667998;4;1;4.63305677608595;3.0297160913916295;1.2381488011954446e-05;-1.1868544987398276e-05;-1.1868544987398277e-05;1.597766569183777e-05
1518089743.4908679;1518089743;490867863;1;1;2.1418178739239875;1.172960916638274;3.1944492817797538e-06;7.062112304351473e-08;7.062112304351374e-08;5.084241451353877e-06
1518089743.4908679;1518089743;490867863;4;1;4.632799316491159;3.0299016776771865;1.2247833956223446e-05;-1.1770128938814423e-05;-1.1770128938814423e-05;1.590520057456875e-05
1518089744.0037813;1518089744;3781234;1;1;2.140981225014665;1.174263812358287;3.1820060422373398e-06;8.999871782941238e-08;8.99987178294114e-08;5.0540651312399274e-06
1518089744.0037813;1518089744;3781234;4;1;4.638655256774104;3.0255834720634147;1.2116882278271224e-05;-1.1673564383244583e-05;-1.1673564383244583e-05;1.5833993290032828e-05
1518089744.4874852;1518089744;487485162;1;1;2.1404447645883202;1.174959000761827;3.1676254400557758e-06;1.0863425436033195e-07;1.0863425436033097e-07;5.0299157098589185e-06
1518089744.4874852;1518089744;487485162;4;1;4.640848304745991;3.0239574906294173;1.1987039461036385e-05;-1.157729562265743e-05;-1.157729562265743e-05;1.5762617187277565e-05
1518089744.9902008;1518089744;990200664;1;1;2.138982775224503;1.1765466679062864;3.1518179876030156e-06;1.2616055115650514e-07;1.2616055115650416e-07;5.010344511087502e-06
1518089744.9902008;1518089744;990200664;4;1;4.639523625174183;3.024935722445366;1.1864026557095646e-05;-1.1487042104185939e-05;-1.1487042104185939e-05;1.5696401905470682e-05
1518089745.4931548;1518089745;493154652;1;1;2.138316873169538;1.1771476156828942;3.1342367667746965e-06;1.4202684183402335e-07;1.4202684183402237e-07;4.996025870628928e-06
1518089745.4931548;1518089745;493154652;4;1;4.64189877968481;3.0231869407216423;1.1742678834273172e-05;-1.1397696051565823e-05;-1.1397696051565823e-05;1.5630618082477358e-05
1518089745.9988635;1518089745;998863472;1;1;2.1373172285506867;1.1778657311720246;3.1151217322781704e-06;1.5575852416228037e-07;1.557585241622794e-07;4.98616143122138e-06
1518089745.9988635;1518089745;998863472;4;1;4.644321933841985;3.021413214775755;1.1626037128074929e-05;-1.1312315424813751e-05;-1.131231542481375e-05;1.5568120270483877e-05
1518089746.5020485;1518089746;502048584;1;1;2.1370288502284174;1.1780297773735557;3.094883300743125e-06;1.6727130983958872e-07;1.6727130983958774e-07;4.979612295542455e-06
1518089746.5020485;1518089746;502048584;4;1;4.647775514152852;3.0189094138196233;1.151495724667795e-05;-1.1231783950745069e-05;-1.1231783950745067e-05;1.5509735995724906e-05
1518089746.9847548;1518089746;984754720;1;1;2.1351046234058315;1.1788712622378603;3.0738013900668587e-06;1.764906537009639e-07;1.764906537009629e-07;4.975580578373197e-06
1518089746.9847548;1518089746;984754720;4;1;4.649610778359882;3.017591919800043;1.1409095356217785e-05;-1.1155788131152193e-05;-1.1155788131152193e-05;1.545518034240634e-05
1518089747.4908266;1518089747;490826668;1;1;2.133942079432938;1.1792208919814522;3.0520616555432568e-06;1.8324602461725205e-07;1.832460246172511e-07;4.973486662696351e-06
1518089747.4908266;1518089747;490826668;2;1;1.8014352470868582;1.7007583020732988;3.8672057382007556e-06;2.3145591162505473e-07;2.3145591162505595e-07;3.865334089458094e-06
1518089747.4908266;1518089747;490826668;3;1;4.2158759944910935;0.8813333020387931;2.699468778360447e-06;1.8641890308987728e-06;1.8641890308987721e-06;1.0401336266285742e-05
1518089747.4908266;1518089747;490826668;4;1;4.652711986073495;3.0154174221957866;1.1312114997584012e-05;-1.1087976684507178e-05;-1.1087976684507176e-05;1.5407773202342823e-05
1518089748.0025666;1518089748;2566476;1;1;2.1321579946014;1.1796157326768577;3.0300678659709117e-06;1.8811353036352447e-07;1.8811353036352354e-07;4.972409421681924e-06
1518089748.0025666;1518089748;2566476;4;1;4.651817630198302;3.0160368611107033;1.1219277224545392e-05;-1.1023676408756264e-05;-1.1023676408756264e-05;1.5363238253621857e-05
1518089748.4865522;1518089748;486552264;1;1;2.130726469531476;1.1797669067072776;3.007802409712131e-06;1.9045814126691555e-07;1.9045814126691465e-07;4.972162590787271e-06
1518089748.4865522;1518089748;486552264;4;1;4.650441340350142;3.016965401751568;1.1133653684437315e-05;-1.0965912655393226e-05;-1.0965912655393224e-05;1.5324269097415027e-05
1518089748.989418;1518089748;989418034;1;1;2.130979470872391;1.1797615854481884;2.9855557829380663e-06;1.9092604418196592e-07;1.9092604418196502e-07;4.972152749603701e-06
1518089748.989418;1518089748;989418034;4;1;4.649598732636559;3.0175249699120665;1.1052507302587481e-05;-1.0912024077243666e-05;-1.0912024077243662e-05;1.5288482180133176e-05
1518089749.484732;1518089749;484731846;1;1;2.1298972550163113;1.1796387924271432;2.963291780369177e-06;1.8775288525363913e-07;1.8775288525363828e-07;4.971872948291793e-06
1518089749.484732;1518089749;484731846;4;1;4.651888179038176;3.0160685738629467;1.0982832349424603e-05;-1.086874097422589e-05;-1.086874097422589e-05;1.5261645427187033e-05
1518089749.9877346;1518089749;987734632;1;1;2.128526759730388;1.1793532381095149;2.941427767648469e-06;1.8319733274849457e-07;1.8319733274849375e-07;4.970923760286268e-06
1518089749.9877346;1518089749;987734632;4;1;4.652006883037297;3.01599619420955;1.0916796957783141e-05;-1.0828475955403259e-05;-1.0828475955403259e-05;1.5237093869295326e-05
1518089750.4908836;1518089750;490883689;1;1;2.1284624936783283;1.1793444056766191;2.9200019457960998e-06;1.7686531231518039e-07;1.768653123151796e-07;4.969054971999838e-06
1518089750.4908836;1518089750;490883689;4;1;4.651165343322389;3.016498330864435;1.0854721858831605e-05;-1.0791570596732575e-05;-1.0791570596732575e-05;1.5215147133593418e-05
1518089750.994607;1518089750;994607042;1;1;2.127517883727658;1.1789598850662266;2.8991678771685464e-06;1.6850800567765347e-07;1.6850800567765268e-07;4.965747253729898e-06
1518089750.994607;1518089750;994607042;4;1;4.652370773189364;3.0158174334435794;1.0801847744294189e-05;-1.0762858567181632e-05;-1.076285856718163e-05;1.5199597301803881e-05
1518089751.4977052;1518089751;497705227;1;1;2.1267608796678914;1.178606645160334;2.8789139777656753e-06;1.5905695263939802e-07;1.5905695263939722e-07;4.961337120068463e-06
1518089751.4977052;1518089751;497705227;4;1;4.652506545901649;3.0157456668907727;1.0751827564263845e-05;-1.0736418969480847e-05;-1.0736418969480845e-05;1.5185621895754657e-05
1518089752.0005205;1518089752;520445;1;1;2.1258537822553882;1.1780521725715936;2.8598321861469668e-06;1.465473604046661e-07;1.4654736040466528e-07;4.953499957091105e-06
1518089752.0005205;1518089752;520445;4;1;4.650693130620956;3.0166294413863595;1.0712908458381272e-05;-1.0719586454454413e-05;-1.0719586454454411e-05;1.5178529289979874e-05
1518089752.487356;1518089752;487355835;1;1;2.1267895505310035;1.1786961354312535;2.840678513896381e-06;1.3585690453884035e-07;1.3585690453883955e-07;4.947349258786562e-06
1518089752.487356;1518089752;487355835;2;1;1.812733196774222;1.707257284984987;3.590045881449666e-06;7.228314635289097e-08;7.228314635289203e-08;3.7679412354297453e-06
1518089752.487356;1518089752;487355835;4;1;4.649541676245418;3.0171687701830012;1.0668272484807765e-05;-1.0697402380398869e-05;-1.0697402380398867e-05;1.5167423378973353e-05
1518089752.990255;1518089752;990255219;1;1;2.1257343861439293;1.177871878911608;2.8235651571419382e-06;1.2055707148503571e-07;1.205570714850349e-07;4.934806927459988e-06
1518089752.990255;1518089752;990255219;4;1;4.649985996737154;3.016955768532763;1.0642166760387218e-05;-1.0691034764347122e-05;-1.0691034764347117e-05;1.5166960102670913e-05
1518089753.4946194;1518089753;494619267;1;1;2.1262861168197396;1.1784212173240798;2.805038845961013e-06;1.1012944142179484e-07;1.1012944142179404e-07;4.928699496345941e-06
1518089753.4946194;1518089753;494619267;4;1;4.6508543430441724;3.0166370311620336;1.0597509449976849e-05;-1.06684434104905e-05;-1.0668443410490496e-05;1.5155527833333993e-05
1518089753.9982815;1518089753;998281493;1;1;2.125069302853835;1.177415416472449;2.788308093805516e-06;9.630004330676313e-08;9.630004330676233e-08;4.917268315580932e-06
1518089753.9982815;1518089753;998281493;2;1;1.813798621276135;1.7081618564817846;3.5328054347780615e-06;2.1812048192967012e-08;2.1812048192968044e-08;3.723369137827912e-06
1518089753.9982815;1518089753;998281493;4;1;4.650937192639327;3.0166084040649572;1.0567379582910147e-05;-1.06580326097157e-05;-1.0658032609715697e-05;1.5151930579734015e-05
1518089754.5009608;1518089754;500960849;1;1;2.124382962212219;1.1768378823001695;2.77194477843866e-06;8.253082548237123e-08;8.253082548237044e-08;4.9056819496614946e-06
1518089754.5009608;1518089754;500960849;4;1;4.651858175772943;3.016297954861052;1.0538137221496655e-05;-1.0648175460882269e-05;-1.0648175460882266e-05;1.5148607886954506e-05
1518089754.9847062;1518089754;984706162;1;1;2.124925114738789;1.1773338769396793;2.7563376123583735e-06;6.825242533779192e-08;6.825242533779114e-08;4.892619186720422e-06
1518089754.9847062;1518089754;984706162;4;1;4.6500980448879465;3.0167979159370044;1.0512265516176447e-05;-1.0640826663279274e-05;-1.0640826663279272e-05;1.5146520478121521e-05
1518089755.4878106;1518089755;487810635;1;1;2.1248323114824745;1.177272598501587;2.74189488250805e-06;5.302860108943616e-08;5.302860108943536e-08;4.876749320752891e-06
1518089755.4878106;1518089755;487810635;4;1;4.649404808266663;3.0169681343046904;1.0492069654600959e-05;-1.0637669969106956e-05;-1.0637669969106954e-05;1.5146229212383512e-05
1518089755.9901364;1518089755;990136435;1;1;2.124502106456616;1.1768485791098078;2.7272811515255975e-06;3.8695322297709535e-08;3.869532229770877e-08;4.862498448477049e-06
1518089755.9901364;1518089755;990136435;4;1;4.650128538822003;3.0167942537868;1.0469640062744237e-05;-1.06325604868489e-05;-1.06325604868489e-05;1.5144843858142301e-05
1518089756.49484;1518089756;494839863;1;1;2.1240189353209167;1.1763290240097821;2.7134019093957577e-06;2.3997671584428684e-08;2.399767158442794e-08;4.846850974073186e-06
1518089756.49484;1518089756;494839863;4;1;4.650163424658106;3.016784735248818;1.0450014121679762e-05;-1.0629429187462304e-05;-1.0629429187462306e-05;1.5144231913978902e-05
1518089756.9977965;1518089756;997796512;1;1;2.1225620955417055;1.1745644371627502;2.7007389000594836e-06;8.65969136347812e-09;8.659691363477386e-09;4.828272954345728e-06
1518089756.9977965;1518089756;997796512;4;1;4.6494896136282;3.0167697579740502;1.0435633063848631e-05;-1.0629748845415396e-05;-1.0629748845415398e-05;1.5144224808715286e-05
1518089757.500776;1518089757;500776114;1;1;2.1221144888981716;1.1739889382644546;2.6887659989566133e-06;-6.734162802098177e-09;-6.7341628020989045e-09;4.80848069647648e-06
1518089757.500776;1518089757;500776114;4;1;4.649232500430706;3.016737203409656;1.0423460418537348e-05;-1.0631290093276254e-05;-1.0631290093276256e-05;1.5144029662557007e-05
1518089758.0045714;1518089758;4571504;1;1;2.122536529927974;1.1745901021291076;2.677845481053483e-06;-2.2289571596670785e-08;-2.2289571596671507e-08;4.78632325441076e-06
1518089758.0045714;1518089758;4571504;4;1;4.649416332094388;3.0168025322977163;1.0414587808601461e-05;-1.0634443183063382e-05;-1.0634443183063385e-05;1.5142909138238059e-05
1518089758.4876058;1518089758;487605816;1;1;2.122091816495271;1.1738921814628902;2.6671054771269903e-06;-3.755737444298471e-08;-3.7557374442985424e-08;4.764569984088795e-06
1518089758.4876058;1518089758;487605816;4;1;4.649421022418454;3.0167498315965093;1.0405622983252946e-05;-1.0637447229900355e-05;-1.0637447229900355e-05;1.5141779034432239e-05
1518089758.9908772;1518089758;990877121;1;1;2.1213746573942793;1.1727663081529622;2.657374601725936e-06;-5.283394679788681e-08;-5.2833946797887524e-08;4.7405871815868456e-06
1518089758.9908772;1518089758;990877121;4;1;4.650481559334056;3.0174439380833644;1.0399435953980213e-05;-1.0641496553492386e-05;-1.0641496553492386e-05;1.5139128809125364e-05
1518089759.4942775;1518089759;494277385;1;1;2.1212586063473045;1.1725739207638768;2.648273040148687e-06;-6.792235585658994e-08;-6.792235585659064e-08;4.715573881837072e-06
1518089759.4942775;1518089759;494277385;4;1;4.650216515040205;3.017214666413832;1.0394467262750279e-05;-1.0645794628041074e-05;-1.0645794628041074e-05;1.5135410839146713e-05
1518089759.99755;1518089759;997549995;1;1;2.122095585315869;1.1739659283164265;2.639357724247838e-06;-8.274971416958683e-08;-8.274971416958752e-08;4.690914009210341e-06
1518089759.99755;1518089759;997549995;2;1;1.8083346786375067;1.7001090642685217;3.38659557828773e-06;-1.5306154745142478e-07;-1.5306154745142388e-07;3.505996658892948e-06
1518089759.99755;1518089759;997549995;3;1;4.224768312343276;0.8931857750615606;2.2670942805993794e-06;1.3885868835649827e-06;1.3885868835649823e-06;9.78601320926169e-06
1518089759.99755;1518089759;997549995;4;1;4.650268849862786;3.0172601969566397;1.0389567550242241e-05;-1.0650057307440478e-05;-1.0650057307440477e-05;1.5131702369388071e-05
1518089760.5026212;1518089760;502621106;1;1;2.1210987657168388;1.1722940072660477;2.630284463780814e-06;-9.728092712207445e-08;-9.728092712207515e-08;4.667658321696766e-06
1518089760.5026212;1518089760;502621106;4;1;4.6507170056379685;3.017625632954346;1.0383927713537618e-05;-1.0654116684415304e-05;-1.0654116684415304e-05;1.5128839745002032e-05
1518089760.985717;1518089760;985717039;1;1;2.121797491004411;1.173438169942227;2.621548177749647e-06;-1.1158659572041904e-07;-1.1158659572041972e-07;4.644232789002947e-06
1518089760.985717;1518089760;985717039;4;1;4.651027952965373;3.0178757809779926;1.037880543768777e-05;-1.0658237405410426e-05;-1.0658237405410426e-05;1.5125524745572598e-05
1518089761.4884868;1518089761;488486802;1;1;2.1211375467561577;1.1723673914235768;2.612887149461394e-06;-1.2563936315498813e-07;-1.2563936315498882e-07;4.621431769770862e-06
1518089761.4884868;1518089761;488486802;4;1;4.651582733843458;3.0183038402953253;1.0373563180763279e-05;-1.066228224006321e-05;-1.066228224006321e-05;1.512240382120662e-05
1518089761.9933379;1518089761;993337953;1;1;2.121010726899741;1.172169764495323;2.604055135714718e-06;-1.3940253712760224e-07;-1.3940253712760293e-07;4.599984230938424e-06
1518089761.9933379;1518089761;993337953;4;1;4.65220770306562;3.01869725243461;1.0367552609216476e-05;-1.0666065837281606e-05;-1.0666065837281604e-05;1.5120022082997602e-05
1518089762.497106;1518089762;497106166;1;1;2.120032655573422;1.1706382957454338;2.5954057738587303e-06;-1.5294574919453836e-07;-1.5294574919453905e-07;4.578778204858821e-06
1518089762.497106;1518089762;497106166;4;1;4.652111542582538;3.018635568345222;1.0361671670578325e-05;-1.0669838284476273e-05;-1.0669838284476269e-05;1.5117602170342127e-05
1518089763.000047;1518089763;46879;1;1;2.1201407784605864;1.170809151839091;2.586967820677258e-06;-1.662794267983939e-07;-1.6627942679839455e-07;4.557708289605685e-06
1518089763.000047;1518089763;46879;4;1;4.651437631087041;3.0181818078620797;1.0356035251249005e-05;-1.0673633418370202e-05;-1.0673633418370199e-05;1.5115046817301246e-05
1518089763.5031905;1518089763;503190429;1;1;2.1199890186868435;1.1705703258359756;2.5786364122478792e-06;-1.7939065467146981e-07;-1.7939065467147048e-07;4.537075007994674e-06
1518089763.5031905;1518089763;503190429;4;1;4.651053919935726;3.0179299319613127;1.0350349802664012e-05;-1.0677365463891166e-05;-1.0677365463891163e-05;1.5112597025774274e-05
1518089763.9873774;1518089763;987377346;1;1;2.119968526806095;1.1705403259515579;2.570233410294421e-06;-1.9225428664549543e-07;-1.922542866454961e-07;4.5173940864887694e-06
1518089763.9873774;1518089763;987377346;4;1;4.65111591033524;3.0180105512412347;1.0344157937587772e-05;-1.0680895823429584e-05;-1.0680895823429582e-05;1.5110617858285066e-05
1518089764.4918053;1518089764;491805326;1;1;2.120144418478531;1.1708211808689342;2.5622734224011615e-06;-2.0496439230947378e-07;-2.0496439230947447e-07;4.4970992332608774e-06
1518089764.4918053;1518089764;491805326;4;1;4.651313150970792;3.0181498989441655;1.0338855628410244e-05;-1.0684641829429046e-05;-1.0684641829429044e-05;1.510797135833982e-05
1518089764.994768;1518089764;994767797;1;1;2.1203731989052534;1.1711669943808425;2.5539988231172007e-06;-2.1740018097492996e-07;-2.174001809749306e-07;4.478444975663574e-06
1518089764.994768;1518089764;994767797;2;1;1.804973362009661;1.6949099572836004;3.3127449868574214e-06;-2.6885636262092473e-07;-2.6885636262092383e-07;3.3243712964699194e-06
1518089764.994768;1518089764;994767797;3;1;4.232076882510594;0.9054633529363355;2.1146334236987372e-06;1.1334894997165051e-06;1.1334894997165053e-06;9.359165303171404e-06
1518089764.994768;1518089764;994767797;4;1;4.6511721169889855;3.0180483372687243;1.0332353281397761e-05;-1.068798187390902e-05;-1.0687981873909021e-05;1.5106362851252948e-05
1518089765.497579;1518089765;497579121;1;1;2.11995820047884;1.170524517578796;2.546069117486762e-06;-2.2967649719773026e-07;-2.2967649719773092e-07;4.4594394857972545e-06
1518089765.497579;1518089765;497579121;4;1;4.650996206714205;3.0179437177916975;1.0326493708385346e-05;-1.0691466749735207e-05;-1.0691466749735209e-05;1.510429028393478e-05
1518089766.0001671;1518089766;167244;1;1;2.119281308678079;1.1694864961642193;2.538196465029363e-06;-2.417493009030083e-07;-2.4174930090300897e-07;4.440925701517447e-06
1518089766.0001671;1518089766;167244;4;1;4.650881019186993;3.017878675367009;1.0320491529167307e-05;-1.069485597337084e-05;-1.0694855973370842e-05;1.5102376506215879e-05
1518089766.5032153;1518089766;503215390;1;1;2.1184915453041193;1.1682537746115382;2.5305702622225137e-06;-2.536587501814564e-07;-2.53658750181457e-07;4.422330257869919e-06
1518089766.5032153;1518089766;503215390;4;1;4.650409299670172;3.0175947860296373;1.0314905439903251e-05;-1.0698337615523864e-05;-1.0698337615523869e-05;1.5100216074052759e-05
1518089766.989957;1518089766;989956986;1;1;2.117798073039003;1.1671748791145642;2.523036082789742e-06;-2.6538033253204405e-07;-2.6538033253204463e-07;4.40409396630989e-06
1518089766.989957;1518089766;989956986;2;1;1.8033653256038686;1.6923833528931003;3.2861948037439087e-06;-3.103893387286855e-07;-3.103893387286846e-07;3.259397463225866e-06
1518089766.989957;1518089766;989956986;4;1;4.650783538133003;3.0178224629088786;1.0309281574963147e-05;-1.0701759027660799e-05;-1.0701759027660804e-05;1.5098134576517622e-05
1518089767.493581;1518089767;493581062;1;1;2.1173246606579164;1.16645470421302;2.5154964538654975e-06;-2.7690324241871666e-07;-2.769032424187173e-07;4.386486176162953e-06
1518089767.493581;1518089767;493581062;4;1;4.650830073554598;3.0178383038336105;1.0303356510329688e-05;-1.0705035961976764e-05;-1.0705035961976769e-05;1.5096331019008845e-05
1518089767.9965522;1518089767;996552147;1;1;2.116940941241303;1.1658640794967312;2.508117916954237e-06;-2.8826035931496777e-07;-2.882603593149684e-07;4.369005189654872e-06
1518089767.9965522;1518089767;996552147;4;1;4.65089003003051;3.017872790591721;1.029762674057655e-05;-1.0708331705772553e-05;-1.0708331705772558e-05;1.5094435318546967e-05
1518089768.5004144;1518089768;500414256;1;1;2.1169485496688796;1.1658767732795556;2.500765878510036e-06;-2.994326625816082e-07;-2.994326625816088e-07;4.3520281048319425e-06
1518089768.5004144;1518089768;500414256;4;1;4.6516366049145885;3.018278480519175;1.0291710411309905e-05;-1.0711517776913607e-05;-1.0711517776913612e-05;1.509272135780392e-05
1518089769.0037816;1518089769;3781515;1;1;2.1164669909090925;1.1651475461027354;2.4935001998847042e-06;-3.104351211683411e-07;-3.1043512116834177e-07;4.3353670190345724e-06
1518089769.0037816;1518089769;3781515;4;1;4.6513010743724355;3.0181017245866935;1.028576767407723e-05;-1.0714648383308825e-05;-1.071464838330883e-05;1.5091072168883384e-05
1518089769.4957967;1518089769;495796612;1;1;2.116791929353611;1.1656366246774261;2.4863025619969016e-06;-3.212685899027708e-07;-3.212685899027715e-07;4.319061107755158e-06
1518089769.4957967;1518089769;495796612;4;1;4.651080271506576;3.017988618300719;1.027977802620116e-05;-1.0717716580919935e-05;-1.0717716580919938e-05;1.5089500484407836e-05
1518089769.9988863;1518089769;998886438;1;1;2.1165253835642637;1.1652328711918565;2.479419309359074e-06;-3.319817328458054e-07;-3.3198173284580604e-07;4.302395905080747e-06
1518089769.9988863;1518089769;998886438;4;1;4.651159432625452;3.0180245085932205;1.027441675489192e-05;-1.0720965669338962e-05;-1.0720965669338966e-05;1.5087555225620429e-05
1518089770.5020635;1518089770;502063410;1;1;2.1169952287294205;1.165943858861584;2.4723553022012085e-06;-3.424902303586612e-07;-3.4249023035866184e-07;4.286771609329542e-06
1518089770.5020635;1518089770;502063410;4;1;4.651364171180776;3.0181311245017017;1.026830485871287e-05;-1.072390411224114e-05;-1.0723904112241146e-05;1.5086164554394085e-05
1518089770.9853928;1518089770;985392904;1;1;2.1173891455497884;1.1665343067650695;2.465440185272744e-06;-3.528554041254337e-07;-3.5285540412543436e-07;4.27123509298039e-06
1518089770.9853928;1518089770;985392904;4;1;4.651847177038691;3.0183720442259907;1.0262375720559798e-05;-1.0726861522189075e-05;-1.072686152218908e-05;1.5084689420340139e-05
1518089771.4914358;1518089771;491435837;1;1;2.1180519232632418;1.1675375698516015;2.4586831332058523e-06;-3.630837216667161e-07;-3.630837216667167e-07;4.255752234673302e-06
1518089771.4914358;1518089771;491435837;4;1;4.652148789985618;3.018530412829205;1.0256668858422488e-05;-1.0729858037407118e-05;-1.0729858037407124e-05;1.5083116033207959e-05
1518089771.9942834;1518089771;994283327;1;1;2.1184566966584972;1.1681311224933124;2.4518722670428176e-06;-3.731403168103111e-07;-3.7314031681031174e-07;4.240907641969702e-06
1518089771.9942834;1518089771;994283327;4;1;4.652672301061253;3.018775681731803;1.025056844657218e-05;-1.0732665126390913e-05;-1.073266512639092e-05;1.5081836174416242e-05
